# Blender 4.0.2
# www.blender.org
mtllib loco.mtl
o Cube
v 1.485319 -1.145875 -0.415333
v 1.485319 -1.145875 0.415333
v -3.576213 0.400613 -1.000000
v -1.485319 -1.145875 -0.415333
v -3.576213 0.400613 1.000000
v -1.485319 -1.145875 0.415333
v -3.576213 -0.400613 -1.000000
v -3.576213 -0.400613 1.000000
v -1.663369 -0.400613 -0.465120
v -1.663369 -0.400613 0.465120
v 1.663369 -0.400613 -0.465120
v 1.663369 -0.400613 0.465120
v 3.089593 0.400613 -0.599042
v 2.142302 0.400613 -1.000000
v 2.142302 0.400613 1.000000
v 3.089593 0.400613 0.599042
v 2.142302 -0.400613 -1.000000
v 3.089593 -0.400613 -0.599042
v 2.562285 -0.400613 -0.716480
v 3.089593 -0.400613 0.599042
v 2.142302 -0.400613 1.000000
v 2.562285 -0.400613 0.716480
v -1.663369 -0.400613 0.465120
v 1.663369 -0.400613 0.465120
v -1.485319 -1.145875 0.415333
v 1.485319 -1.145875 0.415333
vn -0.0000 -0.0000 1.0000
vn -0.0000 -1.0000 -0.0000
vn -1.0000 -0.0000 -0.0000
vn -0.0000 1.0000 -0.0000
vn 1.0000 -0.0000 -0.0000
vn -0.9726 -0.2324 -0.0000
vn -0.0000 -0.0667 -0.9978
vn -0.0000 -0.0667 0.9978
vn 0.9726 -0.2324 -0.0000
vn 0.3898 -0.0000 -0.9209
vn 0.3898 -0.0000 0.9209
vn -0.0000 -0.0000 -1.0000
vt 0.625000 0.800120
vt 0.375000 1.000000
vt 0.375000 0.800120
vt 0.191860 0.566860
vt 0.324880 0.500000
vt 0.339560 0.535440
vt 0.625000 0.000000
vt 0.375000 0.250000
vt 0.375000 0.000000
vt 0.301917 0.573083
vt 0.198083 0.676917
vt 0.198083 0.573083
vt 0.675120 0.500000
vt 0.875000 0.750000
vt 0.625000 0.699880
vt 0.625000 0.550120
vt 0.375000 0.699880
vt 0.375000 0.550120
vt 0.191860 0.683140
vt 0.125000 0.500000
vt 0.308140 0.566860
vt 0.339560 0.714560
vt 0.308140 0.683140
vt 0.324880 0.750000
vt 0.125000 0.750000
vt 0.301917 0.676917
vt 0.349940 0.525060
vt 0.349940 0.724940
vt 0.339560 0.714560
vt 0.625000 0.449880
vt 0.625000 0.250000
vt 0.375000 0.449880
vt 0.625000 1.000000
vt 0.875000 0.500000
vt 0.675120 0.750000
vt 0.339560 0.535440
s 0
usemtl Material
f 15/1/1 8/2/1 21/3/1
f 9/4/2 17/5/2 19/6/2
f 5/7/3 7/8/3 8/9/3
f 1/10/2 25/11/2 4/12/2
f 14/13/4 5/14/4 16/15/4
f 13/16/5 20/17/5 18/18/5
f 23/19/2 7/20/2 9/4/2
f 11/21/2 18/18/2 22/22/2
f 24/23/2 21/24/2 8/25/2
f 25/11/6 9/4/6 4/12/6
f 4/12/7 11/21/7 1/10/7
f 2/26/8 10/19/8 6/11/8
f 1/10/9 24/23/9 26/26/9
f 17/5/2 18/27/2 19/6/2
f 20/28/2 21/24/2 22/29/2
f 18/18/10 14/30/10 13/16/10
f 21/3/11 16/15/11 15/1/11
f 3/31/12 17/32/12 7/8/12
f 10/19/4 24/23/4 23/19/4
f 2/26/4 25/11/4 26/26/4
f 6/11/4 23/19/4 25/11/4
f 12/23/4 26/26/4 24/23/4
f 15/1/1 5/33/1 8/2/1
f 19/6/2 11/21/2 9/4/2
f 9/4/2 7/20/2 17/5/2
f 5/7/3 3/31/3 7/8/3
f 1/10/2 26/26/2 25/11/2
f 16/15/4 13/16/4 14/13/4
f 14/13/4 3/34/4 5/14/4
f 5/14/4 15/35/4 16/15/4
f 13/16/5 16/15/5 20/17/5
f 23/19/2 8/25/2 7/20/2
f 22/22/2 24/23/2 11/21/2
f 11/21/2 19/36/2 18/18/2
f 18/18/2 20/17/2 22/22/2
f 8/25/2 23/19/2 24/23/2
f 24/23/2 22/29/2 21/24/2
f 25/11/6 23/19/6 9/4/6
f 4/12/7 9/4/7 11/21/7
f 2/26/8 12/23/8 10/19/8
f 1/10/9 11/21/9 24/23/9
f 18/18/10 17/32/10 14/30/10
f 21/3/11 20/17/11 16/15/11
f 3/31/12 14/30/12 17/32/12
f 10/19/4 12/23/4 24/23/4
f 2/26/4 6/11/4 25/11/4
f 6/11/4 10/19/4 23/19/4
f 12/23/4 2/26/4 26/26/4
o Cube.001
v -3.514897 0.400613 1.000000
v -3.576213 0.400613 0.938684
v -3.538362 0.400613 0.995333
v -3.558254 0.400613 0.982041
v -3.571546 0.400613 0.962149
v -3.576213 2.400613 0.938684
v -3.514897 2.400613 1.000000
v -3.571546 2.400613 0.962149
v -3.558254 2.400613 0.982041
v -3.538362 2.400613 0.995333
v -3.576213 0.400613 -0.938684
v -3.514897 0.400613 -1.000000
v -3.571546 0.400613 -0.962149
v -3.558254 0.400613 -0.982041
v -3.538362 0.400613 -0.995333
v -3.514897 2.400613 -1.000000
v -3.576213 2.400613 -0.938684
v -3.538362 2.400613 -0.995333
v -3.558254 2.400613 -0.982041
v -3.571546 2.400613 -0.962149
v -1.576213 0.400613 0.938684
v -1.637529 0.400613 1.000000
v -1.580880 0.400613 0.962149
v -1.594172 0.400613 0.982041
v -1.614064 0.400613 0.995333
v -1.637529 2.400613 1.000000
v -1.576213 2.400613 0.938684
v -1.614064 2.400613 0.995333
v -1.594172 2.400613 0.982041
v -1.580880 2.400613 0.962149
v -1.637529 0.400613 -1.000000
v -1.576213 0.400613 -0.938684
v -1.614064 0.400613 -0.995333
v -1.594172 0.400613 -0.982041
v -1.580880 0.400613 -0.962149
v -1.576213 2.400613 -0.938684
v -1.637529 2.400613 -1.000000
v -1.580880 2.400613 -0.962149
v -1.594172 2.400613 -0.982041
v -1.614064 2.400613 -0.995333
vn 0.0980 -0.0000 0.9952
vn -0.0980 -0.0000 0.9952
vn 0.9952 -0.0000 -0.0980
vn 0.9952 -0.0000 0.0980
vn -0.0000 1.0000 -0.0000
vn -0.9952 -0.0000 0.0980
vn -0.9952 -0.0000 -0.0980
vn -0.0980 -0.0000 -0.9952
vn 0.0980 -0.0000 -0.9952
vn -0.3827 -0.0000 0.9239
vn -0.7071 -0.0000 0.7071
vn -0.9239 -0.0000 0.3827
vn -0.3827 -0.0000 -0.9239
vn -0.7071 -0.0000 -0.7071
vn -0.9239 -0.0000 -0.3827
vn 0.9239 -0.0000 -0.3827
vn 0.7071 -0.0000 -0.7071
vn 0.3827 -0.0000 -0.9239
vn 0.3827 -0.0000 0.9239
vn 0.7071 -0.0000 0.7071
vn 0.9239 -0.0000 0.3827
vn -0.0000 -1.0000 -0.0000
vt 0.625000 0.757664
vt 0.375000 0.992336
vt 0.375000 0.757664
vt 0.625000 0.507664
vt 0.375000 0.742335
vt 0.375000 0.507664
vt 0.872755 0.502245
vt 0.632665 0.750000
vt 0.625000 0.742335
vt 0.625000 0.007664
vt 0.375000 0.242336
vt 0.375000 0.007664
vt 0.625000 0.257664
vt 0.375000 0.492336
vt 0.375000 0.257664
vt 0.625000 0.992336
vt 0.375000 0.995269
vt 0.625000 0.995269
vt 0.375000 1.000000
vt 0.625000 0.000000
vt 0.375000 0.004731
vt 0.375000 0.000000
vt 0.625000 0.004731
vt 0.625000 0.254731
vt 0.375000 0.254731
vt 0.625000 0.250000
vt 0.375000 0.250000
vt 0.625000 0.245269
vt 0.375000 0.245269
vt 0.625000 0.242336
vt 0.625000 0.504731
vt 0.375000 0.504731
vt 0.625000 0.500000
vt 0.375000 0.500000
vt 0.625000 0.495269
vt 0.375000 0.495269
vt 0.625000 0.492336
vt 0.625000 0.754731
vt 0.375000 0.754731
vt 0.625000 0.750000
vt 0.375000 0.750000
vt 0.625000 0.745269
vt 0.375000 0.745269
vt 0.372755 0.502245
vt 0.132664 0.750000
vt 0.125000 0.742335
vt 0.625583 0.504731
vt 0.627245 0.502245
vt 0.629732 0.500583
vt 0.632665 0.500000
vt 0.867335 0.500000
vt 0.870269 0.500583
vt 0.874417 0.504731
vt 0.875000 0.507664
vt 0.875000 0.742335
vt 0.874417 0.745269
vt 0.872755 0.747755
vt 0.870269 0.749417
vt 0.867335 0.750000
vt 0.629731 0.749417
vt 0.627245 0.747755
vt 0.625583 0.745269
vt 0.625000 1.000000
vt 0.125000 0.507664
vt 0.125583 0.504731
vt 0.127245 0.502245
vt 0.129731 0.500583
vt 0.132664 0.500000
vt 0.367335 0.500000
vt 0.370269 0.500583
vt 0.374417 0.504731
vt 0.374417 0.745269
vt 0.372755 0.747755
vt 0.370269 0.749417
vt 0.367335 0.750000
vt 0.129731 0.749417
vt 0.127245 0.747755
vt 0.125583 0.745269
s 1
f 52/37/13 27/38/14 48/39/13
f 62/40/15 47/41/16 58/42/15
f 45/43/17 52/44/17 53/45/17
f 32/46/18 37/47/19 28/48/18
f 42/49/20 57/50/21 38/51/20
f 33/52/14 29/53/22 27/38/14
f 36/54/22 30/55/23 29/53/22
f 35/56/23 31/57/24 30/58/23
f 34/59/24 28/48/18 31/57/24
f 38/51/20 44/60/25 42/49/20
f 41/61/25 45/62/26 44/60/25
f 40/63/26 46/64/27 45/62/26
f 39/65/27 43/66/19 46/64/27
f 58/42/15 64/67/28 62/40/15
f 61/68/28 65/69/29 64/67/28
f 60/70/29 66/71/30 65/69/29
f 59/72/30 63/73/21 66/71/30
f 48/39/13 54/74/31 52/37/13
f 51/75/31 55/76/32 54/74/31
f 50/77/32 56/78/33 55/76/32
f 49/79/33 53/45/16 56/78/33
f 60/80/34 27/81/34 28/82/34
f 52/37/13 33/52/14 27/38/14
f 62/40/15 53/45/16 47/41/16
f 53/45/17 62/40/17 64/83/17
f 64/83/17 65/84/17 66/85/17
f 66/85/17 63/86/17 42/87/17
f 42/87/17 44/88/17 45/43/17
f 45/43/17 46/89/17 43/90/17
f 43/90/17 32/91/17 34/92/17
f 34/92/17 35/93/17 36/94/17
f 36/94/17 33/95/17 52/44/17
f 52/44/17 54/96/17 55/97/17
f 55/97/17 56/98/17 53/45/17
f 53/45/17 64/83/17 66/85/17
f 66/85/17 42/87/17 45/43/17
f 45/43/17 43/90/17 34/92/17
f 34/92/17 36/94/17 52/44/17
f 52/44/17 55/97/17 53/45/17
f 53/45/17 66/85/17 45/43/17
f 45/43/17 34/92/17 52/44/17
f 32/46/18 43/66/19 37/47/19
f 42/49/20 63/73/21 57/50/21
f 33/52/14 36/54/22 29/53/22
f 36/54/22 35/99/23 30/55/23
f 35/56/23 34/59/24 31/57/24
f 34/59/24 32/46/18 28/48/18
f 38/51/20 41/61/25 44/60/25
f 41/61/25 40/63/26 45/62/26
f 40/63/26 39/65/27 46/64/27
f 39/65/27 37/47/19 43/66/19
f 58/42/15 61/68/28 64/67/28
f 61/68/28 60/70/29 65/69/29
f 60/70/29 59/72/30 66/71/30
f 59/72/30 57/50/21 63/73/21
f 48/39/13 51/75/31 54/74/31
f 51/75/31 50/77/32 55/76/32
f 50/77/32 49/79/33 56/78/33
f 49/79/33 47/41/16 53/45/16
f 28/82/34 37/100/34 39/101/34
f 39/101/34 40/102/34 41/103/34
f 41/103/34 38/104/34 57/105/34
f 57/105/34 59/106/34 60/80/34
f 60/80/34 61/107/34 58/42/34
f 58/42/34 47/41/34 49/108/34
f 49/108/34 50/109/34 51/110/34
f 51/110/34 48/111/34 27/81/34
f 27/81/34 29/112/34 30/113/34
f 30/113/34 31/114/34 28/82/34
f 28/82/34 39/101/34 41/103/34
f 41/103/34 57/105/34 60/80/34
f 60/80/34 58/42/34 49/108/34
f 49/108/34 51/110/34 27/81/34
f 27/81/34 30/113/34 28/82/34
f 28/82/34 41/103/34 60/80/34
f 60/80/34 49/108/34 27/81/34
o Cube.002
v -3.576213 2.400613 1.000000
v -3.576213 2.400613 -1.000000
v -1.576213 2.400613 1.000000
v -1.576213 2.400613 -1.000000
v -3.576213 2.421276 1.000000
v -3.576213 2.842422 0.578853
v -3.576213 2.481211 0.995713
v -3.576213 2.539926 0.982941
v -3.576213 2.596226 0.961942
v -3.576213 2.648964 0.933144
v -3.576213 2.697068 0.897135
v -3.576213 2.739557 0.854646
v -3.576213 2.775567 0.806542
v -3.576213 2.804364 0.753804
v -3.576213 2.825363 0.697504
v -3.576213 2.838135 0.638789
v -3.576213 2.842422 -0.578853
v -3.576213 2.421276 -1.000000
v -3.576213 2.838135 -0.638789
v -3.576213 2.825363 -0.697504
v -3.576213 2.804364 -0.753804
v -3.576213 2.775567 -0.806542
v -3.576213 2.739557 -0.854646
v -3.576213 2.697068 -0.897135
v -3.576213 2.648964 -0.933144
v -3.576213 2.596226 -0.961942
v -3.576213 2.539926 -0.982941
v -3.576213 2.481211 -0.995713
v -1.576213 2.842422 0.578853
v -1.576213 2.421276 1.000000
v -1.576213 2.838135 0.638789
v -1.576213 2.825363 0.697504
v -1.576213 2.804364 0.753804
v -1.576213 2.775567 0.806542
v -1.576213 2.739557 0.854646
v -1.576213 2.697068 0.897135
v -1.576213 2.648964 0.933144
v -1.576213 2.596226 0.961942
v -1.576213 2.539926 0.982941
v -1.576213 2.481211 0.995713
v -1.576213 2.421276 -1.000000
v -1.576213 2.842422 -0.578853
v -1.576213 2.481211 -0.995713
v -1.576213 2.539926 -0.982941
v -1.576213 2.596226 -0.961942
v -1.576213 2.648964 -0.933144
v -1.576213 2.697068 -0.897135
v -1.576213 2.739557 -0.854646
v -1.576213 2.775567 -0.806542
v -1.576213 2.804364 -0.753804
v -1.576213 2.825363 -0.697504
v -1.576213 2.838135 -0.638789
vn -0.0000 1.0000 -0.0000
vn 1.0000 -0.0000 -0.0000
vn -1.0000 -0.0000 -0.0000
vn -0.0000 -1.0000 -0.0000
vn -0.0000 -0.0000 -1.0000
vn -0.0000 0.9975 -0.0713
vn -0.0000 0.9771 -0.2126
vn -0.0000 0.9369 -0.3495
vn -0.0000 0.8777 -0.4792
vn -0.0000 0.8005 -0.5993
vn -0.0000 0.7071 -0.7071
vn -0.0000 0.5993 -0.8005
vn -0.0000 0.4792 -0.8777
vn -0.0000 0.3495 -0.9370
vn -0.0000 0.2126 -0.9771
vn -0.0000 0.0713 -0.9975
vn -0.0000 0.9975 0.0713
vn -0.0000 0.9771 0.2126
vn -0.0000 0.9369 0.3495
vn -0.0000 0.8777 0.4792
vn -0.0000 0.8005 0.5993
vn -0.0000 0.7071 0.7071
vn -0.0000 0.5993 0.8005
vn -0.0000 0.4792 0.8777
vn -0.0000 0.3495 0.9369
vn -0.0000 0.2126 0.9771
vn -0.0000 0.0713 0.9975
vn -0.0000 -0.0000 1.0000
vn -0.0000 0.3495 -0.9369
vt 0.875000 0.552643
vt 0.625000 0.697357
vt 0.625000 0.552643
vt 0.453831 0.502132
vt 0.622574 0.545151
vt 0.542750 0.737142
vt 0.453831 0.002132
vt 0.622574 0.045151
vt 0.542750 0.237142
vt 0.375000 0.500000
vt 0.125000 0.750000
vt 0.125000 0.500000
vt 0.386692 0.250000
vt 0.375000 0.250000
vt 0.875000 0.545151
vt 0.625000 0.545151
vt 0.875000 0.537812
vt 0.625000 0.537812
vt 0.875000 0.530774
vt 0.625000 0.530774
vt 0.875000 0.524182
vt 0.625000 0.524182
vt 0.875000 0.500000
vt 0.625000 0.500000
vt 0.542750 0.250000
vt 0.625000 0.250000
vt 0.542750 0.500000
vt 0.515531 0.250000
vt 0.515531 0.500000
vt 0.485689 0.250000
vt 0.485689 0.500000
vt 0.453831 0.250000
vt 0.453831 0.500000
vt 0.420607 0.250000
vt 0.420607 0.500000
vt 0.875000 0.697357
vt 0.625000 0.704849
vt 0.875000 0.704849
vt 0.625000 0.712188
vt 0.875000 0.712188
vt 0.625000 0.719225
vt 0.875000 0.719225
vt 0.625000 0.725818
vt 0.875000 0.725818
vt 0.625000 0.750000
vt 0.625000 1.000000
vt 0.542750 0.750000
vt 0.542750 1.000000
vt 0.515531 0.750000
vt 0.515531 1.000000
vt 0.485689 0.750000
vt 0.485689 1.000000
vt 0.453831 0.750000
vt 0.453831 1.000000
vt 0.420607 0.750000
vt 0.420607 1.000000
vt 0.386692 0.750000
vt 0.375000 1.000000
vt 0.375000 0.750000
vt 0.386692 0.500000
vt 0.420607 0.500536
vt 0.485689 0.504757
vt 0.515531 0.508357
vt 0.542750 0.512858
vt 0.566793 0.518169
vt 0.587169 0.524182
vt 0.603465 0.530775
vt 0.615347 0.537812
vt 0.622574 0.704849
vt 0.615347 0.712188
vt 0.603465 0.719226
vt 0.587169 0.725818
vt 0.566793 0.731831
vt 0.515531 0.741643
vt 0.485689 0.745243
vt 0.453831 0.747868
vt 0.420607 0.749464
vt 0.386692 0.750000
vt 0.375000 0.000000
vt 0.386692 0.000000
vt 0.420607 0.000536
vt 0.485689 0.004757
vt 0.515531 0.008357
vt 0.542750 0.012858
vt 0.566793 0.018169
vt 0.587169 0.024182
vt 0.603465 0.030775
vt 0.615347 0.037812
vt 0.625000 0.052643
vt 0.625000 0.197357
vt 0.622574 0.204849
vt 0.615347 0.212188
vt 0.603465 0.219225
vt 0.587169 0.225818
vt 0.566793 0.231831
vt 0.515531 0.241643
vt 0.485689 0.245243
vt 0.453831 0.247868
vt 0.420607 0.249464
vt 0.386692 0.250000
vt 0.386692 0.500000
vt 0.875000 0.750000
vt 0.386692 1.000000
s 0
f 83/115/35 95/116/35 108/117/35
f 110/118/36 118/119/36 102/120/36
f 74/121/37 82/122/37 90/123/37
f 70/124/38 67/125/38 68/126/38
f 84/127/39 70/124/39 68/128/39
f 108/117/40 85/129/40 83/115/40
f 118/130/41 86/131/41 85/129/41
f 117/132/42 87/133/42 86/131/42
f 116/134/43 88/135/43 87/133/43
f 115/136/44 89/137/44 88/135/44
f 114/138/45 90/139/45 89/140/45
f 113/141/46 91/142/46 90/139/46
f 112/143/47 92/144/47 91/142/47
f 111/145/48 93/146/48 92/144/48
f 110/147/49 94/148/49 93/146/49
f 109/149/50 84/127/50 94/148/50
f 72/150/51 97/151/51 95/116/51
f 82/152/52 98/153/52 97/151/52
f 81/154/53 99/155/53 98/153/53
f 80/156/54 100/157/54 99/155/54
f 79/158/55 101/159/55 100/157/55
f 78/160/56 102/161/56 101/159/56
f 77/162/57 103/163/57 102/161/57
f 76/164/58 104/165/58 103/163/58
f 75/166/59 105/167/59 104/165/59
f 74/168/60 106/169/60 105/167/60
f 73/170/61 96/171/61 106/169/61
f 96/171/62 67/172/62 69/173/62
f 83/115/35 72/150/35 95/116/35
f 69/173/36 70/124/36 107/174/36
f 107/174/36 109/175/36 110/118/36
f 110/118/36 111/176/36 112/177/36
f 112/177/36 113/178/36 114/179/36
f 114/179/36 115/180/36 116/181/36
f 116/181/36 117/182/36 118/119/36
f 118/119/36 108/117/36 95/116/36
f 95/116/36 97/183/36 98/184/36
f 98/184/36 99/185/36 100/186/36
f 100/186/36 101/187/36 102/120/36
f 102/120/36 103/188/36 104/189/36
f 104/189/36 105/190/36 106/191/36
f 106/191/36 96/192/36 69/173/36
f 69/173/36 107/174/36 110/118/36
f 110/118/36 112/177/36 114/179/36
f 114/179/36 116/181/36 118/119/36
f 118/119/36 95/116/36 98/184/36
f 98/184/36 100/186/36 102/120/36
f 102/120/36 104/189/36 106/191/36
f 106/191/36 69/173/36 110/118/36
f 110/118/36 114/179/36 118/119/36
f 118/119/36 98/184/36 102/120/36
f 102/120/36 106/191/36 110/118/36
f 68/128/37 67/193/37 71/194/37
f 71/194/37 73/195/37 74/121/37
f 74/121/37 75/196/37 76/197/37
f 76/197/37 77/198/37 78/199/37
f 78/199/37 79/200/37 80/201/37
f 80/201/37 81/202/37 82/122/37
f 82/122/37 72/203/37 83/204/37
f 83/204/37 85/205/37 86/206/37
f 86/206/37 87/207/37 88/208/37
f 88/208/37 89/209/37 90/123/37
f 90/123/37 91/210/37 92/211/37
f 92/211/37 93/212/37 94/213/37
f 94/213/37 84/214/37 68/128/37
f 68/128/37 71/194/37 74/121/37
f 74/121/37 76/197/37 78/199/37
f 78/199/37 80/201/37 82/122/37
f 82/122/37 83/204/37 86/206/37
f 86/206/37 88/208/37 90/123/37
f 90/123/37 92/211/37 94/213/37
f 94/213/37 68/128/37 74/121/37
f 74/121/37 78/199/37 82/122/37
f 82/122/37 86/206/37 90/123/37
f 90/123/37 94/213/37 74/121/37
f 70/124/38 69/173/38 67/125/38
f 84/127/39 107/215/39 70/124/39
f 108/117/40 118/130/40 85/129/40
f 118/130/41 117/132/41 86/131/41
f 117/132/42 116/134/42 87/133/42
f 116/134/43 115/136/43 88/135/43
f 115/136/44 114/138/44 89/137/44
f 114/138/45 113/141/45 90/139/45
f 113/141/46 112/143/46 91/142/46
f 112/143/47 111/145/47 92/144/47
f 111/145/63 110/147/63 93/146/63
f 110/147/49 109/149/49 94/148/49
f 109/149/50 107/215/50 84/127/50
f 72/150/51 82/152/51 97/151/51
f 82/152/52 81/154/52 98/153/52
f 81/154/53 80/156/53 99/155/53
f 80/156/54 79/158/54 100/157/54
f 79/158/55 78/216/55 101/159/55
f 78/160/56 77/162/56 102/161/56
f 77/162/57 76/164/57 103/163/57
f 76/164/58 75/166/58 104/165/58
f 75/166/59 74/168/59 105/167/59
f 74/168/60 73/170/60 106/169/60
f 73/170/61 71/217/61 96/171/61
f 96/171/62 71/217/62 67/172/62
o Cube.003
v -3.933564 -0.277340 0.277340
v -3.933564 0.277340 0.277340
v -3.933564 -0.277340 -0.277340
v -3.933564 0.277340 -0.277340
v -3.378885 -0.277340 0.277340
v -3.378885 0.277340 0.277340
v -3.378885 -0.277340 -0.277340
v -3.378885 0.277340 -0.277340
v -3.656224 -0.277340 -0.277340
v -3.656224 0.277340 -0.277340
v -3.656224 -0.277340 0.277340
v -3.656224 0.277340 0.277340
v -3.794894 -0.277340 -0.277340
v -3.794894 0.277340 0.277340
v -3.794894 0.277340 -0.277340
v -3.794894 -0.277340 0.277340
v -3.933564 -0.500080 -0.277340
v -3.933564 -0.500080 0.277340
v -3.794894 -0.500080 -0.277340
v -3.794894 -0.500080 0.277340
vn -1.0000 -0.0000 -0.0000
vn -0.0000 -0.0000 -1.0000
vn 1.0000 -0.0000 -0.0000
vn -0.0000 -0.0000 1.0000
vn -0.0000 -1.0000 -0.0000
vn -0.0000 1.0000 -0.0000
vt 0.625000 0.000000
vt 0.375000 0.250000
vt 0.375000 0.000000
vt 0.625000 0.375000
vt 0.375000 0.500000
vt 0.375000 0.375000
vt 0.625000 0.500000
vt 0.375000 0.750000
vt 0.625000 0.937500
vt 0.375000 1.000000
vt 0.375000 0.937500
vt 0.250000 0.750000
vt 0.250000 0.500000
vt 0.875000 0.500000
vt 0.812500 0.750000
vt 0.812500 0.500000
vt 0.750000 0.500000
vt 0.625000 0.750000
vt 0.187500 0.750000
vt 0.187500 0.500000
vt 0.375000 0.875000
vt 0.625000 0.312500
vt 0.375000 0.312500
vt 0.625000 0.250000
vt 0.750000 0.750000
vt 0.625000 0.875000
vt 0.125000 0.750000
vt 0.125000 0.500000
vt 0.625000 1.000000
vt 0.875000 0.750000
s 0
f 120/218/64 121/219/64 119/220/64
f 128/221/65 125/222/65 127/223/65
f 126/224/66 123/225/66 125/222/66
f 132/226/67 119/227/67 134/228/67
f 125/222/68 129/229/68 127/230/68
f 122/231/69 132/232/69 133/233/69
f 128/234/69 124/235/69 126/224/69
f 127/230/68 134/236/68 131/237/68
f 124/235/67 129/238/67 123/225/67
f 133/239/65 127/223/65 131/240/65
f 122/241/65 131/240/65 121/219/65
f 134/236/66 137/237/66 131/237/66
f 133/233/69 130/242/69 128/234/69
f 130/243/67 134/228/67 129/238/67
f 137/237/68 136/244/68 135/245/68
f 119/227/67 138/228/67 134/228/67
f 131/240/65 135/219/65 121/219/65
f 121/219/64 136/220/64 119/220/64
f 120/218/64 122/241/64 121/219/64
f 128/221/65 126/224/65 125/222/65
f 126/224/66 124/235/66 123/225/66
f 132/226/67 120/246/67 119/227/67
f 125/222/68 123/225/68 129/229/68
f 122/231/69 120/247/69 132/232/69
f 128/234/69 130/242/69 124/235/69
f 127/230/68 129/229/68 134/236/68
f 124/235/67 130/243/67 129/238/67
f 133/239/65 128/221/65 127/223/65
f 122/241/65 133/239/65 131/240/65
f 134/236/66 138/236/66 137/237/66
f 133/233/69 132/232/69 130/242/69
f 130/243/67 132/226/67 134/228/67
f 137/237/68 138/236/68 136/244/68
f 119/227/67 136/227/67 138/228/67
f 131/240/65 137/240/65 135/219/65
f 121/219/64 135/219/64 136/220/64
o Cylinder
v -1.576213 1.400950 -1.000000
v -1.576213 1.205859 -0.980785
v -1.576213 1.018266 -0.923880
v -1.576213 0.845380 -0.831470
v -1.576213 0.693843 -0.707107
v -1.576213 0.569480 -0.555570
v -1.576213 0.477070 -0.382683
v -1.576213 0.420165 -0.195090
v -1.576213 0.400950 0.000000
v -1.576213 0.420165 0.195090
v -1.576213 0.477070 0.382683
v -1.576213 0.569480 0.555570
v -1.576213 0.693843 0.707107
v -1.576213 0.845380 0.831470
v -1.576213 1.018266 0.923880
v -1.576213 1.205859 0.980785
v -1.576213 1.400950 1.000000
v -1.576213 1.596040 0.980785
v -1.576213 1.783633 0.923880
v -1.576213 1.956520 0.831470
v -1.576213 2.108057 0.707107
v -1.576213 2.232419 0.555570
v -1.576213 2.324829 0.382683
v -1.576213 2.381735 0.195090
v -1.576213 2.400950 0.000000
v -1.576213 2.381735 -0.195090
v -1.576213 2.324829 -0.382683
v -1.576213 2.232419 -0.555570
v -1.576213 2.108057 -0.707107
v -1.576213 1.956520 -0.831470
v -1.576213 1.783633 -0.923880
v -1.576213 1.596040 -0.980785
v 2.305425 1.248082 -0.768516
v 2.305425 1.400950 -0.783573
v 2.305425 1.101089 -0.723927
v 2.305425 0.965620 -0.651517
v 2.305425 0.846880 -0.554069
v 2.305425 0.749433 -0.435330
v 2.305425 0.677023 -0.299860
v 2.305425 0.632433 -0.152867
v 2.305425 0.617377 0.000000
v 2.305425 0.632433 0.152867
v 2.305425 0.677023 0.299860
v 2.305425 0.749433 0.435330
v 2.305425 0.846880 0.554069
v 2.305425 0.965620 0.651517
v 2.305425 1.101089 0.723927
v 2.305425 1.248082 0.768516
v 2.305425 1.400950 0.783573
v 2.305425 1.553817 0.768516
v 2.305425 1.700810 0.723927
v 2.305425 1.836279 0.651517
v 2.305425 1.955019 0.554069
v 2.305425 2.052466 0.435330
v 2.305425 2.124876 0.299860
v 2.305425 2.169466 0.152867
v 2.305425 2.184522 0.000000
v 2.305425 2.169466 -0.152867
v 2.305425 2.124876 -0.299860
v 2.305425 2.052466 -0.435330
v 2.305425 1.955019 -0.554069
v 2.305425 1.836279 -0.651517
v 2.305425 1.700810 -0.723927
v 2.305425 1.553817 -0.768516
v 2.305425 1.288598 -0.564832
v 2.305425 1.400950 -0.575897
v 2.305425 1.180563 -0.532060
v 2.305425 1.080998 -0.478841
v 2.305425 0.993729 -0.407221
v 2.305425 0.922108 -0.319951
v 2.305425 0.868890 -0.220386
v 2.305425 0.836118 -0.112352
v 2.305425 0.825052 0.000000
v 2.305425 0.836118 0.112352
v 2.305425 0.868890 0.220386
v 2.305425 0.922109 0.319951
v 2.305425 0.993729 0.407221
v 2.305425 1.080998 0.478841
v 2.305425 1.180563 0.532060
v 2.305425 1.288598 0.564832
v 2.305425 1.400950 0.575897
v 2.305425 1.513302 0.564832
v 2.305425 1.621336 0.532060
v 2.305425 1.720901 0.478841
v 2.305425 1.808171 0.407221
v 2.305425 1.879791 0.319951
v 2.305425 1.933009 0.220386
v 2.305425 1.965781 0.112352
v 2.305425 1.976847 0.000000
v 2.305425 1.965781 -0.112352
v 2.305425 1.933009 -0.220386
v 2.305425 1.879791 -0.319951
v 2.305425 1.808171 -0.407221
v 2.305425 1.720901 -0.478841
v 2.305425 1.621336 -0.532060
v 2.305425 1.513302 -0.564832
v 2.305425 1.331380 -0.349753
v 2.305425 1.400950 -0.356605
v 2.305425 1.264483 -0.329460
v 2.305425 1.202831 -0.296506
v 2.305425 1.148792 -0.252158
v 2.305425 1.104443 -0.198119
v 2.305425 1.071490 -0.136467
v 2.305425 1.051197 -0.069570
v 2.305425 1.044345 0.000000
v 2.305425 1.051197 0.069570
v 2.305425 1.071490 0.136467
v 2.305425 1.104443 0.198119
v 2.305425 1.148792 0.252158
v 2.305425 1.202830 0.296506
v 2.305425 1.264483 0.329460
v 2.305425 1.331380 0.349753
v 2.305425 1.400950 0.356605
v 2.305425 1.470520 0.349753
v 2.305425 1.537416 0.329460
v 2.305425 1.599069 0.296506
v 2.305425 1.653107 0.252158
v 2.305425 1.697456 0.198119
v 2.305425 1.730410 0.136467
v 2.305425 1.750703 0.069570
v 2.305425 1.757555 0.000000
v 2.305425 1.750703 -0.069570
v 2.305425 1.730410 -0.136467
v 2.305425 1.697456 -0.198119
v 2.305425 1.653107 -0.252158
v 2.305425 1.599069 -0.296506
v 2.305425 1.537416 -0.329460
v 2.305425 1.470520 -0.349753
v 2.672876 1.400950 -0.258456
v 2.750928 1.400949 -0.192136
v 2.702745 1.400950 -0.247016
v 2.728066 1.400950 -0.230395
v 2.744986 1.400949 -0.211124
v 2.750928 1.363466 -0.188444
v 2.672876 1.350528 -0.253489
v 2.744986 1.359761 -0.207067
v 2.728066 1.356002 -0.225968
v 2.702745 1.352759 -0.242270
v 2.750928 1.327422 -0.177510
v 2.672876 1.302043 -0.238782
v 2.744986 1.320156 -0.195053
v 2.728066 1.312781 -0.212857
v 2.702745 1.306421 -0.228213
v 2.750928 1.294205 -0.159755
v 2.672876 1.257359 -0.214898
v 2.744986 1.283655 -0.175543
v 2.728066 1.272949 -0.191567
v 2.702745 1.263715 -0.205386
v 2.750928 1.265089 -0.135860
v 2.672876 1.218194 -0.182756
v 2.744986 1.251662 -0.149287
v 2.728066 1.238035 -0.162914
v 2.702745 1.226283 -0.174667
v 2.750928 1.241195 -0.106745
v 2.672876 1.186052 -0.143590
v 2.744986 1.225407 -0.117294
v 2.728066 1.209383 -0.128001
v 2.702745 1.195563 -0.137235
v 2.750928 1.223439 -0.073527
v 2.672876 1.162168 -0.098907
v 2.744986 1.205896 -0.080794
v 2.728066 1.188092 -0.088168
v 2.702745 1.172737 -0.094529
v 2.750928 1.212506 -0.037484
v 2.672876 1.147460 -0.050422
v 2.744986 1.193882 -0.041188
v 2.728066 1.174981 -0.044948
v 2.702745 1.158680 -0.048190
v 2.750928 1.208814 -0.000000
v 2.672876 1.142494 0.000000
v 2.744986 1.189826 -0.000000
v 2.728066 1.170554 -0.000000
v 2.702745 1.153934 -0.000000
v 2.750928 1.212506 0.037484
v 2.672876 1.147460 0.050422
v 2.744986 1.193882 0.041188
v 2.728066 1.174981 0.044948
v 2.702745 1.158680 0.048190
v 2.750928 1.223439 0.073527
v 2.672876 1.162168 0.098907
v 2.744986 1.205897 0.080794
v 2.728066 1.188092 0.088168
v 2.702745 1.172737 0.094529
v 2.750928 1.241195 0.106745
v 2.672876 1.186052 0.143590
v 2.744986 1.225406 0.117294
v 2.728066 1.209383 0.128001
v 2.702745 1.195563 0.137235
v 2.750928 1.265089 0.135860
v 2.672876 1.218194 0.182756
v 2.744986 1.251662 0.149287
v 2.728066 1.238036 0.162914
v 2.702745 1.226283 0.174667
v 2.750928 1.294205 0.159755
v 2.672876 1.257359 0.214898
v 2.744986 1.283655 0.175543
v 2.728066 1.272949 0.191567
v 2.702745 1.263715 0.205386
v 2.750928 1.327422 0.177510
v 2.672876 1.302043 0.238782
v 2.744986 1.320156 0.195053
v 2.728066 1.312781 0.212857
v 2.702745 1.306421 0.228213
v 2.750928 1.363466 0.188444
v 2.672876 1.350527 0.253489
v 2.744986 1.359761 0.207067
v 2.728066 1.356002 0.225968
v 2.702745 1.352759 0.242270
v 2.750928 1.400950 0.192136
v 2.672876 1.400950 0.258456
v 2.744986 1.400950 0.211124
v 2.728066 1.400950 0.230395
v 2.702745 1.400950 0.247016
v 2.750928 1.438433 0.188444
v 2.672876 1.451372 0.253489
v 2.744986 1.442138 0.207067
v 2.728066 1.445897 0.225968
v 2.702745 1.449140 0.242270
v 2.750928 1.474477 0.177510
v 2.672876 1.499856 0.238782
v 2.744986 1.481743 0.195053
v 2.728066 1.489118 0.212857
v 2.702745 1.495479 0.228213
v 2.750928 1.507694 0.159755
v 2.672876 1.544540 0.214898
v 2.744986 1.518244 0.175543
v 2.728066 1.528950 0.191567
v 2.702745 1.538184 0.205386
v 2.750928 1.536810 0.135860
v 2.672876 1.583705 0.182756
v 2.744986 1.550237 0.149287
v 2.728066 1.563864 0.162914
v 2.702745 1.575616 0.174667
v 2.750928 1.560704 0.106745
v 2.672876 1.615847 0.143590
v 2.744986 1.576493 0.117294
v 2.728066 1.592516 0.128001
v 2.702745 1.606336 0.137235
v 2.750928 1.578460 0.073527
v 2.672876 1.639731 0.098907
v 2.744986 1.596003 0.080794
v 2.728066 1.613807 0.088168
v 2.702745 1.629163 0.094529
v 2.750928 1.589393 0.037484
v 2.672876 1.654439 0.050422
v 2.744986 1.608017 0.041188
v 2.728066 1.626918 0.044948
v 2.702745 1.643219 0.048190
v 2.750928 1.593085 0.000000
v 2.672876 1.659405 0.000000
v 2.744986 1.612073 0.000000
v 2.728066 1.631345 0.000000
v 2.702745 1.647965 0.000000
v 2.750928 1.589393 -0.037484
v 2.672876 1.654439 -0.050422
v 2.744986 1.608017 -0.041188
v 2.728066 1.626918 -0.044948
v 2.702745 1.643219 -0.048190
v 2.750928 1.578460 -0.073527
v 2.672876 1.639731 -0.098907
v 2.744986 1.596003 -0.080794
v 2.728066 1.613807 -0.088168
v 2.702745 1.629163 -0.094529
v 2.750928 1.560705 -0.106745
v 2.672876 1.615847 -0.143590
v 2.744986 1.576493 -0.117294
v 2.728066 1.592516 -0.128001
v 2.702745 1.606336 -0.137235
v 2.750928 1.536810 -0.135860
v 2.672876 1.583705 -0.182756
v 2.744986 1.550237 -0.149287
v 2.728066 1.563864 -0.162914
v 2.702745 1.575616 -0.174667
v 2.750928 1.507694 -0.159755
v 2.672876 1.544540 -0.214898
v 2.744986 1.518244 -0.175543
v 2.728066 1.528950 -0.191567
v 2.702745 1.538184 -0.205386
v 2.750928 1.474477 -0.177510
v 2.672876 1.499856 -0.238782
v 2.744986 1.481743 -0.195053
v 2.728066 1.489118 -0.212857
v 2.702745 1.495479 -0.228213
v 2.750928 1.438433 -0.188444
v 2.672876 1.451372 -0.253489
v 2.744986 1.442138 -0.207067
v 2.728066 1.445897 -0.225968
v 2.702745 1.449140 -0.242270
v 2.305425 1.214730 -0.936188
v 2.217598 1.205859 -0.980785
v 2.298740 1.211336 -0.953254
v 2.279701 1.208458 -0.967723
v 2.251208 1.206535 -0.977390
v 2.217598 1.400950 -1.000000
v 2.305425 1.400950 -0.954529
v 2.251208 1.400950 -0.996539
v 2.279701 1.400950 -0.986682
v 2.298740 1.400950 -0.971930
v 2.305425 1.035667 -0.881869
v 2.217598 1.018266 -0.923880
v 2.298740 1.029008 -0.897946
v 2.279701 1.023363 -0.911575
v 2.251208 1.019591 -0.920682
v 2.305425 0.870642 -0.793661
v 2.217598 0.845379 -0.831470
v 2.298740 0.860974 -0.808130
v 2.279701 0.852779 -0.820396
v 2.251208 0.847302 -0.828592
v 2.305425 0.725996 -0.674954
v 2.217598 0.693843 -0.707107
v 2.298740 0.713692 -0.687258
v 2.279701 0.703260 -0.697689
v 2.251208 0.696290 -0.704659
v 2.305425 0.607288 -0.530308
v 2.217598 0.569480 -0.555570
v 2.298740 0.592820 -0.539975
v 2.279701 0.580554 -0.548171
v 2.251208 0.572358 -0.553647
v 2.305425 0.519080 -0.365282
v 2.217598 0.477070 -0.382683
v 2.298740 0.503004 -0.371941
v 2.279701 0.489375 -0.377587
v 2.251208 0.480268 -0.381359
v 2.305425 0.464762 -0.186219
v 2.217598 0.420164 -0.195090
v 2.298740 0.447695 -0.189614
v 2.279701 0.433227 -0.192492
v 2.251208 0.423559 -0.194415
v 2.305425 0.446421 0.000000
v 2.217598 0.400950 0.000000
v 2.298740 0.429020 0.000000
v 2.279701 0.414268 0.000000
v 2.251208 0.404411 0.000000
v 2.305425 0.464762 0.186219
v 2.217598 0.420164 0.195090
v 2.298740 0.447695 0.189614
v 2.279701 0.433227 0.192492
v 2.251208 0.423559 0.194415
v 2.305425 0.519080 0.365282
v 2.217598 0.477070 0.382683
v 2.298740 0.503004 0.371941
v 2.279701 0.489375 0.377587
v 2.251208 0.480268 0.381359
v 2.305425 0.607288 0.530308
v 2.217598 0.569480 0.555570
v 2.298740 0.592820 0.539975
v 2.279701 0.580554 0.548171
v 2.251208 0.572358 0.553647
v 2.305425 0.725996 0.674954
v 2.217598 0.693843 0.707107
v 2.298740 0.713692 0.687258
v 2.279701 0.703260 0.697689
v 2.251208 0.696290 0.704659
v 2.305425 0.870642 0.793661
v 2.217598 0.845379 0.831470
v 2.298740 0.860974 0.808130
v 2.279701 0.852779 0.820396
v 2.251208 0.847302 0.828592
v 2.305425 1.035667 0.881869
v 2.217598 1.018266 0.923880
v 2.298740 1.029008 0.897946
v 2.279701 1.023363 0.911575
v 2.251208 1.019591 0.920682
v 2.305425 1.214730 0.936188
v 2.217598 1.205859 0.980785
v 2.298740 1.211336 0.953254
v 2.279701 1.208458 0.967723
v 2.251208 1.206535 0.977390
v 2.305425 1.400950 0.954529
v 2.217598 1.400950 1.000000
v 2.298740 1.400950 0.971930
v 2.279701 1.400950 0.986682
v 2.251208 1.400950 0.996539
v 2.305425 1.587169 0.936188
v 2.217598 1.596040 0.980785
v 2.298740 1.590564 0.953254
v 2.279701 1.593442 0.967723
v 2.251208 1.595365 0.977390
v 2.305425 1.766232 0.881869
v 2.217598 1.783633 0.923880
v 2.298740 1.772891 0.897946
v 2.279701 1.778536 0.911575
v 2.251208 1.782308 0.920682
v 2.305425 1.931257 0.793661
v 2.217598 1.956520 0.831470
v 2.298740 1.940925 0.808130
v 2.279701 1.949121 0.820396
v 2.251208 1.954597 0.828592
v 2.305425 2.075903 0.674954
v 2.217598 2.108057 0.707107
v 2.298740 2.088208 0.687258
v 2.279701 2.098639 0.697689
v 2.251208 2.105609 0.704659
v 2.305425 2.194611 0.530308
v 2.217598 2.232419 0.555570
v 2.298740 2.209080 0.539975
v 2.279701 2.221345 0.548171
v 2.251208 2.229541 0.553647
v 2.305425 2.282819 0.365282
v 2.217598 2.324829 0.382683
v 2.298740 2.298896 0.371941
v 2.279701 2.312525 0.377587
v 2.251208 2.321631 0.381359
v 2.305425 2.337137 0.186219
v 2.217598 2.381735 0.195090
v 2.298740 2.354204 0.189614
v 2.279701 2.368673 0.192492
v 2.251208 2.378340 0.194415
v 2.305425 2.355478 0.000000
v 2.217598 2.400950 0.000000
v 2.298740 2.372880 0.000000
v 2.279701 2.387631 0.000000
v 2.251208 2.397488 0.000000
v 2.305425 2.337137 -0.186219
v 2.217598 2.381735 -0.195090
v 2.298740 2.354204 -0.189614
v 2.279701 2.368673 -0.192492
v 2.251208 2.378340 -0.194415
v 2.305425 2.282819 -0.365282
v 2.217598 2.324829 -0.382683
v 2.298740 2.298896 -0.371941
v 2.279701 2.312525 -0.377587
v 2.251208 2.321631 -0.381359
v 2.305425 2.194611 -0.530308
v 2.217598 2.232419 -0.555570
v 2.298740 2.209080 -0.539975
v 2.279701 2.221345 -0.548171
v 2.251208 2.229541 -0.553647
v 2.305425 2.075903 -0.674954
v 2.217598 2.108057 -0.707107
v 2.298740 2.088208 -0.687258
v 2.279701 2.098639 -0.697689
v 2.251208 2.105609 -0.704659
v 2.305425 1.931257 -0.793661
v 2.217598 1.956520 -0.831470
v 2.298740 1.940925 -0.808130
v 2.279701 1.949121 -0.820396
v 2.251208 1.954597 -0.828592
v 2.305425 1.766232 -0.881869
v 2.217598 1.783633 -0.923880
v 2.298740 1.772891 -0.897946
v 2.279701 1.778536 -0.911575
v 2.251208 1.782308 -0.920682
v 2.305425 1.587169 -0.936188
v 2.217598 1.596040 -0.980785
v 2.298740 1.590564 -0.953254
v 2.279701 1.593442 -0.967723
v 2.251208 1.595365 -0.977390
v 2.539521 1.256953 -0.723919
v 2.451694 1.248082 -0.768516
v 2.532836 1.253558 -0.740986
v 2.513797 1.250680 -0.755454
v 2.485304 1.248757 -0.765122
v 2.451694 1.400950 -0.783573
v 2.539521 1.400950 -0.738101
v 2.485304 1.400950 -0.780111
v 2.513797 1.400950 -0.770254
v 2.532836 1.400950 -0.755502
v 2.539521 1.118491 -0.681916
v 2.451694 1.101089 -0.723927
v 2.532836 1.111831 -0.697993
v 2.513797 1.106186 -0.711622
v 2.485304 1.102414 -0.720729
v 2.539521 0.990883 -0.613709
v 2.451694 0.965620 -0.651517
v 2.532836 0.981215 -0.628177
v 2.513797 0.973019 -0.640443
v 2.485304 0.967543 -0.648639
v 2.539521 0.879033 -0.521916
v 2.451694 0.846880 -0.554069
v 2.532836 0.866729 -0.534221
v 2.513797 0.856298 -0.544652
v 2.485304 0.849328 -0.551622
v 2.539521 0.787241 -0.410067
v 2.451694 0.749433 -0.435330
v 2.532836 0.772772 -0.419735
v 2.513797 0.760507 -0.427930
v 2.485304 0.752311 -0.433407
v 2.539521 0.719033 -0.282459
v 2.451694 0.677023 -0.299860
v 2.532836 0.702957 -0.289118
v 2.513797 0.689327 -0.294764
v 2.485304 0.680221 -0.298536
v 2.539521 0.677031 -0.143996
v 2.451694 0.632433 -0.152867
v 2.532836 0.659964 -0.147391
v 2.513797 0.645496 -0.150269
v 2.485304 0.635828 -0.152192
v 2.539521 0.662849 0.000000
v 2.451694 0.617377 0.000000
v 2.532836 0.645447 0.000000
v 2.513797 0.630695 0.000000
v 2.485304 0.620838 0.000000
v 2.539521 0.677031 0.143996
v 2.451694 0.632433 0.152867
v 2.532836 0.659964 0.147391
v 2.513797 0.645496 0.150269
v 2.485304 0.635828 0.152192
v 2.539521 0.719033 0.282459
v 2.451694 0.677023 0.299860
v 2.532836 0.702957 0.289118
v 2.513797 0.689327 0.294764
v 2.485304 0.680221 0.298536
v 2.539521 0.787241 0.410067
v 2.451694 0.749433 0.435330
v 2.532836 0.772772 0.419735
v 2.513797 0.760507 0.427930
v 2.485304 0.752311 0.433407
v 2.539521 0.879033 0.521916
v 2.451694 0.846880 0.554069
v 2.532836 0.866729 0.534221
v 2.513797 0.856298 0.544652
v 2.485304 0.849328 0.551622
v 2.539521 0.990883 0.613709
v 2.451694 0.965620 0.651517
v 2.532836 0.981215 0.628177
v 2.513797 0.973019 0.640443
v 2.485304 0.967543 0.648639
v 2.539521 1.118491 0.681916
v 2.451694 1.101089 0.723927
v 2.532836 1.111831 0.697993
v 2.513797 1.106186 0.711622
v 2.485304 1.102414 0.720729
v 2.539521 1.256953 0.723919
v 2.451694 1.248082 0.768516
v 2.532836 1.253558 0.740986
v 2.513797 1.250680 0.755454
v 2.485304 1.248757 0.765122
v 2.539521 1.400950 0.738101
v 2.451694 1.400950 0.783573
v 2.532836 1.400950 0.755502
v 2.513797 1.400950 0.770254
v 2.485304 1.400950 0.780111
v 2.539521 1.544946 0.723919
v 2.451694 1.553817 0.768516
v 2.532836 1.548341 0.740986
v 2.513797 1.551219 0.755454
v 2.485304 1.553142 0.765122
v 2.539521 1.683409 0.681916
v 2.451694 1.700810 0.723927
v 2.532836 1.690068 0.697993
v 2.513797 1.695713 0.711622
v 2.485304 1.699485 0.720729
v 2.539521 1.811017 0.613709
v 2.451694 1.836279 0.651517
v 2.532836 1.820684 0.628177
v 2.513797 1.828880 0.640443
v 2.485304 1.834356 0.648639
v 2.539521 1.922866 0.521916
v 2.451694 1.955019 0.554069
v 2.532836 1.935170 0.534221
v 2.513797 1.945601 0.544652
v 2.485304 1.952572 0.551622
v 2.539521 2.014658 0.410067
v 2.451694 2.052466 0.435330
v 2.532836 2.029127 0.419735
v 2.513797 2.041393 0.427930
v 2.485304 2.049588 0.433407
v 2.539521 2.082866 0.282459
v 2.451694 2.124876 0.299860
v 2.532836 2.098943 0.289118
v 2.513797 2.112572 0.294764
v 2.485304 2.121678 0.298536
v 2.539521 2.124868 0.143996
v 2.451694 2.169466 0.152867
v 2.532836 2.141935 0.147391
v 2.513797 2.156404 0.150269
v 2.485304 2.166071 0.152192
v 2.539521 2.139051 0.000000
v 2.451694 2.184522 0.000000
v 2.532836 2.156452 0.000000
v 2.513797 2.171204 0.000000
v 2.485304 2.181061 0.000000
v 2.539521 2.124868 -0.143996
v 2.451694 2.169466 -0.152867
v 2.532836 2.141935 -0.147391
v 2.513797 2.156404 -0.150269
v 2.485304 2.166071 -0.152192
v 2.539521 2.082866 -0.282459
v 2.451694 2.124876 -0.299860
v 2.532836 2.098943 -0.289118
v 2.513797 2.112572 -0.294764
v 2.485304 2.121678 -0.298536
v 2.539521 2.014658 -0.410067
v 2.451694 2.052466 -0.435330
v 2.532836 2.029127 -0.419735
v 2.513797 2.041393 -0.427930
v 2.485304 2.049588 -0.433407
v 2.539521 1.922866 -0.521916
v 2.451694 1.955019 -0.554069
v 2.532836 1.935170 -0.534221
v 2.513797 1.945601 -0.544652
v 2.485304 1.952572 -0.551622
v 2.539521 1.811017 -0.613709
v 2.451694 1.836279 -0.651517
v 2.532836 1.820684 -0.628177
v 2.513797 1.828880 -0.640443
v 2.485304 1.834356 -0.648639
v 2.539521 1.683409 -0.681916
v 2.451694 1.700810 -0.723927
v 2.532836 1.690068 -0.697993
v 2.513797 1.695713 -0.711622
v 2.485304 1.699485 -0.720729
v 2.539521 1.544946 -0.723919
v 2.451694 1.553817 -0.768516
v 2.532836 1.548341 -0.740986
v 2.513797 1.551219 -0.755454
v 2.485304 1.553142 -0.765122
v 2.451694 1.288598 -0.564832
v 2.539521 1.279727 -0.609429
v 2.485304 1.287922 -0.568226
v 2.513797 1.285999 -0.577894
v 2.532836 1.283121 -0.592363
v 2.539521 1.400950 -0.621369
v 2.451694 1.400950 -0.575897
v 2.532836 1.400950 -0.603968
v 2.513797 1.400950 -0.589216
v 2.485304 1.400950 -0.579359
v 2.451694 1.180563 -0.532060
v 2.539521 1.163162 -0.574070
v 2.485304 1.179239 -0.535258
v 2.513797 1.175467 -0.544364
v 2.532836 1.169821 -0.557993
v 2.451694 1.080998 -0.478841
v 2.539521 1.055736 -0.516649
v 2.485304 1.079075 -0.481719
v 2.513797 1.073599 -0.489915
v 2.532836 1.065403 -0.502181
v 2.451694 0.993729 -0.407221
v 2.539521 0.961576 -0.439374
v 2.485304 0.991281 -0.409668
v 2.513797 0.984311 -0.416638
v 2.532836 0.973880 -0.427070
v 2.451694 0.922108 -0.319951
v 2.539521 0.884300 -0.345214
v 2.485304 0.919231 -0.321874
v 2.513797 0.911035 -0.327351
v 2.532836 0.898769 -0.335546
v 2.451694 0.868890 -0.220386
v 2.539521 0.826880 -0.237788
v 2.485304 0.865692 -0.221711
v 2.513797 0.856585 -0.225483
v 2.532836 0.842956 -0.231128
v 2.451694 0.836118 -0.112352
v 2.539521 0.791520 -0.121223
v 2.485304 0.832723 -0.113027
v 2.513797 0.823056 -0.114950
v 2.532836 0.808587 -0.117828
v 2.451694 0.825052 0.000000
v 2.539521 0.779581 0.000000
v 2.485304 0.821591 0.000000
v 2.513797 0.811734 0.000000
v 2.532836 0.796982 0.000000
v 2.451694 0.836118 0.112352
v 2.539521 0.791520 0.121223
v 2.485304 0.832723 0.113027
v 2.513797 0.823056 0.114950
v 2.532836 0.808587 0.117828
v 2.451694 0.868890 0.220386
v 2.539521 0.826880 0.237788
v 2.485304 0.865692 0.221711
v 2.513797 0.856585 0.225483
v 2.532836 0.842956 0.231128
v 2.451694 0.922109 0.319951
v 2.539521 0.884300 0.345214
v 2.485304 0.919231 0.321874
v 2.513797 0.911035 0.327351
v 2.532836 0.898769 0.335546
v 2.451694 0.993729 0.407221
v 2.539521 0.961576 0.439374
v 2.485304 0.991281 0.409668
v 2.513797 0.984311 0.416638
v 2.532836 0.973880 0.427070
v 2.451694 1.080998 0.478841
v 2.539521 1.055736 0.516649
v 2.485304 1.079075 0.481719
v 2.513797 1.073599 0.489915
v 2.532836 1.065403 0.502181
v 2.451694 1.180563 0.532060
v 2.539521 1.163162 0.574070
v 2.485304 1.179239 0.535258
v 2.513797 1.175467 0.544364
v 2.532836 1.169821 0.557993
v 2.451694 1.288598 0.564832
v 2.539521 1.279727 0.609429
v 2.485304 1.287922 0.568226
v 2.513797 1.285999 0.577894
v 2.532836 1.283121 0.592363
v 2.451694 1.400950 0.575897
v 2.539521 1.400950 0.621369
v 2.485304 1.400950 0.579359
v 2.513797 1.400950 0.589216
v 2.532836 1.400950 0.603968
v 2.451694 1.513302 0.564832
v 2.539521 1.522173 0.609429
v 2.485304 1.513977 0.568226
v 2.513797 1.515900 0.577894
v 2.532836 1.518778 0.592363
v 2.451694 1.621336 0.532060
v 2.539521 1.638737 0.574070
v 2.485304 1.622661 0.535258
v 2.513797 1.626433 0.544364
v 2.532836 1.632078 0.557993
v 2.451694 1.720901 0.478841
v 2.539521 1.746164 0.516649
v 2.485304 1.722824 0.481719
v 2.513797 1.728300 0.489915
v 2.532836 1.736496 0.502181
v 2.451694 1.808171 0.407221
v 2.539521 1.840324 0.439374
v 2.485304 1.810618 0.409668
v 2.513797 1.817588 0.416638
v 2.532836 1.828019 0.427070
v 2.451694 1.879791 0.319951
v 2.539521 1.917599 0.345214
v 2.485304 1.882669 0.321874
v 2.513797 1.890864 0.327351
v 2.532836 1.903130 0.335546
v 2.451694 1.933009 0.220386
v 2.539521 1.975020 0.237788
v 2.485304 1.936207 0.221711
v 2.513797 1.945314 0.225483
v 2.532836 1.958943 0.231128
v 2.451694 1.965781 0.112352
v 2.539521 2.010379 0.121223
v 2.485304 1.969176 0.113027
v 2.513797 1.978844 0.114950
v 2.532836 1.993312 0.117828
v 2.451694 1.976847 0.000000
v 2.539521 2.022318 0.000000
v 2.485304 1.980308 0.000000
v 2.513797 1.990165 0.000000
v 2.532836 2.004917 0.000000
v 2.451694 1.965781 -0.112352
v 2.539521 2.010379 -0.121223
v 2.485304 1.969176 -0.113027
v 2.513797 1.978844 -0.114950
v 2.532836 1.993312 -0.117828
v 2.451694 1.933009 -0.220386
v 2.539521 1.975020 -0.237788
v 2.485304 1.936207 -0.221711
v 2.513797 1.945314 -0.225483
v 2.532836 1.958943 -0.231128
v 2.451694 1.879791 -0.319951
v 2.539521 1.917599 -0.345214
v 2.485304 1.882669 -0.321874
v 2.513797 1.890864 -0.327351
v 2.532836 1.903130 -0.335546
v 2.451694 1.808171 -0.407221
v 2.539521 1.840324 -0.439374
v 2.485304 1.810618 -0.409668
v 2.513797 1.817588 -0.416638
v 2.532836 1.828019 -0.427070
v 2.451694 1.720901 -0.478841
v 2.539521 1.746164 -0.516649
v 2.485304 1.722824 -0.481719
v 2.513797 1.728300 -0.489915
v 2.532836 1.736496 -0.502181
v 2.451694 1.621336 -0.532060
v 2.539521 1.638737 -0.574070
v 2.485304 1.622661 -0.535258
v 2.513797 1.626433 -0.544364
v 2.532836 1.632078 -0.557993
v 2.451694 1.513302 -0.564832
v 2.539521 1.522173 -0.609429
v 2.485304 1.513977 -0.568226
v 2.513797 1.515900 -0.577894
v 2.532836 1.518778 -0.592363
vn 0.0506 -0.1948 -0.9795
vn -0.0000 -0.3827 -0.9239
vn -0.0000 -0.1951 -0.9808
vn 1.0000 -0.0000 -0.0000
vn 0.9802 -0.0758 -0.1831
vn 0.9802 -0.0387 -0.1943
vn 0.9802 -0.1101 -0.1647
vn 0.9802 -0.1647 -0.1101
vn 0.9802 -0.1401 -0.1401
vn 0.9802 -0.1831 -0.0758
vn 0.9802 -0.1943 -0.0387
vn 0.9802 -0.1981 -0.0000
vn 0.9802 -0.1831 0.0758
vn 0.9802 -0.1943 0.0387
vn 0.9802 -0.1647 0.1101
vn 0.9802 -0.1101 0.1647
vn 0.9802 -0.1401 0.1401
vn 0.9802 -0.0758 0.1831
vn 0.9802 -0.0387 0.1943
vn 0.9802 -0.0000 0.1981
vn 0.9802 0.0758 0.1831
vn 0.9802 0.0387 0.1943
vn 0.9802 0.1101 0.1647
vn 0.9802 0.1647 0.1101
vn 0.9802 0.1401 0.1401
vn 0.9802 0.1831 0.0758
vn 0.9802 0.1943 0.0387
vn 0.9802 0.1981 -0.0000
vn 0.9802 0.1831 -0.0758
vn 0.9802 0.1943 -0.0387
vn 0.9802 0.1647 -0.1101
vn 0.9802 0.1101 -0.1647
vn 0.9802 0.1401 -0.1401
vn 0.9802 0.0758 -0.1831
vn 0.3050 -0.0000 -0.9524
vn 0.2581 0.1885 -0.9476
vn 0.3050 0.1858 -0.9341
vn 0.9802 0.0387 -0.1943
vn -1.0000 -0.0000 -0.0000
vn 0.0506 -0.0000 -0.9987
vn -0.0000 -0.0000 -1.0000
vn 0.0506 0.1948 -0.9795
vn -0.0000 0.1951 -0.9808
vn 0.0506 -0.5549 -0.8304
vn -0.0000 -0.7071 -0.7071
vn -0.0000 -0.5556 -0.8315
vn 0.0506 -0.7062 -0.7062
vn -0.0000 -0.8315 -0.5556
vn 0.0506 -0.8304 -0.5549
vn -0.0000 -0.9239 -0.3827
vn 0.0506 -0.9227 -0.3822
vn -0.0000 -0.9808 -0.1951
vn 0.0506 -0.9795 -0.1948
vn -0.0000 -1.0000 -0.0000
vn 0.0506 -0.9987 -0.0000
vn -0.0000 -0.9808 0.1951
vn 0.0506 -0.9795 0.1948
vn -0.0000 -0.9239 0.3827
vn 0.0506 -0.9227 0.3822
vn -0.0000 -0.8315 0.5556
vn 0.0506 -0.8304 0.5549
vn -0.0000 -0.7071 0.7071
vn 0.0506 -0.7062 0.7062
vn -0.0000 -0.5556 0.8315
vn 0.0506 -0.5549 0.8304
vn -0.0000 -0.3827 0.9239
vn 0.0506 -0.3822 0.9227
vn -0.0000 -0.1951 0.9808
vn 0.0506 -0.1948 0.9795
vn -0.0000 -0.0000 1.0000
vn 0.0506 -0.0000 0.9987
vn -0.0000 0.1951 0.9808
vn 0.0506 0.1948 0.9795
vn -0.0000 0.3827 0.9239
vn 0.0506 0.3822 0.9227
vn -0.0000 0.5556 0.8315
vn 0.0506 0.5549 0.8304
vn -0.0000 0.7071 0.7071
vn 0.0506 0.7062 0.7062
vn -0.0000 0.8315 0.5556
vn 0.0506 0.8304 0.5549
vn -0.0000 0.9239 0.3827
vn 0.0506 0.9227 0.3822
vn -0.0000 0.9808 0.1951
vn 0.0506 0.9795 0.1948
vn -0.0000 1.0000 -0.0000
vn 0.0506 0.9987 -0.0000
vn -0.0000 0.9808 -0.1951
vn 0.0506 0.9795 -0.1948
vn -0.0000 0.9239 -0.3827
vn 0.0506 0.9227 -0.3822
vn -0.0000 0.8315 -0.5556
vn 0.0506 0.8304 -0.5549
vn -0.0000 0.7071 -0.7071
vn 0.0506 0.7062 -0.7062
vn -0.0000 0.5556 -0.8315
vn 0.0506 0.5549 -0.8304
vn -0.0000 0.3827 -0.9239
vn 0.0506 0.3822 -0.9227
vn 0.9845 0.0343 0.1722
vn 0.9802 -0.0000 -0.1981
vn 0.9845 -0.0000 0.1756
vn 0.0506 -0.3822 -0.9227
vn 0.0512 -0.0000 -0.9987
vn 0.9845 -0.1622 0.0672
vn 0.0512 0.1948 -0.9795
vn 0.9845 -0.1722 0.0343
vn 0.0512 0.3822 -0.9227
vn 0.9845 -0.1756 -0.0000
vn 0.0512 0.5548 -0.8304
vn 0.9845 -0.1722 -0.0343
vn 0.0512 0.7062 -0.7062
vn 0.9845 -0.1622 -0.0672
vn 0.0512 0.8304 -0.5548
vn 0.9845 -0.1460 -0.0976
vn 0.0512 0.9227 -0.3822
vn 0.9845 -0.1242 -0.1242
vn 0.0512 0.9795 -0.1948
vn 0.9845 -0.0976 -0.1460
vn 0.0512 0.9987 -0.0000
vn 0.9845 -0.0672 -0.1622
vn 0.0512 0.9795 0.1948
vn 0.9845 -0.0343 -0.1722
vn 0.0512 0.9227 0.3822
vn 0.0512 0.3822 0.9227
vn 0.9845 -0.0000 -0.1756
vn 0.0512 0.8304 0.5548
vn 0.9845 0.0343 -0.1722
vn 0.0512 0.7062 0.7062
vn 0.0512 -0.3822 0.9227
vn 0.9845 0.0672 -0.1622
vn 0.0512 0.5548 0.8304
vn 0.0512 -0.5548 0.8304
vn 0.0512 -0.0000 0.9987
vn 0.9845 -0.1242 0.1242
vn 0.9845 -0.1460 0.0976
vn 0.9845 0.0672 0.1622
vn 0.0512 -0.1948 -0.9795
vn 0.9845 -0.0976 0.1460
vn 0.0512 -0.3822 -0.9227
vn 0.9845 0.1242 0.1242
vn 0.9845 0.0976 0.1460
vn 0.0512 -0.5548 -0.8304
vn 0.9845 -0.0672 0.1622
vn 0.9845 0.1460 0.0976
vn 0.0512 -0.7062 -0.7062
vn 0.9845 -0.0343 0.1722
vn 0.0512 -0.8304 -0.5548
vn 0.9845 0.1622 0.0672
vn 0.0512 -0.9227 -0.3822
vn 0.9845 0.1756 -0.0000
vn 0.9845 0.1722 0.0343
vn 0.0512 -0.9795 -0.1948
vn 0.9845 0.1722 -0.0343
vn 0.0512 -0.9987 -0.0000
vn 0.9845 0.1622 -0.0672
vn 0.0512 -0.9795 0.1948
vn 0.0512 -0.9227 0.3822
vn 0.9845 0.1242 -0.1242
vn 0.9845 0.1460 -0.0976
vn 0.0512 -0.8304 0.5548
vn 0.0512 0.1948 0.9795
vn 0.9845 0.0976 -0.1460
vn 0.0512 -0.7062 0.7062
vn 0.0512 -0.1948 0.9795
vn 0.9866 0.0624 0.1506
vn 0.9866 -0.1506 0.0624
vn 0.9866 -0.0624 -0.1506
vn 0.3050 -0.3645 -0.8799
vn 0.2581 -0.5368 -0.8033
vn 0.2581 -0.3697 -0.8926
vn 0.3050 -0.5291 -0.7919
vn 0.2581 -0.6832 -0.6832
vn 0.3050 -0.7919 -0.5291
vn 0.3050 -0.6734 -0.6734
vn 0.3050 -0.8799 -0.3645
vn 0.2581 -0.8033 -0.5368
vn 0.3050 -0.9341 -0.1858
vn 0.2581 -0.8926 -0.3697
vn 0.3050 -0.9524 -0.0000
vn 0.2581 -0.9476 -0.1885
vn 0.2581 -0.9476 0.1885
vn 0.2581 -0.9661 -0.0000
vn 0.3050 -0.8799 0.3645
vn 0.3050 -0.9341 0.1858
vn 0.3050 -0.7919 0.5291
vn 0.2581 -0.8926 0.3697
vn 0.3050 -0.6734 0.6734
vn 0.2581 -0.8033 0.5368
vn 0.2581 -0.5368 0.8033
vn 0.2581 -0.6832 0.6832
vn 0.3050 -0.3645 0.8799
vn 0.3050 -0.5291 0.7919
vn 0.3050 -0.1858 0.9341
vn 0.2581 -0.3697 0.8926
vn 0.3050 -0.0000 0.9524
vn 0.2581 -0.1885 0.9476
vn 0.3050 0.1858 0.9341
vn 0.2581 -0.0000 0.9661
vn 0.3050 0.3645 0.8799
vn 0.2581 0.1885 0.9476
vn 0.3050 0.5291 0.7919
vn 0.2581 0.3697 0.8926
vn 0.3050 0.6734 0.6734
vn 0.2581 0.5368 0.8033
vn 0.3050 0.7919 0.5291
vn 0.2581 0.6832 0.6832
vn 0.3050 0.8799 0.3645
vn 0.2581 0.8033 0.5368
vn 0.2581 0.9476 0.1885
vn 0.2581 0.8926 0.3697
vn 0.3050 0.9524 -0.0000
vn 0.3050 0.9341 0.1858
vn 0.2581 0.9476 -0.1885
vn 0.2581 0.9661 -0.0000
vn 0.3050 0.8799 -0.3645
vn 0.3050 0.9341 -0.1858
vn 0.3050 0.7919 -0.5291
vn 0.2581 0.8926 -0.3697
vn 0.3050 0.6734 -0.6734
vn 0.2581 0.8033 -0.5368
vn 0.2581 0.5368 -0.8033
vn 0.2581 0.6832 -0.6832
vn 0.3050 0.3645 -0.8799
vn 0.3050 0.5291 -0.7919
vn 0.2581 0.3697 -0.8926
vn 0.2581 -0.1885 -0.9476
vn 0.3050 -0.1858 -0.9341
vn 0.2070 -0.1909 -0.9595
vn 0.2070 -0.0000 -0.9783
vn 0.4535 -0.1739 -0.8741
vn 0.4535 -0.0000 -0.8913
vn 0.7711 -0.1242 -0.6245
vn 0.7711 -0.0000 -0.6367
vn 0.2070 -0.3744 -0.9039
vn 0.4535 -0.3411 -0.8234
vn 0.7711 -0.2437 -0.5883
vn 0.2070 -0.5435 -0.8135
vn 0.4535 -0.4952 -0.7411
vn 0.7711 -0.3538 -0.5294
vn 0.2070 -0.6918 -0.6918
vn 0.4535 -0.6302 -0.6302
vn 0.7711 -0.4502 -0.4502
vn 0.2070 -0.8135 -0.5435
vn 0.4535 -0.7411 -0.4952
vn 0.7711 -0.5294 -0.3538
vn 0.2070 -0.9039 -0.3744
vn 0.4535 -0.8234 -0.3411
vn 0.7711 -0.5883 -0.2437
vn 0.2070 -0.9595 -0.1909
vn 0.4535 -0.8741 -0.1739
vn 0.7711 -0.6245 -0.1242
vn 0.2070 -0.9783 -0.0000
vn 0.4535 -0.8913 -0.0000
vn 0.7711 -0.6367 -0.0000
vn 0.2070 -0.9595 0.1909
vn 0.4535 -0.8741 0.1739
vn 0.7711 -0.6245 0.1242
vn 0.2070 -0.9039 0.3744
vn 0.4535 -0.8234 0.3411
vn 0.7711 -0.5883 0.2437
vn 0.2070 -0.8135 0.5435
vn 0.4535 -0.7411 0.4952
vn 0.7711 -0.5294 0.3538
vn 0.2070 -0.6918 0.6918
vn 0.4535 -0.6302 0.6302
vn 0.7711 -0.4502 0.4502
vn 0.2070 -0.5435 0.8135
vn 0.4535 -0.4952 0.7411
vn 0.7711 -0.3538 0.5294
vn 0.2070 -0.3744 0.9039
vn 0.4535 -0.3411 0.8234
vn 0.7711 -0.2437 0.5883
vn 0.2070 -0.1909 0.9595
vn 0.4535 -0.1739 0.8741
vn 0.7711 -0.1242 0.6245
vn 0.2070 -0.0000 0.9783
vn 0.4535 -0.0000 0.8913
vn 0.7711 -0.0000 0.6367
vn 0.2070 0.1909 0.9595
vn 0.4535 0.1739 0.8741
vn 0.7711 0.1242 0.6245
vn 0.2070 0.3744 0.9039
vn 0.4535 0.3411 0.8234
vn 0.7711 0.2437 0.5883
vn 0.2070 0.5435 0.8135
vn 0.4535 0.4952 0.7411
vn 0.7711 0.3538 0.5294
vn 0.2070 0.6918 0.6918
vn 0.4535 0.6302 0.6302
vn 0.7711 0.4502 0.4502
vn 0.2070 0.8135 0.5435
vn 0.4535 0.7411 0.4952
vn 0.7711 0.5294 0.3538
vn 0.2070 0.9039 0.3744
vn 0.4535 0.8234 0.3411
vn 0.7711 0.5883 0.2437
vn 0.2070 0.9595 0.1909
vn 0.4535 0.8741 0.1739
vn 0.7711 0.6245 0.1242
vn 0.2070 0.9783 -0.0000
vn 0.4535 0.8913 -0.0000
vn 0.7711 0.6367 -0.0000
vn 0.2070 0.9595 -0.1909
vn 0.4535 0.8741 -0.1739
vn 0.7711 0.6245 -0.1242
vn 0.2070 0.9039 -0.3744
vn 0.4535 0.8234 -0.3411
vn 0.7711 0.5883 -0.2437
vn 0.2070 0.8135 -0.5435
vn 0.4535 0.7411 -0.4952
vn 0.7711 0.5294 -0.3538
vn 0.2070 0.6918 -0.6918
vn 0.4535 0.6302 -0.6302
vn 0.7711 0.4502 -0.4502
vn 0.2070 0.5435 -0.8135
vn 0.4535 0.4952 -0.7411
vn 0.7711 0.3538 -0.5294
vn 0.2070 0.3744 -0.9039
vn 0.4535 0.3411 -0.8234
vn 0.7711 0.2437 -0.5883
vn 0.2070 0.1909 -0.9595
vn 0.4535 0.1739 -0.8741
vn 0.7711 0.1242 -0.6245
vn 0.7905 0.1195 0.6007
vn 0.7905 -0.0000 0.6125
vn 0.4660 0.1726 0.8678
vn 0.2123 -0.0000 0.9772
vn 0.2123 0.1906 0.9584
vn 0.7905 0.2344 0.5658
vn 0.4660 0.3386 0.8174
vn 0.2123 0.3740 0.9028
vn 0.7905 0.3403 0.5092
vn 0.4660 0.4916 0.7357
vn 0.2123 0.5429 0.8125
vn 0.7905 0.4331 0.4331
vn 0.4660 0.6256 0.6256
vn 0.2123 0.6910 0.6910
vn 0.7905 0.5092 0.3403
vn 0.4660 0.7357 0.4916
vn 0.2123 0.8125 0.5429
vn 0.7905 0.5658 0.2344
vn 0.4660 0.8174 0.3386
vn 0.2123 0.9028 0.3740
vn 0.7905 0.6007 0.1195
vn 0.4660 0.8678 0.1726
vn 0.2123 0.9584 0.1906
vn 0.7905 0.6125 -0.0000
vn 0.4660 0.8848 -0.0000
vn 0.2123 0.9772 -0.0000
vn 0.7905 0.6007 -0.1195
vn 0.4660 0.8678 -0.1726
vn 0.2123 0.9584 -0.1906
vn 0.7905 0.5658 -0.2344
vn 0.4660 0.8174 -0.3386
vn 0.2123 0.9028 -0.3740
vn 0.7905 0.5092 -0.3403
vn 0.4660 0.7357 -0.4916
vn 0.2123 0.8125 -0.5429
vn 0.7905 0.4331 -0.4331
vn 0.4660 0.6256 -0.6256
vn 0.2123 0.6910 -0.6910
vn 0.7905 0.3403 -0.5092
vn 0.4660 0.4916 -0.7357
vn 0.2123 0.5429 -0.8125
vn 0.7905 0.2344 -0.5658
vn 0.4660 0.3386 -0.8174
vn 0.2123 0.3740 -0.9028
vn 0.7905 0.1195 -0.6007
vn 0.4660 0.1726 -0.8678
vn 0.2123 0.1906 -0.9584
vn 0.7905 -0.0000 -0.6125
vn 0.4660 -0.0000 -0.8848
vn 0.2123 -0.0000 -0.9772
vn 0.7905 -0.1195 -0.6007
vn 0.4660 -0.1726 -0.8678
vn 0.2123 -0.1906 -0.9584
vn 0.7905 -0.2344 -0.5658
vn 0.4660 -0.3386 -0.8174
vn 0.2123 -0.3740 -0.9028
vn 0.7905 -0.3403 -0.5092
vn 0.4660 -0.4916 -0.7357
vn 0.2123 -0.5429 -0.8125
vn 0.7905 -0.4331 -0.4331
vn 0.4660 -0.6256 -0.6256
vn 0.2123 -0.6910 -0.6910
vn 0.7905 -0.5092 -0.3403
vn 0.4660 -0.7357 -0.4916
vn 0.2123 -0.8125 -0.5429
vn 0.7905 -0.5658 -0.2344
vn 0.4660 -0.8174 -0.3386
vn 0.2123 -0.9028 -0.3740
vn 0.7905 -0.6007 -0.1195
vn 0.4660 -0.8678 -0.1726
vn 0.2123 -0.9584 -0.1906
vn 0.7905 -0.6125 -0.0000
vn 0.4660 -0.8848 -0.0000
vn 0.2123 -0.9772 -0.0000
vn 0.7905 -0.6007 0.1195
vn 0.4660 -0.8678 0.1726
vn 0.2123 -0.9584 0.1906
vn 0.7905 -0.5658 0.2344
vn 0.4660 -0.8174 0.3386
vn 0.2123 -0.9028 0.3740
vn 0.7905 -0.5092 0.3403
vn 0.4660 -0.7357 0.4916
vn 0.2123 -0.8125 0.5429
vn 0.7905 -0.4331 0.4331
vn 0.4660 -0.6256 0.6256
vn 0.2123 -0.6910 0.6910
vn 0.7905 -0.3403 0.5092
vn 0.4660 -0.4916 0.7357
vn 0.2123 -0.5429 0.8125
vn 0.7905 -0.2344 0.5658
vn 0.4660 -0.3386 0.8174
vn 0.2123 -0.3740 0.9028
vn 0.7905 -0.1195 0.6007
vn 0.4660 -0.1726 0.8678
vn 0.2123 -0.1906 0.9584
vn 0.4660 -0.0000 0.8848
vn 0.4445 -0.0000 -0.8958
vn 0.4445 -0.1748 -0.8786
vn 0.6421 -0.0000 -0.7667
vn 0.6421 -0.1496 -0.7519
vn 0.8572 -0.0000 -0.5150
vn 0.8572 -0.1005 -0.5051
vn 0.9866 -0.0000 -0.1630
vn 0.9866 -0.0318 -0.1598
vn 0.4445 -0.3428 -0.8276
vn 0.6421 -0.2934 -0.7083
vn 0.8572 -0.1971 -0.4758
vn 0.4445 -0.4977 -0.7448
vn 0.6421 -0.4259 -0.6374
vn 0.8572 -0.2861 -0.4282
vn 0.9866 -0.0905 -0.1355
vn 0.4445 -0.6334 -0.6334
vn 0.6421 -0.5421 -0.5421
vn 0.8572 -0.3642 -0.3642
vn 0.9866 -0.1152 -0.1152
vn 0.4445 -0.7448 -0.4977
vn 0.6421 -0.6375 -0.4259
vn 0.8572 -0.4282 -0.2861
vn 0.9866 -0.1355 -0.0905
vn 0.4445 -0.8276 -0.3428
vn 0.6421 -0.7083 -0.2934
vn 0.8572 -0.4758 -0.1971
vn 0.9866 -0.1506 -0.0624
vn 0.4444 -0.8786 -0.1748
vn 0.6421 -0.7519 -0.1496
vn 0.8572 -0.5051 -0.1005
vn 0.9866 -0.1598 -0.0318
vn 0.4445 -0.8958 -0.0000
vn 0.6421 -0.7667 -0.0000
vn 0.8572 -0.5150 -0.0000
vn 0.9866 -0.1630 -0.0000
vn 0.4445 -0.8786 0.1748
vn 0.6421 -0.7519 0.1496
vn 0.8572 -0.5051 0.1005
vn 0.9866 -0.1598 0.0318
vn 0.4445 -0.8276 0.3428
vn 0.6421 -0.7083 0.2934
vn 0.8572 -0.4758 0.1971
vn 0.4445 -0.7448 0.4977
vn 0.6421 -0.6374 0.4259
vn 0.8572 -0.4282 0.2861
vn 0.9866 -0.1355 0.0905
vn 0.4444 -0.6334 0.6334
vn 0.6421 -0.5421 0.5421
vn 0.8572 -0.3642 0.3642
vn 0.9866 -0.1152 0.1152
vn 0.4445 -0.4977 0.7448
vn 0.6421 -0.4259 0.6375
vn 0.8572 -0.2861 0.4282
vn 0.9866 -0.0905 0.1355
vn 0.4445 -0.3428 0.8276
vn 0.6421 -0.2934 0.7083
vn 0.8572 -0.1971 0.4758
vn 0.9866 -0.0624 0.1506
vn 0.4445 -0.1748 0.8786
vn 0.6421 -0.1496 0.7519
vn 0.8572 -0.1005 0.5051
vn 0.9866 -0.0318 0.1598
vn 0.4445 -0.0000 0.8958
vn 0.6421 -0.0000 0.7667
vn 0.8572 -0.0000 0.5150
vn 0.9866 -0.0000 0.1630
vn 0.4445 0.1748 0.8786
vn 0.6421 0.1496 0.7519
vn 0.8572 0.1005 0.5051
vn 0.9866 0.0318 0.1598
vn 0.4445 0.3428 0.8276
vn 0.6421 0.2934 0.7083
vn 0.8572 0.1971 0.4758
vn 0.4445 0.4977 0.7448
vn 0.6421 0.4259 0.6374
vn 0.8572 0.2861 0.4282
vn 0.9866 0.0905 0.1355
vn 0.4445 0.6334 0.6334
vn 0.6421 0.5421 0.5421
vn 0.8572 0.3642 0.3642
vn 0.9866 0.1152 0.1152
vn 0.4445 0.7448 0.4977
vn 0.6421 0.6374 0.4259
vn 0.8572 0.4282 0.2861
vn 0.9866 0.1355 0.0905
vn 0.4445 0.8276 0.3428
vn 0.6421 0.7083 0.2934
vn 0.8572 0.4758 0.1971
vn 0.9866 0.1506 0.0624
vn 0.4445 0.8786 0.1748
vn 0.6421 0.7519 0.1496
vn 0.8572 0.5051 0.1005
vn 0.9866 0.1598 0.0318
vn 0.4445 0.8958 -0.0000
vn 0.6421 0.7667 -0.0000
vn 0.8572 0.5150 -0.0000
vn 0.9866 0.1630 -0.0000
vn 0.4445 0.8786 -0.1748
vn 0.6421 0.7519 -0.1496
vn 0.8572 0.5051 -0.1005
vn 0.9866 0.1598 -0.0318
vn 0.4445 0.8276 -0.3428
vn 0.6421 0.7083 -0.2934
vn 0.8572 0.4758 -0.1971
vn 0.9866 0.1506 -0.0624
vn 0.4445 0.7448 -0.4977
vn 0.6421 0.6374 -0.4259
vn 0.8572 0.4282 -0.2861
vn 0.9866 0.1355 -0.0905
vn 0.4445 0.6334 -0.6334
vn 0.6421 0.5421 -0.5421
vn 0.8572 0.3642 -0.3642
vn 0.9866 0.1152 -0.1152
vn 0.4445 0.4977 -0.7448
vn 0.6421 0.4259 -0.6375
vn 0.8572 0.2861 -0.4282
vn 0.9866 0.0905 -0.1355
vn 0.4445 0.3428 -0.8276
vn 0.6421 0.2934 -0.7083
vn 0.8572 0.1971 -0.4758
vn 0.9866 0.0624 -0.1506
vn 0.4445 0.1748 -0.8786
vn 0.6421 0.1496 -0.7519
vn 0.8572 0.1005 -0.5051
vn 0.9866 0.0318 -0.1598
vn 0.2581 -0.0000 -0.9661
vt 0.968750 0.988687
vt 0.937500 0.500000
vt 0.968750 0.500000
vt 0.286688 0.434444
vt 0.337668 0.461649
vt 0.294693 0.474685
vt 0.354479 0.406364
vt 0.337668 0.461649
vt 0.321967 0.423743
vt 0.382977 0.382977
vt 0.377274 0.440479
vt 0.440479 0.377274
vt 0.411989 0.411989
vt 0.406364 0.354479
vt 0.461649 0.337668
vt 0.434444 0.286688
vt 0.461649 0.337668
vt 0.423742 0.321966
vt 0.438057 0.250000
vt 0.474685 0.294693
vt 0.434444 0.213312
vt 0.479087 0.250000
vt 0.461649 0.162332
vt 0.474685 0.205307
vt 0.406364 0.145521
vt 0.423742 0.178034
vt 0.382977 0.117023
vt 0.440479 0.122726
vt 0.377274 0.059521
vt 0.411989 0.088011
vt 0.354479 0.093636
vt 0.337668 0.038351
vt 0.286688 0.065556
vt 0.337668 0.038351
vt 0.321966 0.076258
vt 0.250000 0.061943
vt 0.294693 0.025315
vt 0.213312 0.065556
vt 0.250000 0.020913
vt 0.162332 0.038351
vt 0.205307 0.025315
vt 0.145521 0.093636
vt 0.178034 0.076258
vt 0.117023 0.117023
vt 0.122726 0.059521
vt 0.059521 0.122726
vt 0.088011 0.088011
vt 0.093636 0.145521
vt 0.038351 0.162332
vt 0.065556 0.213312
vt 0.038351 0.162332
vt 0.076258 0.178034
vt 0.061943 0.250000
vt 0.025315 0.205307
vt 0.065556 0.286688
vt 0.020913 0.250000
vt 0.038351 0.337668
vt 0.025315 0.294693
vt 0.093636 0.354479
vt 0.038351 0.337668
vt 0.076258 0.321966
vt 0.117023 0.382977
vt 0.059521 0.377274
vt 0.122726 0.440479
vt 0.088011 0.411989
vt 0.145521 0.406364
vt 0.162332 0.461649
vt 0.122726 0.440479
vt 0.250000 0.312029
vt 0.233303 0.333941
vt 0.237899 0.310837
vt 0.213312 0.434444
vt 0.178034 0.423742
vt 0.250000 0.438057
vt 0.205307 0.474685
vt 0.796822 0.014612
vt 0.514612 0.203178
vt 0.703178 0.485388
vt 1.000000 0.988687
vt 1.000000 0.500000
vt 0.031250 0.988687
vt 0.000000 0.500000
vt 0.031250 0.500000
vt 0.906250 0.988687
vt 0.875000 0.500000
vt 0.906250 0.500000
vt 0.875000 0.988687
vt 0.843750 0.500000
vt 0.843750 0.988687
vt 0.812500 0.500000
vt 0.812500 0.988687
vt 0.781250 0.500000
vt 0.781250 0.988687
vt 0.750000 0.500000
vt 0.750000 0.988687
vt 0.718750 0.500000
vt 0.718750 0.988687
vt 0.687500 0.500000
vt 0.687500 0.988687
vt 0.656250 0.500000
vt 0.656250 0.988687
vt 0.625000 0.500000
vt 0.625000 0.988687
vt 0.593750 0.500000
vt 0.593750 0.988687
vt 0.562500 0.500000
vt 0.562500 0.988687
vt 0.531250 0.500000
vt 0.531250 0.988687
vt 0.500000 0.500000
vt 0.500000 0.988687
vt 0.468750 0.500000
vt 0.468750 0.988687
vt 0.437500 0.500000
vt 0.437500 0.988687
vt 0.406250 0.500000
vt 0.406250 0.988687
vt 0.375000 0.500000
vt 0.375000 0.988687
vt 0.343750 0.500000
vt 0.343750 0.988687
vt 0.312500 0.500000
vt 0.312500 0.988687
vt 0.281250 0.500000
vt 0.281250 0.988687
vt 0.250000 0.500000
vt 0.250000 0.988687
vt 0.218750 0.500000
vt 0.218750 0.988687
vt 0.187500 0.500000
vt 0.187500 0.988687
vt 0.156250 0.500000
vt 0.156250 0.988687
vt 0.125000 0.500000
vt 0.125000 0.988687
vt 0.093750 0.500000
vt 0.093750 0.988687
vt 0.062500 0.500000
vt 0.062500 0.988687
vt 0.279093 0.396263
vt 0.250000 0.427144
vt 0.250000 0.399128
vt 0.937500 0.988687
vt 0.223035 0.114440
vt 0.250000 0.111785
vt 0.112223 0.307069
vt 0.102710 0.348416
vt 0.086340 0.317790
vt 0.276964 0.114440
vt 0.112223 0.307069
vt 0.076260 0.284559
vt 0.103737 0.279094
vt 0.302893 0.122306
vt 0.302893 0.122306
vt 0.072856 0.250000
vt 0.100871 0.250000
vt 0.326788 0.135078
vt 0.100871 0.250000
vt 0.076260 0.215441
vt 0.103737 0.220906
vt 0.347733 0.152267
vt 0.112223 0.192931
vt 0.076260 0.215441
vt 0.086340 0.182210
vt 0.364922 0.173212
vt 0.364922 0.173212
vt 0.126004 0.167149
vt 0.086340 0.182210
vt 0.102710 0.151584
vt 0.377694 0.197107
vt 0.126004 0.167149
vt 0.124740 0.124740
vt 0.144550 0.144550
vt 0.385560 0.223036
vt 0.151584 0.102710
vt 0.167149 0.126004
vt 0.388215 0.250000
vt 0.388215 0.250000
vt 0.192931 0.112223
vt 0.151584 0.102710
vt 0.182210 0.086340
vt 0.385560 0.276964
vt 0.192931 0.112223
vt 0.215441 0.076260
vt 0.220906 0.103737
vt 0.377694 0.302893
vt 0.377694 0.302893
vt 0.326788 0.364922
vt 0.302893 0.377694
vt 0.250000 0.072856
vt 0.250000 0.100871
vt 0.364922 0.326788
vt 0.250000 0.100871
vt 0.284559 0.076260
vt 0.279094 0.103737
vt 0.347733 0.347733
vt 0.223035 0.385560
vt 0.197107 0.377694
vt 0.197107 0.377694
vt 0.307069 0.112223
vt 0.284559 0.076260
vt 0.317790 0.086340
vt 0.173212 0.364922
vt 0.173212 0.364922
vt 0.266697 0.333941
vt 0.250000 0.388215
vt 0.250000 0.335585
vt 0.282752 0.329070
vt 0.276964 0.385559
vt 0.297549 0.321162
vt 0.310518 0.310518
vt 0.321161 0.297549
vt 0.329070 0.282752
vt 0.333941 0.266697
vt 0.335585 0.250000
vt 0.333941 0.233303
vt 0.329070 0.217248
vt 0.321161 0.202451
vt 0.310518 0.189482
vt 0.297549 0.178839
vt 0.282752 0.170930
vt 0.266697 0.166059
vt 0.250000 0.164415
vt 0.233303 0.166059
vt 0.217248 0.170930
vt 0.202451 0.178838
vt 0.197107 0.122306
vt 0.189482 0.189482
vt 0.173212 0.135078
vt 0.178838 0.202451
vt 0.152267 0.152267
vt 0.170930 0.217248
vt 0.135078 0.173212
vt 0.166059 0.233303
vt 0.122306 0.197107
vt 0.164415 0.250000
vt 0.114440 0.223035
vt 0.166059 0.266697
vt 0.111785 0.250000
vt 0.170930 0.282752
vt 0.114440 0.276965
vt 0.178838 0.297548
vt 0.122306 0.302893
vt 0.189482 0.310518
vt 0.135078 0.326788
vt 0.202451 0.321161
vt 0.152267 0.347733
vt 0.217248 0.329070
vt 0.382977 0.382977
vt 0.423742 0.321966
vt 0.434444 0.286688
vt 0.438057 0.250000
vt 0.434444 0.213312
vt 0.423742 0.178034
vt 0.382977 0.117023
vt 0.354479 0.093636
vt 0.321966 0.076258
vt 0.286688 0.065556
vt 0.178034 0.076258
vt 0.117023 0.117023
vt 0.076258 0.178034
vt 0.065556 0.213312
vt 0.178034 0.423742
vt 0.213312 0.434444
vt 0.250000 0.388215
vt 0.144550 0.355450
vt 0.126004 0.332851
vt 0.307069 0.387777
vt 0.284559 0.423740
vt 0.167149 0.373996
vt 0.124740 0.375260
vt 0.348416 0.397290
vt 0.317790 0.413660
vt 0.167149 0.373996
vt 0.182210 0.413660
vt 0.151584 0.397290
vt 0.355450 0.355450
vt 0.348416 0.397290
vt 0.332851 0.373996
vt 0.173212 0.135078
vt 0.192931 0.387777
vt 0.215441 0.423741
vt 0.182210 0.413660
vt 0.373996 0.332851
vt 0.375260 0.375260
vt 0.250000 0.399128
vt 0.215441 0.423741
vt 0.220906 0.396263
vt 0.373996 0.332851
vt 0.413660 0.317790
vt 0.397290 0.348416
vt 0.135078 0.173212
vt 0.387777 0.307069
vt 0.423740 0.284559
vt 0.413660 0.317790
vt 0.122306 0.197107
vt 0.399128 0.250000
vt 0.396263 0.279094
vt 0.114440 0.223035
vt 0.396263 0.220906
vt 0.427144 0.250000
vt 0.399128 0.250000
vt 0.111785 0.250000
vt 0.387777 0.192931
vt 0.423740 0.215441
vt 0.396263 0.220906
vt 0.387777 0.192931
vt 0.397290 0.151584
vt 0.413660 0.182210
vt 0.355450 0.144550
vt 0.373996 0.167149
vt 0.135078 0.326788
vt 0.332851 0.126004
vt 0.375260 0.124740
vt 0.223035 0.385559
vt 0.332851 0.126004
vt 0.348416 0.102710
vt 0.232353 0.207398
vt 0.292602 0.232353
vt 0.267646 0.292602
vt 0.273738 0.307308
vt 0.284462 0.301575
vt 0.301575 0.284462
vt 0.293861 0.293861
vt 0.307308 0.273738
vt 0.301575 0.284462
vt 0.310837 0.262101
vt 0.307308 0.273738
vt 0.312029 0.250000
vt 0.310837 0.262101
vt 0.312029 0.250000
vt 0.307308 0.226262
vt 0.310837 0.237899
vt 0.301575 0.215538
vt 0.307308 0.226262
vt 0.293861 0.206139
vt 0.301575 0.215538
vt 0.293861 0.206139
vt 0.273738 0.192692
vt 0.284462 0.198425
vt 0.262101 0.189163
vt 0.250000 0.187971
vt 0.262101 0.189163
vt 0.237899 0.189163
vt 0.250000 0.187971
vt 0.226262 0.192692
vt 0.237899 0.189163
vt 0.215538 0.198424
vt 0.206139 0.206139
vt 0.198424 0.215538
vt 0.192692 0.226262
vt 0.187971 0.250000
vt 0.189163 0.237899
vt 0.187971 0.250000
vt 0.192692 0.273738
vt 0.189163 0.262101
vt 0.198424 0.284462
vt 0.192692 0.273738
vt 0.206139 0.293861
vt 0.198424 0.284462
vt 0.206139 0.293861
vt 0.226262 0.307307
vt 0.215538 0.301575
vt 0.250000 0.479087
vt 0.262101 0.310837
vt 0.968804 0.993016
vt 0.999946 0.993016
vt 0.968958 1.000000
vt 0.250312 0.489969
vt 0.295507 0.478781
vt 0.296510 0.485419
vt 0.250000 0.483263
vt 0.937500 0.988687
vt 0.968696 0.993016
vt 0.937554 0.993016
vt 0.937708 1.000000
vt 0.297121 0.485298
vt 0.339266 0.465507
vt 0.341544 0.471822
vt 0.937446 0.993016
vt 0.906304 0.993016
vt 0.906458 1.000000
vt 0.342120 0.471583
vt 0.379594 0.443951
vt 0.383061 0.449700
vt 0.339266 0.465507
vt 0.377274 0.440479
vt 0.875054 0.993016
vt 0.875000 0.988687
vt 0.906042 1.000000
vt 0.875208 1.000000
vt 0.419463 0.419904
vt 0.379594 0.443951
vt 0.414942 0.414942
vt 0.411989 0.411989
vt 0.843750 0.988687
vt 0.874946 0.993016
vt 0.843804 0.993016
vt 0.843958 1.000000
vt 0.419904 0.419463
vt 0.443951 0.379594
vt 0.449354 0.383579
vt 0.812554 0.993016
vt 0.812500 0.988687
vt 0.843542 1.000000
vt 0.812708 1.000000
vt 0.449700 0.383061
vt 0.465507 0.339266
vt 0.471583 0.342120
vt 0.781304 0.993016
vt 0.812446 0.993016
vt 0.781458 1.000000
vt 0.471822 0.341544
vt 0.478781 0.295507
vt 0.485298 0.297121
vt 0.465507 0.339266
vt 0.750054 0.993016
vt 0.781196 0.993016
vt 0.750208 1.000000
vt 0.485419 0.296510
vt 0.483263 0.250000
vt 0.489969 0.250312
vt 0.478781 0.295507
vt 0.479087 0.250000
vt 0.718804 0.993016
vt 0.718750 0.988687
vt 0.749946 0.993016
vt 0.718958 1.000000
vt 0.489969 0.249688
vt 0.478781 0.204493
vt 0.485419 0.203490
vt 0.718696 0.993016
vt 0.687554 0.993016
vt 0.687708 1.000000
vt 0.485298 0.202879
vt 0.465507 0.160734
vt 0.471822 0.158456
vt 0.687446 0.993016
vt 0.656304 0.993016
vt 0.656458 1.000000
vt 0.471583 0.157880
vt 0.443951 0.120406
vt 0.449700 0.116939
vt 0.465507 0.160734
vt 0.440479 0.122726
vt 0.625054 0.993016
vt 0.625000 0.988687
vt 0.656042 1.000000
vt 0.625208 1.000000
vt 0.419904 0.080537
vt 0.443951 0.120406
vt 0.414942 0.085058
vt 0.411989 0.088011
vt 0.593750 0.988687
vt 0.624946 0.993016
vt 0.593804 0.993016
vt 0.593958 1.000000
vt 0.419463 0.080096
vt 0.379594 0.056049
vt 0.383579 0.050646
vt 0.562554 0.993016
vt 0.593542 1.000000
vt 0.562708 1.000000
vt 0.383061 0.050300
vt 0.339266 0.034493
vt 0.342120 0.028417
vt 0.531304 0.993016
vt 0.531250 0.988687
vt 0.562446 0.993016
vt 0.531458 1.000000
vt 0.341544 0.028178
vt 0.295507 0.021219
vt 0.297121 0.014702
vt 0.294693 0.025315
vt 0.500054 0.993016
vt 0.531196 0.993016
vt 0.500208 1.000000
vt 0.296510 0.014581
vt 0.250000 0.016737
vt 0.250312 0.010031
vt 0.295507 0.021219
vt 0.250000 0.020913
vt 0.468804 0.993016
vt 0.468750 0.988687
vt 0.499946 0.993016
vt 0.468958 1.000000
vt 0.249688 0.010031
vt 0.204493 0.021219
vt 0.203490 0.014581
vt 0.250000 0.016737
vt 0.205307 0.025315
vt 0.468696 0.993016
vt 0.437554 0.993016
vt 0.437708 1.000000
vt 0.202879 0.014702
vt 0.160734 0.034493
vt 0.158456 0.028178
vt 0.406250 0.988687
vt 0.437446 0.993016
vt 0.406304 0.993016
vt 0.406458 1.000000
vt 0.157880 0.028417
vt 0.120406 0.056049
vt 0.116939 0.050300
vt 0.160734 0.034493
vt 0.375054 0.993016
vt 0.375000 0.988687
vt 0.406042 1.000000
vt 0.375208 1.000000
vt 0.080537 0.080096
vt 0.085058 0.085058
vt 0.088011 0.088011
vt 0.343750 0.988687
vt 0.374946 0.993016
vt 0.343804 0.993016
vt 0.343958 1.000000
vt 0.080096 0.080537
vt 0.056049 0.120406
vt 0.050646 0.116421
vt 0.312554 0.993016
vt 0.312500 0.988687
vt 0.343542 1.000000
vt 0.312708 1.000000
vt 0.050300 0.116939
vt 0.034493 0.160734
vt 0.028417 0.157880
vt 0.281304 0.993016
vt 0.312446 0.993016
vt 0.281458 1.000000
vt 0.028178 0.158456
vt 0.021219 0.204493
vt 0.014702 0.202879
vt 0.025315 0.205307
vt 0.250054 0.993016
vt 0.281196 0.993016
vt 0.250208 1.000000
vt 0.014581 0.203490
vt 0.016737 0.250000
vt 0.010031 0.249688
vt 0.021219 0.204493
vt 0.020913 0.250000
vt 0.218804 0.993016
vt 0.249946 0.993016
vt 0.218958 1.000000
vt 0.010031 0.250312
vt 0.021219 0.295507
vt 0.014581 0.296510
vt 0.025315 0.294693
vt 0.218696 0.993016
vt 0.187554 0.993016
vt 0.187708 1.000000
vt 0.014702 0.297121
vt 0.034493 0.339266
vt 0.028178 0.341544
vt 0.156250 0.988687
vt 0.187446 0.993016
vt 0.156304 0.993016
vt 0.156458 1.000000
vt 0.028417 0.342120
vt 0.056049 0.379594
vt 0.050300 0.383061
vt 0.034493 0.339266
vt 0.125054 0.993016
vt 0.125000 0.988687
vt 0.156042 1.000000
vt 0.125208 1.000000
vt 0.080096 0.419463
vt 0.056049 0.379594
vt 0.085058 0.414942
vt 0.088011 0.411989
vt 0.093750 0.988687
vt 0.124946 0.993016
vt 0.093804 0.993016
vt 0.093958 1.000000
vt 0.080537 0.419904
vt 0.120406 0.443951
vt 0.116421 0.449354
vt 0.062554 0.993016
vt 0.093542 1.000000
vt 0.062708 1.000000
vt 0.116939 0.449700
vt 0.160734 0.465507
vt 0.157880 0.471583
vt 0.031304 0.993016
vt 0.062446 0.993016
vt 0.031458 1.000000
vt 0.158456 0.471822
vt 0.204493 0.478781
vt 0.202879 0.485298
vt 0.160734 0.465507
vt 0.205307 0.474685
vt 0.000054 0.993016
vt 0.000000 0.988687
vt 0.031196 0.993016
vt 0.000208 1.000000
vt 0.203490 0.485419
vt 0.249688 0.489969
vt 0.204493 0.478781
vt 0.250000 0.479087
vt 0.286687 0.434436
vt 0.250000 0.438049
vt 0.286682 0.434414
vt 0.250000 0.438027
vt 0.285374 0.427837
vt 0.250000 0.431321
vt 0.321963 0.423735
vt 0.321955 0.423714
vt 0.319388 0.417518
vt 0.321967 0.423743
vt 0.354475 0.406357
vt 0.354462 0.406338
vt 0.350736 0.400762
vt 0.382971 0.382971
vt 0.382955 0.382955
vt 0.378213 0.378213
vt 0.406357 0.354475
vt 0.406339 0.354462
vt 0.400763 0.350736
vt 0.423735 0.321963
vt 0.423714 0.321955
vt 0.417518 0.319388
vt 0.434436 0.286687
vt 0.434414 0.286682
vt 0.427837 0.285374
vt 0.434444 0.286688
vt 0.438049 0.250000
vt 0.438027 0.250000
vt 0.431321 0.250000
vt 0.427144 0.250000
vt 0.434436 0.213313
vt 0.434414 0.213318
vt 0.427836 0.214626
vt 0.423735 0.178037
vt 0.423714 0.178045
vt 0.417518 0.180612
vt 0.406357 0.145525
vt 0.406338 0.145538
vt 0.400762 0.149264
vt 0.382971 0.117029
vt 0.382955 0.117045
vt 0.378213 0.121787
vt 0.375260 0.124740
vt 0.354475 0.093643
vt 0.354462 0.093662
vt 0.350736 0.099237
vt 0.321963 0.076265
vt 0.321955 0.076286
vt 0.319388 0.082482
vt 0.286687 0.065564
vt 0.286682 0.065586
vt 0.285374 0.072163
vt 0.250000 0.061951
vt 0.250000 0.061973
vt 0.250000 0.068679
vt 0.250000 0.072856
vt 0.213313 0.065564
vt 0.213318 0.065586
vt 0.214626 0.072163
vt 0.178037 0.076265
vt 0.178045 0.076286
vt 0.180612 0.082482
vt 0.145525 0.093643
vt 0.145538 0.093662
vt 0.149264 0.099238
vt 0.117029 0.117029
vt 0.117045 0.117045
vt 0.121787 0.121787
vt 0.093643 0.145525
vt 0.093662 0.145538
vt 0.099238 0.149264
vt 0.076265 0.178037
vt 0.076286 0.178045
vt 0.082482 0.180612
vt 0.065564 0.213313
vt 0.065586 0.213318
vt 0.072163 0.214626
vt 0.061951 0.250000
vt 0.061973 0.250000
vt 0.068679 0.250000
vt 0.061943 0.250000
vt 0.065564 0.286687
vt 0.065586 0.286682
vt 0.072163 0.285374
vt 0.076265 0.321963
vt 0.076286 0.321955
vt 0.082482 0.319388
vt 0.086340 0.317790
vt 0.093643 0.354475
vt 0.093662 0.354462
vt 0.099238 0.350736
vt 0.117029 0.382971
vt 0.117045 0.382955
vt 0.121787 0.378213
vt 0.145525 0.406357
vt 0.145538 0.406339
vt 0.149264 0.400763
vt 0.178037 0.423735
vt 0.178045 0.423714
vt 0.180612 0.417518
vt 0.213313 0.434436
vt 0.213318 0.434414
vt 0.214626 0.427837
vt 0.213312 0.434444
vt 0.278279 0.392167
vt 0.250000 0.394952
vt 0.250000 0.388223
vt 0.276966 0.385567
vt 0.305471 0.383918
vt 0.302896 0.377702
vt 0.332851 0.373996
vt 0.330531 0.370523
vt 0.326793 0.364928
vt 0.352497 0.352497
vt 0.347739 0.347739
vt 0.370523 0.330531
vt 0.364928 0.326793
vt 0.383918 0.305471
vt 0.387777 0.307069
vt 0.377702 0.302896
vt 0.392167 0.278279
vt 0.385567 0.276966
vt 0.394952 0.250000
vt 0.388223 0.250000
vt 0.392167 0.221721
vt 0.385567 0.223034
vt 0.383918 0.194529
vt 0.377702 0.197104
vt 0.373996 0.167149
vt 0.370523 0.169469
vt 0.364928 0.173207
vt 0.352497 0.147503
vt 0.347739 0.152261
vt 0.330531 0.129477
vt 0.326793 0.135071
vt 0.305471 0.116082
vt 0.307069 0.112223
vt 0.302896 0.122298
vt 0.278279 0.107833
vt 0.276966 0.114433
vt 0.250000 0.105048
vt 0.250000 0.111777
vt 0.250000 0.111785
vt 0.221721 0.107833
vt 0.223034 0.114433
vt 0.223036 0.114440
vt 0.194529 0.116082
vt 0.197104 0.122298
vt 0.169469 0.129477
vt 0.173207 0.135071
vt 0.147503 0.147503
vt 0.152261 0.152261
vt 0.129477 0.169469
vt 0.135071 0.173207
vt 0.116082 0.194529
vt 0.122298 0.197104
vt 0.107833 0.221721
vt 0.114433 0.223034
vt 0.105048 0.250000
vt 0.111777 0.250000
vt 0.111785 0.250000
vt 0.107833 0.278279
vt 0.114433 0.276966
vt 0.116082 0.305471
vt 0.122298 0.302896
vt 0.129477 0.330531
vt 0.135071 0.326793
vt 0.147503 0.352497
vt 0.152261 0.347739
vt 0.169469 0.370523
vt 0.173207 0.364928
vt 0.194529 0.383918
vt 0.192931 0.387777
vt 0.197104 0.377702
vt 0.221721 0.392167
vt 0.223034 0.385567
vt 0.262101 0.310837
vt 0.250000 0.309934
vt 0.261692 0.308782
vt 0.250000 0.307009
vt 0.261122 0.305914
vt 0.250000 0.300670
vt 0.259885 0.299696
vt 0.250000 0.296113
vt 0.258996 0.295226
vt 0.272936 0.305371
vt 0.271816 0.302669
vt 0.269390 0.296813
vt 0.283297 0.299833
vt 0.284462 0.301575
vt 0.281672 0.297401
vt 0.278151 0.292130
vt 0.275619 0.288341
vt 0.292379 0.292379
vt 0.290311 0.290312
vt 0.285829 0.285829
vt 0.282606 0.282606
vt 0.299833 0.283297
vt 0.297401 0.281673
vt 0.292130 0.278151
vt 0.288341 0.275619
vt 0.305371 0.272936
vt 0.302670 0.271816
vt 0.296813 0.269390
vt 0.292602 0.267646
vt 0.308782 0.261692
vt 0.305914 0.261122
vt 0.299696 0.259885
vt 0.295227 0.258996
vt 0.309934 0.250000
vt 0.307009 0.250000
vt 0.300670 0.250000
vt 0.296113 0.250000
vt 0.308782 0.238308
vt 0.305914 0.238878
vt 0.299696 0.240115
vt 0.295227 0.241004
vt 0.305371 0.227064
vt 0.302669 0.228184
vt 0.296813 0.230609
vt 0.299833 0.216703
vt 0.297401 0.218327
vt 0.292130 0.221849
vt 0.288341 0.224381
vt 0.292379 0.207621
vt 0.290311 0.209688
vt 0.285829 0.214171
vt 0.282607 0.217393
vt 0.283297 0.200167
vt 0.284462 0.198425
vt 0.281673 0.202599
vt 0.278150 0.207870
vt 0.275619 0.211659
vt 0.272936 0.194629
vt 0.271816 0.197330
vt 0.269390 0.203187
vt 0.267646 0.207398
vt 0.261692 0.191218
vt 0.261122 0.194086
vt 0.259885 0.200304
vt 0.258996 0.204773
vt 0.250000 0.190066
vt 0.250000 0.192991
vt 0.250000 0.199330
vt 0.250000 0.203887
vt 0.238308 0.191218
vt 0.238878 0.194086
vt 0.240115 0.200304
vt 0.241004 0.204773
vt 0.227064 0.194629
vt 0.228184 0.197330
vt 0.230609 0.203187
vt 0.216703 0.200167
vt 0.218327 0.202599
vt 0.221849 0.207870
vt 0.224381 0.211659
vt 0.207620 0.207621
vt 0.209688 0.209688
vt 0.214171 0.214171
vt 0.217393 0.217393
vt 0.200167 0.216703
vt 0.202599 0.218327
vt 0.207870 0.221849
vt 0.211659 0.224381
vt 0.194629 0.227064
vt 0.197330 0.228184
vt 0.203187 0.230609
vt 0.207397 0.232353
vt 0.191218 0.238307
vt 0.194086 0.238878
vt 0.200304 0.240115
vt 0.204773 0.241004
vt 0.190066 0.250000
vt 0.192991 0.250000
vt 0.199330 0.250000
vt 0.203887 0.250000
vt 0.191218 0.261692
vt 0.189163 0.262101
vt 0.194086 0.261122
vt 0.200304 0.259885
vt 0.204773 0.258996
vt 0.194629 0.272936
vt 0.197330 0.271816
vt 0.203187 0.269390
vt 0.207398 0.267646
vt 0.200167 0.283297
vt 0.202599 0.281672
vt 0.207870 0.278151
vt 0.211659 0.275619
vt 0.207621 0.292379
vt 0.209688 0.290311
vt 0.214171 0.285829
vt 0.217393 0.282606
vt 0.216703 0.299833
vt 0.218327 0.297401
vt 0.221849 0.292130
vt 0.224381 0.288341
vt 0.227064 0.305371
vt 0.228183 0.302669
vt 0.230609 0.296812
vt 0.232353 0.292602
vt 0.238307 0.308782
vt 0.238878 0.305914
vt 0.240115 0.299696
vt 0.241004 0.295226
vt 0.250000 0.312029
vt 0.750000 0.490000
vt 0.796822 0.485388
vt 0.841844 0.471731
vt 0.883337 0.449553
vt 0.919706 0.419706
vt 0.949553 0.383337
vt 0.971731 0.341844
vt 0.985388 0.296822
vt 0.990000 0.250000
vt 0.985388 0.203178
vt 0.971731 0.158156
vt 0.949553 0.116663
vt 0.919706 0.080294
vt 0.883337 0.050447
vt 0.841844 0.028269
vt 0.750000 0.010000
vt 0.703178 0.014612
vt 0.658156 0.028269
vt 0.616663 0.050447
vt 0.580294 0.080294
vt 0.550447 0.116663
vt 0.528269 0.158156
vt 0.510000 0.250000
vt 0.514612 0.296822
vt 0.528269 0.341844
vt 0.550447 0.383337
vt 0.580294 0.419706
vt 0.616663 0.449553
vt 0.658156 0.471731
vt 0.382977 0.117023
vt 0.117023 0.382977
vt 0.999792 1.000000
vt 0.968542 1.000000
vt 0.295507 0.478781
vt 0.937292 1.000000
vt 0.906196 0.993016
vt 0.383579 0.449354
vt 0.874792 1.000000
vt 0.843696 0.993016
vt 0.443951 0.379594
vt 0.812292 1.000000
vt 0.781042 1.000000
vt 0.749792 1.000000
vt 0.718542 1.000000
vt 0.687292 1.000000
vt 0.656196 0.993016
vt 0.449354 0.116421
vt 0.624792 1.000000
vt 0.593696 0.993016
vt 0.562292 1.000000
vt 0.531042 1.000000
vt 0.499792 1.000000
vt 0.468542 1.000000
vt 0.204493 0.021219
vt 0.437292 1.000000
vt 0.406196 0.993016
vt 0.116421 0.050646
vt 0.374792 1.000000
vt 0.343696 0.993016
vt 0.056049 0.120406
vt 0.312292 1.000000
vt 0.281042 1.000000
vt 0.249792 1.000000
vt 0.218542 1.000000
vt 0.021219 0.295507
vt 0.187292 1.000000
vt 0.156196 0.993016
vt 0.050646 0.383579
vt 0.124792 1.000000
vt 0.085058 0.414942
vt 0.093696 0.993016
vt 0.120406 0.443951
vt 0.062292 1.000000
vt 0.031042 1.000000
s 1
usemtl Material.001
f 428/248/70 141/249/71 140/250/72
f 171/251/73 437/252/74 427/253/75
f 174/254/73 437/255/74 173/256/73
f 175/257/73 442/258/76 174/254/73
f 175/257/73 452/259/77 447/260/78
f 176/261/73 457/262/79 452/259/77
f 178/263/73 457/264/79 177/265/73
f 179/266/73 462/267/80 178/263/73
f 180/268/73 467/269/81 179/266/73
f 180/268/73 477/270/82 472/271/83
f 182/272/73 477/270/82 181/273/73
f 183/274/73 482/275/84 182/272/73
f 183/274/73 492/276/85 487/277/86
f 184/278/73 497/279/87 492/276/85
f 186/280/73 497/281/87 185/282/73
f 187/283/73 502/284/88 186/280/73
f 188/285/73 507/286/89 187/283/73
f 188/285/73 517/287/90 512/288/91
f 190/289/73 517/287/90 189/290/73
f 191/291/73 522/292/92 190/289/73
f 191/291/73 532/293/93 527/294/94
f 192/295/73 537/296/95 532/293/93
f 194/297/73 537/298/95 193/299/73
f 195/300/73 542/301/96 194/297/73
f 196/302/73 547/303/97 195/300/73
f 196/302/73 557/304/98 552/305/99
f 198/306/73 557/307/98 197/308/73
f 199/309/73 562/310/100 198/306/73
f 199/309/73 572/311/101 567/312/102
f 200/313/73 577/314/103 572/315/101
f 267/316/104 266/317/105 423/318/106
f 202/319/73 577/314/103 201/320/73
f 172/321/73 582/322/107 202/319/73
f 154/323/108 162/324/108 170/325/108
f 432/326/109 140/250/72 139/327/110
f 583/328/111 139/329/110 170/330/112
f 443/331/113 143/332/114 142/333/115
f 448/334/116 144/335/117 143/332/114
f 453/336/118 145/337/119 144/335/117
f 458/338/120 146/339/121 145/337/119
f 463/340/122 147/341/123 146/339/121
f 468/342/124 148/343/125 147/341/123
f 473/344/126 149/345/127 148/343/125
f 478/346/128 150/347/129 149/345/127
f 483/348/130 151/349/131 150/347/129
f 488/350/132 152/351/133 151/349/131
f 493/352/134 153/353/135 152/351/133
f 498/354/136 154/355/137 153/353/135
f 503/356/138 155/357/139 154/355/137
f 508/358/140 156/359/141 155/357/139
f 513/360/142 157/361/143 156/359/141
f 518/362/144 158/363/145 157/361/143
f 523/364/146 159/365/147 158/363/145
f 528/366/148 160/367/149 159/365/147
f 533/368/150 161/369/151 160/367/149
f 538/370/152 162/371/153 161/369/151
f 543/372/154 163/373/155 162/371/153
f 548/374/156 164/375/157 163/373/155
f 553/376/158 165/377/159 164/375/157
f 558/378/160 166/379/161 165/377/159
f 563/380/162 167/381/163 166/379/161
f 568/382/164 168/383/165 167/381/163
f 573/384/166 169/385/167 168/383/165
f 578/386/168 170/330/112 169/385/167
f 748/387/169 593/388/170 752/389/171
f 438/390/172 142/333/115 141/249/71
f 220/391/72 827/392/173 219/392/110
f 202/319/112 592/321/109 172/321/110
f 878/393/174 722/394/100 717/395/98
f 219/392/110 822/396/175 218/396/112
f 878/397/174 712/398/99 873/399/176
f 218/396/112 817/400/177 217/401/167
f 873/399/176 707/402/97 868/403/178
f 217/401/167 812/404/179 216/404/165
f 868/405/178 702/406/96 863/407/180
f 216/404/165 807/408/181 215/408/163
f 858/409/182 702/410/96 697/411/95
f 215/408/163 802/412/183 214/413/161
f 853/414/184 697/415/95 692/416/93
f 214/413/161 797/417/185 213/417/159
f 853/418/184 687/419/94 848/420/186
f 213/417/159 792/421/187 212/421/157
f 848/420/186 682/422/92 843/423/188
f 212/421/157 787/424/189 211/425/155
f 838/426/190 682/427/92 677/428/90
f 211/425/155 782/429/191 210/429/153
f 838/430/190 672/431/91 833/432/192
f 210/429/153 777/433/193 209/434/151
f 206/435/145 757/436/194 205/436/143
f 833/432/192 667/437/89 828/438/195
f 209/434/151 772/439/196 208/439/149
f 828/440/195 662/441/88 823/442/197
f 208/439/149 767/443/198 207/443/147
f 234/444/137 897/445/199 233/446/135
f 818/447/200 662/448/88 657/449/87
f 207/443/147 762/435/201 206/435/145
f 233/446/135 892/450/202 232/451/133
f 235/452/73 204/453/73 236/454/73
f 237/455/73 203/456/73 235/452/73
f 238/457/73 205/436/73 237/455/73
f 239/458/73 206/435/73 238/457/73
f 240/459/73 207/443/73 239/458/73
f 241/460/73 208/439/73 240/459/73
f 242/461/73 209/434/73 241/460/73
f 243/462/73 210/429/73 242/461/73
f 244/463/73 211/425/73 243/462/73
f 245/464/73 212/421/73 244/463/73
f 246/465/73 213/417/73 245/464/73
f 247/466/73 214/413/73 246/465/73
f 248/467/73 215/408/73 247/466/73
f 249/468/73 216/404/73 248/467/73
f 250/469/73 217/401/73 249/468/73
f 251/470/73 218/396/73 250/469/73
f 252/471/73 219/392/73 251/470/73
f 253/472/73 220/391/73 252/471/73
f 254/473/73 221/474/73 253/472/73
f 255/475/73 222/476/73 254/473/73
f 256/477/73 223/478/73 255/475/73
f 257/479/73 224/480/73 256/477/73
f 258/481/73 225/482/73 257/479/73
f 259/483/73 226/484/73 258/481/73
f 260/485/73 227/486/73 259/483/73
f 261/487/73 228/488/73 260/485/73
f 262/489/73 229/490/73 261/487/73
f 263/491/73 230/492/73 262/489/73
f 264/493/73 231/494/73 263/491/73
f 265/495/73 232/451/73 264/493/73
f 266/317/73 233/446/73 265/495/73
f 236/454/73 234/444/73 266/317/73
f 171/251/72 598/256/172 173/256/71
f 172/321/110 588/251/70 171/251/72
f 174/254/115 608/496/116 175/257/114
f 175/257/114 613/261/118 176/261/117
f 176/261/117 618/497/120 177/265/119
f 177/265/119 623/498/122 178/263/121
f 178/263/121 628/499/124 179/266/123
f 179/266/123 633/500/126 180/268/125
f 180/268/125 638/501/128 181/273/127
f 181/273/127 643/272/130 182/272/129
f 182/272/129 648/502/132 183/274/131
f 183/274/131 653/503/134 184/278/133
f 184/278/133 658/504/136 185/282/135
f 185/282/135 663/505/138 186/280/137
f 186/280/137 668/283/140 187/283/139
f 187/283/139 673/285/142 188/285/141
f 188/285/141 678/506/144 189/290/143
f 189/290/143 683/289/146 190/289/145
f 190/289/145 688/507/148 191/291/147
f 191/291/147 693/295/150 192/295/149
f 192/295/149 698/508/152 193/299/151
f 193/299/151 703/509/154 194/297/153
f 194/297/153 708/300/156 195/300/155
f 195/300/155 713/302/158 196/302/157
f 196/302/157 718/308/160 197/308/159
f 197/308/159 723/306/162 198/306/161
f 198/306/161 728/309/164 199/309/163
f 199/309/163 733/313/166 200/313/165
f 200/313/165 738/510/168 201/320/167
f 201/320/167 743/511/111 202/319/112
f 203/456/141 753/512/203 204/453/139
f 173/256/71 603/254/113 174/254/115
f 888/513/204 722/394/100 883/514/205
f 758/515/206 587/516/75 748/387/169
f 221/474/71 832/391/207 220/391/72
f 893/517/208 727/518/102 888/513/204
f 758/515/206 602/519/76 597/520/74
f 222/476/115 837/474/209 221/474/71
f 893/521/208 737/522/103 732/523/101
f 768/524/210 602/525/76 763/526/211
f 223/478/114 842/527/212 222/476/115
f 898/528/213 742/529/107 737/530/103
f 773/531/214 607/532/78 768/524/210
f 224/480/117 847/478/215 223/478/114
f 752/533/171 742/534/107 903/535/216
f 773/536/214 617/537/79 612/538/77
f 225/482/119 852/539/217 224/480/117
f 778/540/218 622/541/80 617/542/79
f 226/484/121 857/543/219 225/482/119
f 788/544/220 622/541/80 783/545/221
f 227/486/123 862/546/222 226/484/121
f 793/547/223 627/548/81 788/549/220
f 228/488/125 867/550/224 227/486/123
f 798/551/225 632/552/83 793/553/223
f 229/490/127 872/488/226 228/488/125
f 798/554/225 642/555/84 637/556/82
f 230/492/129 877/490/227 229/490/127
f 808/557/228 642/555/84 803/558/229
f 231/494/131 882/559/230 230/492/129
f 205/436/143 747/456/231 203/456/141
f 813/560/232 647/561/86 808/557/228
f 232/451/133 887/494/233 231/494/131
f 204/453/139 902/562/234 234/444/137
f 813/563/232 657/449/87 652/564/85
f 357/565/235 317/566/236 277/567/237
f 278/568/238 238/457/239 237/455/240
f 283/569/241 239/458/242 238/457/239
f 293/570/243 239/458/242 288/571/244
f 298/572/245 240/459/246 293/573/243
f 303/574/247 241/460/248 298/575/245
f 308/576/249 242/461/250 303/577/247
f 308/578/249 244/463/251 243/462/252
f 318/579/253 244/463/251 313/580/254
f 323/581/255 245/464/256 318/582/253
f 328/583/257 246/465/258 323/584/255
f 328/585/257 248/467/259 247/466/260
f 338/586/261 248/467/259 333/587/262
f 343/588/263 249/468/264 338/586/261
f 348/589/265 250/469/266 343/590/263
f 353/591/267 251/470/268 348/592/265
f 358/593/269 252/471/270 353/594/267
f 363/595/271 253/472/272 358/593/269
f 368/596/273 254/473/274 363/595/271
f 373/597/275 255/475/276 368/596/273
f 378/598/277 256/477/278 373/597/275
f 378/598/277 258/481/279 257/479/280
f 388/599/281 258/481/279 383/600/282
f 388/601/281 260/485/283 259/483/284
f 398/602/285 260/485/283 393/603/286
f 403/604/287 261/487/288 398/605/285
f 408/606/289 262/489/290 403/607/287
f 408/608/289 264/493/291 263/491/292
f 418/609/293 264/493/291 413/610/294
f 418/609/293 266/317/105 265/495/295
f 171/251/73 433/611/170 172/321/73
f 278/568/238 235/452/296 273/612/297
f 432/326/109 431/613/298 428/248/70
f 434/614/299 430/615/300 431/613/298
f 435/616/301 429/617/302 430/618/300
f 436/619/303 427/253/75 429/617/302
f 438/620/172 431/621/298 441/622/304
f 431/621/298 440/623/305 441/622/304
f 430/624/300 439/625/306 440/626/305
f 439/625/306 427/253/75 437/252/74
f 443/331/113 441/627/304 446/628/307
f 441/627/304 445/629/308 446/628/307
f 440/630/305 444/631/309 445/632/308
f 439/633/306 442/634/76 444/631/309
f 443/331/113 451/635/310 448/636/116
f 451/635/310 445/637/308 450/638/311
f 450/639/311 444/640/309 449/641/312
f 444/640/309 447/642/78 449/641/312
f 453/643/118 451/644/310 456/645/313
f 451/644/310 455/646/314 456/645/313
f 450/647/311 454/648/315 455/649/314
f 454/648/315 447/260/78 452/259/77
f 453/336/118 461/650/316 458/651/120
f 461/650/316 455/652/314 460/653/317
f 455/654/314 459/655/318 460/656/317
f 459/655/318 452/259/77 457/262/79
f 458/338/120 466/657/319 463/340/122
f 461/658/316 465/659/320 466/657/319
f 460/660/317 464/661/321 465/662/320
f 459/663/318 462/267/80 464/661/321
f 463/340/122 471/664/322 468/342/124
f 466/665/319 470/666/323 471/664/322
f 465/667/320 469/668/324 470/669/323
f 464/670/321 467/671/81 469/668/324
f 468/342/124 476/672/325 473/673/126
f 471/674/322 475/675/326 476/672/325
f 470/676/323 474/677/327 475/678/326
f 469/668/324 472/271/83 474/677/327
f 478/346/128 476/679/325 481/680/328
f 476/679/325 480/681/329 481/680/328
f 475/682/326 479/683/330 480/684/329
f 479/683/330 472/271/83 477/270/82
f 483/348/130 481/685/328 486/686/331
f 481/685/328 485/687/332 486/686/331
f 480/688/329 484/689/333 485/690/332
f 479/691/330 482/692/84 484/689/333
f 483/348/130 491/693/334 488/694/132
f 491/693/334 485/695/332 490/696/335
f 490/697/335 484/698/333 489/699/336
f 484/698/333 487/700/86 489/699/336
f 493/701/134 491/702/334 496/703/337
f 491/702/334 495/704/338 496/703/337
f 490/705/335 494/706/339 495/707/338
f 494/706/339 487/277/86 492/276/85
f 493/352/134 501/708/340 498/354/136
f 501/708/340 495/709/338 500/710/341
f 495/711/338 499/712/342 500/713/341
f 499/712/342 492/276/85 497/279/87
f 498/354/136 506/714/343 503/715/138
f 501/716/340 505/717/344 506/714/343
f 500/718/341 504/719/345 505/720/344
f 499/712/342 502/721/88 504/719/345
f 503/356/138 511/722/346 508/358/140
f 506/723/343 510/724/347 511/722/346
f 505/725/344 509/726/348 510/727/347
f 504/728/345 507/729/89 509/726/348
f 508/358/140 516/730/349 513/731/142
f 511/732/346 515/733/350 516/730/349
f 510/734/347 514/735/351 515/736/350
f 509/737/348 512/738/91 514/735/351
f 518/362/144 516/739/349 521/740/352
f 516/739/349 520/741/353 521/740/352
f 515/742/350 519/743/354 520/744/353
f 519/743/354 512/288/91 517/287/90
f 523/745/146 521/746/352 526/747/355
f 521/746/352 525/748/356 526/747/355
f 520/749/353 524/750/357 525/751/356
f 519/752/354 522/292/92 524/750/357
f 523/364/146 531/753/358 528/754/148
f 531/753/358 525/755/356 530/756/359
f 530/757/359 524/750/357 529/758/360
f 524/750/357 527/759/94 529/758/360
f 533/760/150 531/761/358 536/762/361
f 531/761/358 535/763/362 536/762/361
f 530/764/359 534/765/363 535/766/362
f 534/765/363 527/294/94 532/293/93
f 533/368/150 541/767/364 538/768/152
f 541/767/364 535/769/362 540/770/365
f 535/771/362 539/772/366 540/773/365
f 539/772/366 532/293/93 537/296/95
f 538/370/152 546/774/367 543/372/154
f 541/775/364 545/776/368 546/774/367
f 540/777/365 544/778/369 545/779/368
f 539/772/366 542/780/96 544/778/369
f 543/372/154 551/781/370 548/374/156
f 546/782/367 550/783/371 551/781/370
f 545/784/368 549/785/372 550/786/371
f 544/787/369 547/788/97 549/785/372
f 548/374/156 556/789/373 553/376/158
f 551/790/370 555/791/374 556/789/373
f 550/792/371 554/793/375 555/794/374
f 549/785/372 552/795/99 554/793/375
f 558/378/160 556/796/373 561/797/376
f 556/796/373 560/798/377 561/797/376
f 555/799/374 559/800/378 560/801/377
f 559/800/378 552/305/99 557/304/98
f 563/802/162 561/803/376 566/804/379
f 561/803/376 565/805/380 566/804/379
f 560/806/377 564/807/381 565/808/380
f 559/809/378 562/310/100 564/807/381
f 563/380/162 571/810/382 568/811/164
f 571/810/382 565/812/380 570/813/383
f 570/814/383 564/815/381 569/816/384
f 564/815/381 567/817/102 569/816/384
f 573/818/166 571/819/382 576/820/385
f 571/819/382 575/821/386 576/820/385
f 570/822/383 574/823/387 575/824/386
f 574/823/387 567/312/102 572/311/101
f 573/384/166 581/825/388 578/386/168
f 581/825/388 575/826/386 580/827/389
f 575/828/386 579/829/390 580/830/389
f 579/829/390 572/315/101 577/314/103
f 578/386/168 586/831/391 583/328/111
f 581/832/388 585/833/392 586/831/391
f 580/834/389 584/835/393 585/836/392
f 579/837/390 582/838/107 584/835/393
f 583/328/111 434/839/299 432/840/109
f 586/841/391 435/842/301 434/839/299
f 585/843/392 436/619/303 435/844/301
f 584/845/393 433/846/170 436/619/303
f 592/321/109 591/847/298 588/251/70
f 594/848/299 590/849/300 591/847/298
f 595/850/301 589/851/302 590/849/300
f 596/852/303 587/516/75 589/851/302
f 598/256/172 591/847/298 601/853/304
f 591/847/298 600/854/305 601/853/304
f 600/854/305 589/851/302 599/855/306
f 599/855/306 587/516/75 597/520/74
f 598/856/172 606/857/307 603/254/113
f 606/857/307 600/854/305 605/858/308
f 605/858/308 599/855/306 604/859/309
f 599/855/306 602/519/76 604/859/309
f 603/254/113 611/860/310 608/496/116
f 611/860/310 605/858/308 610/861/311
f 605/858/308 609/862/312 610/861/311
f 604/859/309 607/532/78 609/862/312
f 613/261/118 611/860/310 616/863/313
f 611/860/310 615/864/314 616/863/313
f 610/861/311 614/865/315 615/864/314
f 614/865/315 607/532/78 612/538/77
f 618/497/120 616/863/313 621/866/316
f 616/863/313 620/867/317 621/866/316
f 620/867/317 614/865/315 619/868/318
f 619/868/318 612/538/77 617/537/79
f 618/265/120 626/869/319 623/498/122
f 626/869/319 620/867/317 625/870/320
f 620/867/317 624/871/321 625/870/320
f 619/868/318 622/541/80 624/871/321
f 623/872/122 631/873/322 628/499/124
f 631/873/322 625/870/320 630/874/323
f 625/870/320 629/875/324 630/874/323
f 624/871/321 627/876/81 629/875/324
f 628/499/124 636/877/325 633/500/126
f 631/873/322 635/878/326 636/877/325
f 630/874/323 634/879/327 635/878/326
f 629/875/324 632/552/83 634/879/327
f 638/501/128 636/877/325 641/880/328
f 636/877/325 640/881/329 641/880/328
f 640/881/329 634/879/327 639/882/330
f 639/882/330 632/552/83 637/556/82
f 638/273/128 646/883/331 643/272/130
f 646/883/331 640/881/329 645/884/332
f 645/884/332 639/882/330 644/885/333
f 639/882/330 642/555/84 644/885/333
f 643/272/130 651/886/334 648/502/132
f 651/886/334 645/884/332 650/887/335
f 645/884/332 649/888/336 650/887/335
f 644/885/333 647/889/86 649/888/336
f 653/503/134 651/886/334 656/890/337
f 651/886/334 655/891/338 656/890/337
f 650/887/335 654/892/339 655/891/338
f 654/892/339 647/561/86 652/564/85
f 658/504/136 656/890/337 661/893/340
f 656/890/337 660/894/341 661/893/340
f 660/894/341 654/892/339 659/895/342
f 659/895/342 652/564/85 657/449/87
f 658/282/136 666/896/343 663/505/138
f 666/896/343 660/894/341 665/897/344
f 660/894/341 664/898/345 665/897/344
f 659/895/342 662/448/88 664/898/345
f 663/280/138 671/899/346 668/283/140
f 671/899/346 665/897/344 670/900/347
f 665/897/344 669/901/348 670/900/347
f 664/898/345 667/902/89 669/901/348
f 668/283/140 676/903/349 673/285/142
f 671/899/346 675/904/350 676/903/349
f 670/900/347 674/905/351 675/904/350
f 669/901/348 672/431/91 674/905/351
f 678/506/144 676/903/349 681/906/352
f 676/903/349 680/907/353 681/906/352
f 680/907/353 674/905/351 679/908/354
f 679/908/354 672/431/91 677/428/90
f 678/290/144 686/909/355 683/289/146
f 686/909/355 680/907/353 685/910/356
f 685/910/356 679/908/354 684/911/357
f 679/908/354 682/427/92 684/911/357
f 683/289/146 691/912/358 688/507/148
f 691/912/358 685/910/356 690/913/359
f 685/910/356 689/914/360 690/913/359
f 684/911/357 687/419/94 689/914/360
f 693/295/150 691/912/358 696/915/361
f 691/912/358 695/916/362 696/915/361
f 690/913/359 694/917/363 695/916/362
f 694/917/363 687/419/94 692/416/93
f 698/508/152 696/915/361 701/918/364
f 696/915/361 700/919/365 701/918/364
f 700/919/365 694/917/363 699/920/366
f 699/920/366 692/416/93 697/415/95
f 698/299/152 706/921/367 703/509/154
f 706/921/367 700/919/365 705/922/368
f 700/919/365 704/923/369 705/922/368
f 699/920/366 702/410/96 704/923/369
f 703/297/154 711/924/370 708/300/156
f 711/924/370 705/922/368 710/925/371
f 705/922/368 709/926/372 710/925/371
f 704/923/369 707/402/97 709/926/372
f 708/927/156 716/928/373 713/302/158
f 711/924/370 715/929/374 716/928/373
f 710/925/371 714/930/375 715/929/374
f 709/926/372 712/398/99 714/930/375
f 718/308/160 716/928/373 721/931/376
f 716/928/373 720/932/377 721/931/376
f 720/932/377 714/930/375 719/933/378
f 719/933/378 712/398/99 717/934/98
f 718/308/160 726/935/379 723/306/162
f 726/935/379 720/932/377 725/936/380
f 725/936/380 719/933/378 724/937/381
f 719/933/378 722/394/100 724/937/381
f 723/306/162 731/938/382 728/309/164
f 731/938/382 725/936/380 730/939/383
f 725/936/380 729/940/384 730/939/383
f 724/937/381 727/518/102 729/940/384
f 733/313/166 731/938/382 736/941/385
f 731/938/382 735/942/386 736/941/385
f 730/939/383 734/943/387 735/942/386
f 734/943/387 727/518/102 732/523/101
f 738/510/168 736/941/385 741/944/388
f 736/941/385 740/945/389 741/944/388
f 740/945/389 734/943/387 739/946/390
f 739/946/390 732/523/101 737/522/103
f 738/320/168 746/947/391 743/511/111
f 746/947/391 740/945/389 745/948/392
f 740/945/389 744/949/393 745/948/392
f 739/946/390 742/529/107 744/949/393
f 743/950/111 594/848/299 592/321/109
f 594/848/299 745/948/392 595/850/301
f 745/948/392 596/852/303 595/850/301
f 744/949/393 593/388/170 596/852/303
f 752/389/171 751/951/394 748/387/169
f 754/952/395 750/456/396 751/951/394
f 750/456/396 756/953/397 749/954/398
f 749/954/398 753/512/203 747/456/231
f 748/387/169 761/955/399 758/515/206
f 751/951/394 760/436/400 761/955/399
f 760/436/400 749/954/398 759/956/401
f 749/954/398 757/436/194 759/956/401
f 763/957/211 761/955/399 766/958/402
f 761/955/399 765/435/403 766/958/402
f 765/435/403 759/956/401 764/959/404
f 759/956/401 762/435/201 764/959/404
f 768/524/210 766/958/402 771/960/405
f 766/958/402 770/443/406 771/960/405
f 765/435/403 769/961/407 770/443/406
f 764/959/404 767/443/198 769/961/407
f 768/524/210 776/962/408 773/531/214
f 776/962/408 770/443/406 775/439/409
f 775/439/409 769/961/407 774/963/410
f 774/963/410 767/443/198 772/439/196
f 773/536/214 781/964/411 778/965/218
f 781/964/411 775/439/409 780/434/412
f 775/439/409 779/966/413 780/434/412
f 774/963/410 777/434/193 779/966/413
f 778/540/218 786/967/414 783/545/221
f 786/967/414 780/434/412 785/429/415
f 780/434/412 784/968/416 785/429/415
f 779/966/413 782/429/191 784/968/416
f 783/545/221 791/969/417 788/544/220
f 786/967/414 790/425/418 791/969/417
f 785/429/415 789/970/419 790/425/418
f 784/968/416 787/424/189 789/970/419
f 788/549/220 796/971/420 793/547/223
f 791/969/417 795/421/421 796/971/420
f 795/421/421 789/970/419 794/972/422
f 794/972/422 787/424/189 792/421/187
f 793/553/223 801/973/423 798/551/225
f 796/971/420 800/417/424 801/973/423
f 800/417/424 794/972/422 799/974/425
f 794/972/422 797/417/185 799/974/425
f 803/975/229 801/973/423 806/976/426
f 801/973/423 805/413/427 806/976/426
f 805/413/427 799/974/425 804/977/428
f 799/974/425 802/413/183 804/977/428
f 808/557/228 806/976/426 811/978/429
f 806/976/426 810/408/430 811/978/429
f 805/413/427 809/979/431 810/408/430
f 804/977/428 807/408/181 809/979/431
f 808/557/228 816/980/432 813/560/232
f 816/980/432 810/408/430 815/404/433
f 815/404/433 809/979/431 814/981/434
f 814/981/434 807/408/181 812/404/179
f 813/563/232 821/982/435 818/983/200
f 821/982/435 815/404/433 820/401/436
f 815/404/433 819/984/437 820/401/436
f 814/981/434 817/401/177 819/984/437
f 818/447/200 826/985/438 823/442/197
f 826/985/438 820/401/436 825/396/439
f 820/401/436 824/986/440 825/396/439
f 819/984/437 822/396/175 824/986/440
f 823/442/197 831/987/441 828/440/195
f 826/985/438 830/392/442 831/987/441
f 825/396/439 829/988/443 830/392/442
f 824/986/440 827/989/173 829/988/443
f 828/438/195 836/990/444 833/432/192
f 831/987/441 835/391/445 836/990/444
f 835/391/445 829/988/443 834/991/446
f 834/991/446 827/392/173 832/992/207
f 833/432/192 841/993/447 838/430/190
f 836/990/444 840/474/448 841/993/447
f 840/474/448 834/991/446 839/994/449
f 834/991/446 837/474/209 839/994/449
f 843/423/188 841/993/447 846/995/450
f 841/993/447 845/476/451 846/995/450
f 845/476/451 839/994/449 844/996/452
f 839/994/449 842/476/212 844/996/452
f 848/420/186 846/995/450 851/997/453
f 846/995/450 850/478/454 851/997/453
f 845/476/451 849/998/455 850/478/454
f 844/996/452 847/478/215 849/998/455
f 848/420/186 856/999/456 853/418/184
f 856/999/456 850/478/454 855/480/457
f 855/480/457 849/998/455 854/1000/458
f 854/1000/458 847/478/215 852/480/217
f 853/414/184 861/1001/459 858/409/182
f 861/1001/459 855/480/457 860/482/460
f 855/480/457 859/1002/461 860/482/460
f 854/1000/458 857/482/219 859/1002/461
f 858/409/182 866/1003/462 863/407/180
f 866/1003/462 860/482/460 865/484/463
f 860/482/460 864/1004/464 865/484/463
f 859/1002/461 862/546/222 864/1004/464
f 863/407/180 871/1005/465 868/405/178
f 866/1003/462 870/486/466 871/1005/465
f 865/484/463 869/1006/467 870/486/466
f 864/1004/464 867/1007/224 869/1006/467
f 868/403/178 876/1008/468 873/399/176
f 871/1005/465 875/488/469 876/1008/468
f 875/488/469 869/1006/467 874/1009/470
f 874/1009/470 867/550/224 872/488/226
f 873/399/176 881/1010/471 878/397/174
f 876/1008/468 880/490/472 881/1010/471
f 880/490/472 874/1009/470 879/1011/473
f 874/1009/470 877/490/227 879/1011/473
f 883/514/205 881/1010/471 886/1012/474
f 881/1010/471 885/492/475 886/1012/474
f 885/492/475 879/1011/473 884/1013/476
f 879/1011/473 882/492/230 884/1013/476
f 888/513/204 886/1012/474 891/1014/477
f 886/1012/474 890/494/478 891/1014/477
f 885/492/475 889/1015/479 890/494/478
f 884/1013/476 887/494/233 889/1015/479
f 888/513/204 896/1016/480 893/517/208
f 896/1016/480 890/494/478 895/451/481
f 895/451/481 889/1015/479 894/1017/482
f 894/1017/482 887/494/233 892/451/202
f 893/521/208 901/1018/483 898/1019/213
f 901/1018/483 895/451/481 900/446/484
f 895/451/481 899/1020/485 900/446/484
f 894/1017/482 897/446/199 899/1020/485
f 898/528/213 906/1021/486 903/535/216
f 906/1021/486 900/446/484 905/444/487
f 900/446/484 904/1022/488 905/444/487
f 899/1020/485 902/444/234 904/1022/488
f 903/535/216 754/952/395 752/533/171
f 906/1021/486 755/453/489 754/952/395
f 905/444/487 756/953/397 755/453/489
f 904/1022/488 753/453/203 756/953/397
f 273/1023/297 269/1024/490 276/1025/491
f 276/1025/491 270/1026/492 275/1027/493
f 275/1027/493 271/1028/494 274/1029/495
f 274/1029/495 268/1030/496 272/1031/497
f 273/612/297 281/1032/498 278/568/238
f 276/1025/491 280/1033/499 281/1032/498
f 275/1027/493 279/1034/500 280/1033/499
f 274/1029/495 277/567/237 279/1034/500
f 278/568/238 286/1035/501 283/1036/241
f 286/1035/501 280/1033/499 285/1037/502
f 285/1037/502 279/1034/500 284/1038/503
f 284/1038/503 277/567/237 282/1039/504
f 288/571/244 286/1035/501 291/1040/505
f 286/1035/501 290/1041/506 291/1040/505
f 290/1041/506 284/1038/503 289/1042/507
f 289/1042/507 282/1039/504 287/1043/508
f 293/570/243 291/1040/505 296/1044/509
f 291/1040/505 295/1045/510 296/1044/509
f 290/1041/506 294/1046/511 295/1045/510
f 294/1046/511 287/1043/508 292/1047/512
f 298/572/245 296/1044/509 301/1048/513
f 296/1044/509 300/1049/514 301/1048/513
f 295/1045/510 299/1050/515 300/1049/514
f 294/1046/511 297/1051/516 299/1050/515
f 303/574/247 301/1048/513 306/1052/517
f 306/1052/517 300/1049/514 305/1053/518
f 305/1053/518 299/1050/515 304/1054/519
f 304/1054/519 297/1051/516 302/1055/520
f 303/577/247 311/1056/521 308/576/249
f 306/1052/517 310/1057/522 311/1056/521
f 305/1053/518 309/1058/523 310/1057/522
f 309/1058/523 302/1055/520 307/1059/524
f 313/580/254 311/1056/521 316/1060/525
f 311/1056/521 315/1061/526 316/1060/525
f 310/1057/522 314/1062/527 315/1061/526
f 309/1058/523 312/1063/528 314/1062/527
f 313/580/254 321/1064/529 318/579/253
f 316/1060/525 320/1065/530 321/1064/529
f 315/1061/526 319/1066/531 320/1065/530
f 314/1062/527 317/566/236 319/1066/531
f 323/581/255 321/1064/529 326/1067/532
f 321/1064/529 325/1068/533 326/1067/532
f 320/1065/530 324/1069/534 325/1068/533
f 319/1066/531 322/1070/535 324/1069/534
f 328/583/257 326/1067/532 331/1071/536
f 326/1067/532 330/1072/537 331/1071/536
f 330/1072/537 324/1069/534 329/1073/538
f 329/1073/538 322/1070/535 327/1074/539
f 328/585/257 336/1075/540 333/1076/262
f 331/1071/536 335/1077/541 336/1075/540
f 330/1072/537 334/1078/542 335/1077/541
f 329/1073/538 332/1079/543 334/1078/542
f 333/587/262 341/1080/544 338/586/261
f 336/1075/540 340/1081/545 341/1080/544
f 335/1077/541 339/1082/546 340/1081/545
f 334/1078/542 337/1083/547 339/1082/546
f 338/586/261 346/1084/548 343/588/263
f 341/1080/544 345/1085/549 346/1084/548
f 340/1081/545 344/1086/550 345/1085/549
f 339/1082/546 342/1087/551 344/1086/550
f 343/590/263 351/1088/552 348/589/265
f 346/1084/548 350/1089/553 351/1088/552
f 345/1085/549 349/1090/554 350/1089/553
f 344/1086/550 347/1091/555 349/1090/554
f 348/592/265 356/1092/556 353/591/267
f 356/1092/556 350/1089/553 355/1093/557
f 355/1093/557 349/1090/554 354/1094/558
f 354/1094/558 347/1091/555 352/1095/559
f 353/594/267 361/1096/560 358/593/269
f 361/1096/560 355/1093/557 360/1097/561
f 355/1093/557 359/1098/562 360/1097/561
f 354/1094/558 357/565/235 359/1098/562
f 358/593/269 366/1099/563 363/595/271
f 361/1096/560 365/1100/564 366/1099/563
f 365/1100/564 359/1098/562 364/1101/565
f 359/1098/562 362/1102/566 364/1101/565
f 363/595/271 371/1103/567 368/596/273
f 366/1099/563 370/1104/568 371/1103/567
f 370/1104/568 364/1101/565 369/1105/569
f 369/1105/569 362/1102/566 367/1106/570
f 373/597/275 371/1103/567 376/1107/571
f 371/1103/567 375/1108/572 376/1107/571
f 370/1104/568 374/1109/573 375/1108/572
f 374/1109/573 367/1106/570 372/1110/574
f 378/598/277 376/1107/571 381/1111/575
f 376/1107/571 380/1112/576 381/1111/575
f 375/1108/572 379/1113/577 380/1112/576
f 374/1109/573 377/1114/578 379/1113/577
f 378/598/277 386/1115/579 383/600/282
f 386/1115/579 380/1112/576 385/1116/580
f 385/1116/580 379/1113/577 384/1117/581
f 384/1117/581 377/1114/578 382/1118/582
f 383/600/282 391/1119/583 388/599/281
f 386/1115/579 390/1120/584 391/1119/583
f 385/1116/580 389/1121/585 390/1120/584
f 389/1121/585 382/1118/582 387/1122/586
f 388/601/281 396/1123/587 393/1124/286
f 391/1119/583 395/1125/588 396/1123/587
f 390/1120/584 394/1126/589 395/1125/588
f 389/1121/585 392/1127/590 394/1126/589
f 393/603/286 401/1128/591 398/602/285
f 396/1123/587 400/1129/592 401/1128/591
f 395/1125/588 399/1130/593 400/1129/592
f 394/1126/589 397/1131/594 399/1130/593
f 398/605/285 406/1132/595 403/604/287
f 401/1128/591 405/1133/596 406/1132/595
f 400/1129/592 404/1134/597 405/1133/596
f 399/1130/593 402/1135/598 404/1134/597
f 403/607/287 411/1136/599 408/606/289
f 411/1136/599 405/1133/596 410/1137/600
f 410/1137/600 404/1134/597 409/1138/601
f 409/1138/601 402/1135/598 407/1139/602
f 413/610/294 411/1136/599 416/1140/603
f 411/1136/599 415/1141/604 416/1140/603
f 410/1137/600 414/1142/605 415/1141/604
f 409/1138/601 412/1143/606 414/1142/605
f 413/610/294 421/1144/607 418/609/293
f 416/1140/603 420/1145/608 421/1144/607
f 415/1141/604 419/1146/609 420/1145/608
f 414/1142/605 417/1147/610 419/1146/609
f 418/609/293 426/1148/611 423/318/106
f 421/1144/607 425/1149/612 426/1148/611
f 420/1145/608 424/1150/613 425/1149/612
f 419/1146/609 422/1151/614 424/1150/613
f 423/318/106 269/1024/490 267/316/104
f 426/1148/611 270/1026/492 269/1024/490
f 425/1149/612 271/1028/494 270/1026/492
f 424/1150/613 268/1030/496 271/1028/494
f 267/1152/104 235/452/296 236/454/615
f 428/248/70 438/620/172 141/249/71
f 171/251/73 173/256/73 437/252/74
f 174/254/73 442/634/76 437/255/74
f 175/257/73 447/642/78 442/258/76
f 175/257/73 176/261/73 452/259/77
f 176/261/73 177/265/73 457/262/79
f 178/263/73 462/267/80 457/264/79
f 179/266/73 467/671/81 462/267/80
f 180/268/73 472/271/83 467/269/81
f 180/268/73 181/273/73 477/270/82
f 182/272/73 482/692/84 477/270/82
f 183/274/73 487/700/86 482/275/84
f 183/274/73 184/278/73 492/276/85
f 184/278/73 185/282/73 497/279/87
f 186/280/73 502/721/88 497/281/87
f 187/283/73 507/729/89 502/284/88
f 188/285/73 512/738/91 507/286/89
f 188/285/73 189/290/73 517/287/90
f 190/289/73 522/292/92 517/287/90
f 191/291/73 527/759/94 522/292/92
f 191/291/73 192/295/73 532/293/93
f 192/295/73 193/299/73 537/296/95
f 194/297/73 542/780/96 537/298/95
f 195/300/73 547/788/97 542/301/96
f 196/302/73 552/795/99 547/303/97
f 196/302/73 197/308/73 557/304/98
f 198/306/73 562/310/100 557/307/98
f 199/309/73 567/817/102 562/310/100
f 199/309/73 200/313/73 572/311/101
f 200/313/73 201/320/73 577/314/103
f 267/316/104 236/454/615 266/317/105
f 202/319/73 582/838/107 577/314/103
f 172/321/73 433/846/170 582/322/107
f 170/325/108 139/1153/108 140/1154/108
f 140/1154/108 141/1155/108 142/1156/108
f 142/1156/108 143/1157/108 144/1158/108
f 144/1158/108 145/1159/108 146/1160/108
f 146/1160/108 147/1161/108 148/1162/108
f 148/1162/108 149/1163/108 150/1164/108
f 150/1164/108 151/1165/108 152/1166/108
f 152/1166/108 153/1167/108 154/323/108
f 154/323/108 155/1168/108 156/1169/108
f 156/1169/108 157/1170/108 158/1171/108
f 158/1171/108 159/1172/108 160/1173/108
f 160/1173/108 161/1174/108 162/324/108
f 162/324/108 163/1175/108 164/1176/108
f 164/1176/108 165/1177/108 166/1178/108
f 166/1178/108 167/1179/108 168/1180/108
f 168/1180/108 169/1181/108 170/325/108
f 170/325/108 140/1154/108 142/1156/108
f 142/1156/108 144/1158/108 146/1160/108
f 146/1160/108 148/1162/108 150/1164/108
f 150/1164/108 152/1166/108 154/323/108
f 154/323/108 156/1169/108 158/1171/108
f 158/1171/108 160/1173/108 162/324/108
f 162/324/108 164/1176/108 166/1178/108
f 166/1178/108 168/1180/108 170/325/108
f 170/325/108 142/1156/108 146/1160/108
f 146/1160/108 150/1164/108 154/323/108
f 154/323/108 158/1171/108 162/324/108
f 162/324/108 166/1178/108 170/325/108
f 170/325/108 146/1160/108 154/323/108
f 432/326/109 428/248/70 140/250/72
f 583/328/111 432/840/109 139/329/110
f 443/331/113 448/636/116 143/332/114
f 448/334/116 453/643/118 144/335/117
f 453/336/118 458/651/120 145/337/119
f 458/338/120 463/340/122 146/339/121
f 463/340/122 468/342/124 147/341/123
f 468/342/124 473/673/126 148/343/125
f 473/344/126 478/346/128 149/345/127
f 478/346/128 483/348/130 150/347/129
f 483/348/130 488/694/132 151/349/131
f 488/350/132 493/701/134 152/351/133
f 493/352/134 498/354/136 153/353/135
f 498/354/136 503/715/138 154/355/137
f 503/356/138 508/358/140 155/357/139
f 508/358/140 513/731/142 156/359/141
f 513/360/142 518/362/144 157/361/143
f 518/362/144 523/745/146 158/363/145
f 523/364/146 528/754/148 159/365/147
f 528/366/148 533/760/150 160/367/149
f 533/368/150 538/768/152 161/369/151
f 538/370/152 543/372/154 162/371/153
f 543/372/154 548/374/156 163/373/155
f 548/374/156 553/376/158 164/375/157
f 553/376/158 558/378/160 165/377/159
f 558/378/160 563/802/162 166/379/161
f 563/380/162 568/811/164 167/381/163
f 568/382/164 573/818/166 168/383/165
f 573/384/166 578/386/168 169/385/167
f 578/386/168 583/328/111 170/330/112
f 748/387/169 587/516/75 593/388/170
f 438/390/172 443/331/113 142/333/115
f 220/391/72 832/992/207 827/392/173
f 202/319/112 743/950/111 592/321/109
f 878/393/174 883/514/205 722/394/100
f 219/392/110 827/989/173 822/396/175
f 878/397/174 717/934/98 712/398/99
f 218/396/112 822/396/175 817/400/177
f 873/399/176 712/398/99 707/402/97
f 217/401/167 817/401/177 812/404/179
f 868/405/178 707/402/97 702/406/96
f 216/404/165 812/404/179 807/408/181
f 858/409/182 863/407/180 702/410/96
f 215/408/163 807/408/181 802/412/183
f 853/414/184 858/409/182 697/415/95
f 214/413/161 802/413/183 797/417/185
f 853/418/184 692/416/93 687/419/94
f 213/417/159 797/417/185 792/421/187
f 848/420/186 687/419/94 682/422/92
f 212/421/157 792/421/187 787/424/189
f 838/426/190 843/423/188 682/427/92
f 211/425/155 787/424/189 782/429/191
f 838/430/190 677/428/90 672/431/91
f 210/429/153 782/429/191 777/433/193
f 206/435/145 762/435/201 757/436/194
f 833/432/192 672/431/91 667/437/89
f 209/434/151 777/434/193 772/439/196
f 828/440/195 667/902/89 662/441/88
f 208/439/149 772/439/196 767/443/198
f 234/444/137 902/444/234 897/445/199
f 818/447/200 823/442/197 662/448/88
f 207/443/147 767/443/198 762/435/201
f 233/446/135 897/446/199 892/450/202
f 235/452/73 203/456/73 204/453/73
f 237/455/73 205/436/73 203/456/73
f 238/457/73 206/435/73 205/436/73
f 239/458/73 207/443/73 206/435/73
f 240/459/73 208/439/73 207/443/73
f 241/460/73 209/434/73 208/439/73
f 242/461/73 210/429/73 209/434/73
f 243/462/73 211/425/73 210/429/73
f 244/463/73 212/421/73 211/425/73
f 245/464/73 213/417/73 212/421/73
f 246/465/73 214/413/73 213/417/73
f 247/466/73 215/408/73 214/413/73
f 248/467/73 216/404/73 215/408/73
f 249/468/73 217/401/73 216/404/73
f 250/469/73 218/396/73 217/401/73
f 251/470/73 219/392/73 218/396/73
f 252/471/73 220/391/73 219/392/73
f 253/472/73 221/474/73 220/391/73
f 254/473/73 222/476/73 221/474/73
f 255/475/73 223/478/73 222/476/73
f 256/477/73 224/480/73 223/478/73
f 257/479/73 225/482/73 224/480/73
f 258/481/73 226/484/73 225/482/73
f 259/483/73 227/486/73 226/484/73
f 260/485/73 228/488/73 227/486/73
f 261/487/73 229/490/73 228/488/73
f 262/489/73 230/492/73 229/490/73
f 263/491/73 231/494/73 230/492/73
f 264/493/73 232/451/73 231/494/73
f 265/495/73 233/446/73 232/451/73
f 266/317/73 234/444/73 233/446/73
f 236/454/73 204/453/73 234/444/73
f 171/251/72 588/251/70 598/256/172
f 172/321/110 592/321/109 588/251/70
f 174/254/115 603/254/113 608/496/116
f 175/257/114 608/257/116 613/261/118
f 176/261/117 613/261/118 618/497/120
f 177/265/119 618/265/120 623/498/122
f 178/263/121 623/872/122 628/499/124
f 179/266/123 628/499/124 633/500/126
f 180/268/125 633/268/126 638/501/128
f 181/273/127 638/273/128 643/272/130
f 182/272/129 643/272/130 648/502/132
f 183/274/131 648/1182/132 653/503/134
f 184/278/133 653/278/134 658/504/136
f 185/282/135 658/282/136 663/505/138
f 186/280/137 663/280/138 668/283/140
f 187/283/139 668/283/140 673/285/142
f 188/285/141 673/285/142 678/506/144
f 189/290/143 678/290/144 683/289/146
f 190/289/145 683/289/146 688/507/148
f 191/291/147 688/507/148 693/295/150
f 192/295/149 693/295/150 698/508/152
f 193/299/151 698/299/152 703/509/154
f 194/297/153 703/297/154 708/300/156
f 195/300/155 708/927/156 713/302/158
f 196/302/157 713/302/158 718/308/160
f 197/308/159 718/308/160 723/306/162
f 198/306/161 723/306/162 728/309/164
f 199/309/163 728/1183/164 733/313/166
f 200/313/165 733/313/166 738/510/168
f 201/320/167 738/320/168 743/511/111
f 203/456/141 747/456/231 753/512/203
f 173/256/71 598/856/172 603/254/113
f 888/513/204 727/518/102 722/394/100
f 758/515/206 597/520/74 587/516/75
f 221/474/71 837/474/209 832/391/207
f 893/517/208 732/523/101 727/518/102
f 758/515/206 763/957/211 602/519/76
f 222/476/115 842/476/212 837/474/209
f 893/521/208 898/1019/213 737/522/103
f 768/524/210 607/532/78 602/525/76
f 223/478/114 847/478/215 842/527/212
f 898/528/213 903/535/216 742/529/107
f 773/531/214 612/538/77 607/532/78
f 224/480/117 852/480/217 847/478/215
f 752/533/171 593/388/170 742/534/107
f 773/536/214 778/965/218 617/537/79
f 225/482/119 857/482/219 852/539/217
f 778/540/218 783/545/221 622/541/80
f 226/484/121 862/546/222 857/543/219
f 788/544/220 627/876/81 622/541/80
f 227/486/123 867/1007/224 862/546/222
f 793/547/223 632/552/83 627/548/81
f 228/488/125 872/488/226 867/550/224
f 798/551/225 637/556/82 632/552/83
f 229/490/127 877/490/227 872/488/226
f 798/554/225 803/975/229 642/555/84
f 230/492/129 882/492/230 877/490/227
f 808/557/228 647/889/86 642/555/84
f 231/494/131 887/494/233 882/559/230
f 205/436/143 757/436/194 747/456/231
f 813/560/232 652/564/85 647/561/86
f 232/451/133 892/451/202 887/494/233
f 204/453/139 753/453/203 902/562/234
f 813/563/232 818/983/200 657/449/87
f 277/567/237 272/1031/497 268/1030/496
f 268/1030/496 422/1151/614 417/1147/610
f 417/1147/610 412/1143/606 407/1139/602
f 407/1139/602 402/1135/598 397/1131/594
f 397/1131/594 392/1127/590 387/1122/586
f 387/1122/586 382/1118/582 377/1114/578
f 377/1114/578 372/1110/574 367/1106/570
f 367/1106/570 362/1102/566 357/565/235
f 357/565/235 352/1095/559 347/1091/555
f 347/1091/555 342/1087/551 337/1083/547
f 337/1083/547 332/1079/543 327/1074/539
f 327/1074/539 322/1070/535 317/566/236
f 317/566/236 312/1063/528 307/1059/524
f 307/1059/524 302/1055/520 297/1051/516
f 297/1051/516 292/1047/512 287/1043/508
f 287/1043/508 282/1039/504 277/567/237
f 277/567/237 268/1030/496 417/1147/610
f 417/1147/610 407/1139/602 397/1131/594
f 397/1131/594 387/1122/586 377/1114/578
f 377/1114/578 367/1106/570 357/565/235
f 357/565/235 347/1091/555 337/1083/547
f 337/1083/547 327/1074/539 317/566/236
f 317/566/236 307/1059/524 297/1051/516
f 297/1051/516 287/1043/508 277/567/237
f 277/567/237 417/1147/610 397/1131/594
f 397/1131/594 377/1114/578 357/565/235
f 357/565/235 337/1083/547 317/566/236
f 317/566/236 297/1051/516 277/567/237
f 277/567/237 397/1131/594 357/565/235
f 278/568/238 283/1036/241 238/457/239
f 283/569/241 288/571/244 239/458/242
f 293/570/243 240/459/246 239/458/242
f 298/572/245 241/460/248 240/459/246
f 303/574/247 242/461/250 241/460/248
f 308/576/249 243/462/252 242/461/250
f 308/578/249 313/580/254 244/463/251
f 318/579/253 245/464/256 244/463/251
f 323/581/255 246/465/258 245/464/256
f 328/583/257 247/466/260 246/465/258
f 328/585/257 333/1076/262 248/467/259
f 338/586/261 249/468/264 248/467/259
f 343/588/263 250/469/266 249/468/264
f 348/589/265 251/470/268 250/469/266
f 353/591/267 252/471/270 251/470/268
f 358/593/269 253/472/272 252/471/270
f 363/595/271 254/473/274 253/472/272
f 368/596/273 255/475/276 254/473/274
f 373/597/275 256/477/278 255/475/276
f 378/598/277 257/479/280 256/477/278
f 378/598/277 383/600/282 258/481/279
f 388/599/281 259/483/284 258/481/279
f 388/601/281 393/1124/286 260/485/283
f 398/602/285 261/487/288 260/485/283
f 403/604/287 262/489/290 261/487/288
f 408/606/289 263/491/292 262/489/290
f 408/608/289 413/610/294 264/493/291
f 418/609/293 265/495/295 264/493/291
f 418/609/293 423/318/106 266/317/105
f 171/251/73 427/253/75 433/611/170
f 278/568/238 237/455/240 235/452/296
f 432/326/109 434/614/299 431/613/298
f 434/614/299 435/1184/301 430/615/300
f 435/616/301 436/619/303 429/617/302
f 436/619/303 433/611/170 427/253/75
f 438/620/172 428/248/70 431/621/298
f 431/621/298 430/1185/300 440/623/305
f 430/624/300 429/1186/302 439/625/306
f 439/625/306 429/1186/302 427/253/75
f 443/331/113 438/390/172 441/627/304
f 441/627/304 440/1187/305 445/629/308
f 440/630/305 439/633/306 444/631/309
f 439/633/306 437/255/74 442/634/76
f 443/331/113 446/1188/307 451/635/310
f 451/635/310 446/1188/307 445/637/308
f 450/639/311 445/1189/308 444/640/309
f 444/640/309 442/258/76 447/642/78
f 453/643/118 448/334/116 451/644/310
f 451/644/310 450/1190/311 455/646/314
f 450/647/311 449/641/312 454/648/315
f 454/648/315 449/641/312 447/260/78
f 453/336/118 456/1191/313 461/650/316
f 461/650/316 456/1191/313 455/652/314
f 455/654/314 454/1192/315 459/655/318
f 459/655/318 454/1192/315 452/259/77
f 458/338/120 461/658/316 466/657/319
f 461/658/316 460/1193/317 465/659/320
f 460/660/317 459/663/318 464/661/321
f 459/663/318 457/264/79 462/267/80
f 463/340/122 466/665/319 471/664/322
f 466/665/319 465/1194/320 470/666/323
f 465/667/320 464/670/321 469/668/324
f 464/670/321 462/267/80 467/671/81
f 468/342/124 471/674/322 476/672/325
f 471/674/322 470/1195/323 475/675/326
f 470/676/323 469/668/324 474/677/327
f 469/668/324 467/269/81 472/271/83
f 478/346/128 473/344/126 476/679/325
f 476/679/325 475/1196/326 480/681/329
f 475/682/326 474/677/327 479/683/330
f 479/683/330 474/677/327 472/271/83
f 483/348/130 478/346/128 481/685/328
f 481/685/328 480/1197/329 485/687/332
f 480/688/329 479/691/330 484/689/333
f 479/691/330 477/270/82 482/692/84
f 483/348/130 486/1198/331 491/693/334
f 491/693/334 486/1198/331 485/695/332
f 490/697/335 485/1199/332 484/698/333
f 484/698/333 482/275/84 487/700/86
f 493/701/134 488/350/132 491/702/334
f 491/702/334 490/1200/335 495/704/338
f 490/705/335 489/699/336 494/706/339
f 494/706/339 489/699/336 487/277/86
f 493/352/134 496/1201/337 501/708/340
f 501/708/340 496/1201/337 495/709/338
f 495/711/338 494/706/339 499/712/342
f 499/712/342 494/706/339 492/276/85
f 498/354/136 501/716/340 506/714/343
f 501/716/340 500/1202/341 505/717/344
f 500/718/341 499/712/342 504/719/345
f 499/712/342 497/281/87 502/721/88
f 503/356/138 506/723/343 511/722/346
f 506/723/343 505/1203/344 510/724/347
f 505/725/344 504/728/345 509/726/348
f 504/728/345 502/284/88 507/729/89
f 508/358/140 511/732/346 516/730/349
f 511/732/346 510/1204/347 515/733/350
f 510/734/347 509/737/348 514/735/351
f 509/737/348 507/286/89 512/738/91
f 518/362/144 513/360/142 516/739/349
f 516/739/349 515/1205/350 520/741/353
f 515/742/350 514/1206/351 519/743/354
f 519/743/354 514/1206/351 512/288/91
f 523/745/146 518/362/144 521/746/352
f 521/746/352 520/1207/353 525/748/356
f 520/749/353 519/752/354 524/750/357
f 519/752/354 517/287/90 522/292/92
f 523/364/146 526/1208/355 531/753/358
f 531/753/358 526/1208/355 525/755/356
f 530/757/359 525/1209/356 524/750/357
f 524/750/357 522/292/92 527/759/94
f 533/760/150 528/366/148 531/761/358
f 531/761/358 530/1210/359 535/763/362
f 530/764/359 529/758/360 534/765/363
f 534/765/363 529/758/360 527/294/94
f 533/368/150 536/1211/361 541/767/364
f 541/767/364 536/1211/361 535/769/362
f 535/771/362 534/1212/363 539/772/366
f 539/772/366 534/1212/363 532/293/93
f 538/370/152 541/775/364 546/774/367
f 541/775/364 540/1213/365 545/776/368
f 540/777/365 539/772/366 544/778/369
f 539/772/366 537/298/95 542/780/96
f 543/372/154 546/782/367 551/781/370
f 546/782/367 545/1214/368 550/783/371
f 545/784/368 544/787/369 549/785/372
f 544/787/369 542/301/96 547/788/97
f 548/374/156 551/790/370 556/789/373
f 551/790/370 550/1215/371 555/791/374
f 550/792/371 549/785/372 554/793/375
f 549/785/372 547/303/97 552/795/99
f 558/378/160 553/376/158 556/796/373
f 556/796/373 555/1216/374 560/798/377
f 555/799/374 554/1217/375 559/800/378
f 559/800/378 554/1217/375 552/305/99
f 563/802/162 558/378/160 561/803/376
f 561/803/376 560/1218/377 565/805/380
f 560/806/377 559/809/378 564/807/381
f 559/809/378 557/307/98 562/310/100
f 563/380/162 566/1219/379 571/810/382
f 571/810/382 566/1219/379 565/812/380
f 570/814/383 565/1220/380 564/815/381
f 564/815/381 562/310/100 567/817/102
f 573/818/166 568/382/164 571/819/382
f 571/819/382 570/1221/383 575/821/386
f 570/822/383 569/1222/384 574/823/387
f 574/823/387 569/1222/384 567/312/102
f 573/384/166 576/1223/385 581/825/388
f 581/825/388 576/1223/385 575/826/386
f 575/828/386 574/1224/387 579/829/390
f 579/829/390 574/1224/387 572/315/101
f 578/386/168 581/832/388 586/831/391
f 581/832/388 580/1225/389 585/833/392
f 580/834/389 579/837/390 584/835/393
f 579/837/390 577/314/103 582/838/107
f 583/328/111 586/841/391 434/839/299
f 586/841/391 585/1226/392 435/842/301
f 585/843/392 584/845/393 436/619/303
f 584/845/393 582/322/107 433/846/170
f 592/321/109 594/848/299 591/847/298
f 594/848/299 595/850/301 590/849/300
f 595/850/301 596/852/303 589/851/302
f 596/852/303 593/388/170 587/516/75
f 598/256/172 588/251/70 591/847/298
f 591/847/298 590/849/300 600/854/305
f 600/854/305 590/849/300 589/851/302
f 599/855/306 589/851/302 587/516/75
f 598/856/172 601/853/304 606/857/307
f 606/857/307 601/853/304 600/854/305
f 605/858/308 600/854/305 599/855/306
f 599/855/306 597/520/74 602/519/76
f 603/254/113 606/857/307 611/860/310
f 611/860/310 606/857/307 605/858/308
f 605/858/308 604/859/309 609/862/312
f 604/859/309 602/525/76 607/532/78
f 613/261/118 608/257/116 611/860/310
f 611/860/310 610/861/311 615/864/314
f 610/861/311 609/862/312 614/865/315
f 614/865/315 609/862/312 607/532/78
f 618/497/120 613/261/118 616/863/313
f 616/863/313 615/864/314 620/867/317
f 620/867/317 615/864/314 614/865/315
f 619/868/318 614/865/315 612/538/77
f 618/265/120 621/866/316 626/869/319
f 626/869/319 621/866/316 620/867/317
f 620/867/317 619/868/318 624/871/321
f 619/868/318 617/542/79 622/541/80
f 623/872/122 626/869/319 631/873/322
f 631/873/322 626/869/319 625/870/320
f 625/870/320 624/871/321 629/875/324
f 624/871/321 622/541/80 627/876/81
f 628/499/124 631/873/322 636/877/325
f 631/873/322 630/874/323 635/878/326
f 630/874/323 629/875/324 634/879/327
f 629/875/324 627/548/81 632/552/83
f 638/501/128 633/268/126 636/877/325
f 636/877/325 635/878/326 640/881/329
f 640/881/329 635/878/326 634/879/327
f 639/882/330 634/879/327 632/552/83
f 638/273/128 641/880/328 646/883/331
f 646/883/331 641/880/328 640/881/329
f 645/884/332 640/881/329 639/882/330
f 639/882/330 637/556/82 642/555/84
f 643/272/130 646/883/331 651/886/334
f 651/886/334 646/883/331 645/884/332
f 645/884/332 644/885/333 649/888/336
f 644/885/333 642/555/84 647/889/86
f 653/503/134 648/1182/132 651/886/334
f 651/886/334 650/887/335 655/891/338
f 650/887/335 649/888/336 654/892/339
f 654/892/339 649/888/336 647/561/86
f 658/504/136 653/278/134 656/890/337
f 656/890/337 655/891/338 660/894/341
f 660/894/341 655/891/338 654/892/339
f 659/895/342 654/892/339 652/564/85
f 658/282/136 661/893/340 666/896/343
f 666/896/343 661/893/340 660/894/341
f 660/894/341 659/895/342 664/898/345
f 659/895/342 657/449/87 662/448/88
f 663/280/138 666/896/343 671/899/346
f 671/899/346 666/896/343 665/897/344
f 665/897/344 664/898/345 669/901/348
f 664/898/345 662/441/88 667/902/89
f 668/283/140 671/899/346 676/903/349
f 671/899/346 670/900/347 675/904/350
f 670/900/347 669/901/348 674/905/351
f 669/901/348 667/437/89 672/431/91
f 678/506/144 673/285/142 676/903/349
f 676/903/349 675/904/350 680/907/353
f 680/907/353 675/904/350 674/905/351
f 679/908/354 674/905/351 672/431/91
f 678/290/144 681/906/352 686/909/355
f 686/909/355 681/906/352 680/907/353
f 685/910/356 680/907/353 679/908/354
f 679/908/354 677/428/90 682/427/92
f 683/289/146 686/909/355 691/912/358
f 691/912/358 686/909/355 685/910/356
f 685/910/356 684/911/357 689/914/360
f 684/911/357 682/422/92 687/419/94
f 693/295/150 688/507/148 691/912/358
f 691/912/358 690/913/359 695/916/362
f 690/913/359 689/914/360 694/917/363
f 694/917/363 689/914/360 687/419/94
f 698/508/152 693/295/150 696/915/361
f 696/915/361 695/916/362 700/919/365
f 700/919/365 695/916/362 694/917/363
f 699/920/366 694/917/363 692/416/93
f 698/299/152 701/918/364 706/921/367
f 706/921/367 701/918/364 700/919/365
f 700/919/365 699/920/366 704/923/369
f 699/920/366 697/411/95 702/410/96
f 703/297/154 706/921/367 711/924/370
f 711/924/370 706/921/367 705/922/368
f 705/922/368 704/923/369 709/926/372
f 704/923/369 702/406/96 707/402/97
f 708/927/156 711/924/370 716/928/373
f 711/924/370 710/925/371 715/929/374
f 710/925/371 709/926/372 714/930/375
f 709/926/372 707/402/97 712/398/99
f 718/308/160 713/302/158 716/928/373
f 716/928/373 715/929/374 720/932/377
f 720/932/377 715/929/374 714/930/375
f 719/933/378 714/930/375 712/398/99
f 718/308/160 721/931/376 726/935/379
f 726/935/379 721/931/376 720/932/377
f 725/936/380 720/932/377 719/933/378
f 719/933/378 717/395/98 722/394/100
f 723/306/162 726/935/379 731/938/382
f 731/938/382 726/935/379 725/936/380
f 725/936/380 724/937/381 729/940/384
f 724/937/381 722/394/100 727/518/102
f 733/313/166 728/1183/164 731/938/382
f 731/938/382 730/939/383 735/942/386
f 730/939/383 729/940/384 734/943/387
f 734/943/387 729/940/384 727/518/102
f 738/510/168 733/313/166 736/941/385
f 736/941/385 735/942/386 740/945/389
f 740/945/389 735/942/386 734/943/387
f 739/946/390 734/943/387 732/523/101
f 738/320/168 741/944/388 746/947/391
f 746/947/391 741/944/388 740/945/389
f 740/945/389 739/946/390 744/949/393
f 739/946/390 737/530/103 742/529/107
f 743/950/111 746/947/391 594/848/299
f 594/848/299 746/947/391 745/948/392
f 745/948/392 744/949/393 596/852/303
f 744/949/393 742/534/107 593/388/170
f 752/389/171 754/952/395 751/951/394
f 754/952/395 755/453/489 750/456/396
f 750/456/396 755/453/489 756/953/397
f 749/954/398 756/953/397 753/512/203
f 748/387/169 751/951/394 761/955/399
f 751/951/394 750/456/396 760/436/400
f 760/436/400 750/456/396 749/954/398
f 749/954/398 747/456/231 757/436/194
f 763/957/211 758/515/206 761/955/399
f 761/955/399 760/436/400 765/435/403
f 765/435/403 760/436/400 759/956/401
f 759/956/401 757/436/194 762/435/201
f 768/524/210 763/526/211 766/958/402
f 766/958/402 765/435/403 770/443/406
f 765/435/403 764/959/404 769/961/407
f 764/959/404 762/435/201 767/443/198
f 768/524/210 771/960/405 776/962/408
f 776/962/408 771/960/405 770/443/406
f 775/439/409 770/443/406 769/961/407
f 774/963/410 769/961/407 767/443/198
f 773/536/214 776/962/408 781/964/411
f 781/964/411 776/962/408 775/439/409
f 775/439/409 774/963/410 779/966/413
f 774/963/410 772/439/196 777/434/193
f 778/540/218 781/964/411 786/967/414
f 786/967/414 781/964/411 780/434/412
f 780/434/412 779/966/413 784/968/416
f 779/966/413 777/433/193 782/429/191
f 783/545/221 786/967/414 791/969/417
f 786/967/414 785/429/415 790/425/418
f 785/429/415 784/968/416 789/970/419
f 784/968/416 782/429/191 787/424/189
f 788/549/220 791/969/417 796/971/420
f 791/969/417 790/425/418 795/421/421
f 795/421/421 790/425/418 789/970/419
f 794/972/422 789/970/419 787/424/189
f 793/553/223 796/971/420 801/973/423
f 796/971/420 795/421/421 800/417/424
f 800/417/424 795/421/421 794/972/422
f 794/972/422 792/421/187 797/417/185
f 803/975/229 798/554/225 801/973/423
f 801/973/423 800/417/424 805/413/427
f 805/413/427 800/417/424 799/974/425
f 799/974/425 797/417/185 802/413/183
f 808/557/228 803/558/229 806/976/426
f 806/976/426 805/413/427 810/408/430
f 805/413/427 804/977/428 809/979/431
f 804/977/428 802/412/183 807/408/181
f 808/557/228 811/978/429 816/980/432
f 816/980/432 811/978/429 810/408/430
f 815/404/433 810/408/430 809/979/431
f 814/981/434 809/979/431 807/408/181
f 813/563/232 816/980/432 821/982/435
f 821/982/435 816/980/432 815/404/433
f 815/404/433 814/981/434 819/984/437
f 814/981/434 812/404/179 817/401/177
f 818/447/200 821/982/435 826/985/438
f 826/985/438 821/982/435 820/401/436
f 820/401/436 819/984/437 824/986/440
f 819/984/437 817/400/177 822/396/175
f 823/442/197 826/985/438 831/987/441
f 826/985/438 825/396/439 830/392/442
f 825/396/439 824/986/440 829/988/443
f 824/986/440 822/396/175 827/989/173
f 828/438/195 831/987/441 836/990/444
f 831/987/441 830/392/442 835/391/445
f 835/391/445 830/392/442 829/988/443
f 834/991/446 829/988/443 827/392/173
f 833/432/192 836/990/444 841/993/447
f 836/990/444 835/391/445 840/474/448
f 840/474/448 835/391/445 834/991/446
f 834/991/446 832/391/207 837/474/209
f 843/423/188 838/426/190 841/993/447
f 841/993/447 840/474/448 845/476/451
f 845/476/451 840/474/448 839/994/449
f 839/994/449 837/474/209 842/476/212
f 848/420/186 843/423/188 846/995/450
f 846/995/450 845/476/451 850/478/454
f 845/476/451 844/996/452 849/998/455
f 844/996/452 842/527/212 847/478/215
f 848/420/186 851/997/453 856/999/456
f 856/999/456 851/997/453 850/478/454
f 855/480/457 850/478/454 849/998/455
f 854/1000/458 849/998/455 847/478/215
f 853/414/184 856/999/456 861/1001/459
f 861/1001/459 856/999/456 855/480/457
f 855/480/457 854/1000/458 859/1002/461
f 854/1000/458 852/539/217 857/482/219
f 858/409/182 861/1001/459 866/1003/462
f 866/1003/462 861/1001/459 860/482/460
f 860/482/460 859/1002/461 864/1004/464
f 859/1002/461 857/543/219 862/546/222
f 863/407/180 866/1003/462 871/1005/465
f 866/1003/462 865/484/463 870/486/466
f 865/484/463 864/1004/464 869/1006/467
f 864/1004/464 862/546/222 867/1007/224
f 868/403/178 871/1005/465 876/1008/468
f 871/1005/465 870/486/466 875/488/469
f 875/488/469 870/486/466 869/1006/467
f 874/1009/470 869/1006/467 867/550/224
f 873/399/176 876/1008/468 881/1010/471
f 876/1008/468 875/488/469 880/490/472
f 880/490/472 875/488/469 874/1009/470
f 874/1009/470 872/488/226 877/490/227
f 883/514/205 878/393/174 881/1010/471
f 881/1010/471 880/490/472 885/492/475
f 885/492/475 880/490/472 879/1011/473
f 879/1011/473 877/490/227 882/492/230
f 888/513/204 883/514/205 886/1012/474
f 886/1012/474 885/492/475 890/494/478
f 885/492/475 884/1013/476 889/1015/479
f 884/1013/476 882/559/230 887/494/233
f 888/513/204 891/1014/477 896/1016/480
f 896/1016/480 891/1014/477 890/494/478
f 895/451/481 890/494/478 889/1015/479
f 894/1017/482 889/1015/479 887/494/233
f 893/521/208 896/1016/480 901/1018/483
f 901/1018/483 896/1016/480 895/451/481
f 895/451/481 894/1017/482 899/1020/485
f 894/1017/482 892/450/202 897/446/199
f 898/528/213 901/1018/483 906/1021/486
f 906/1021/486 901/1018/483 900/446/484
f 900/446/484 899/1020/485 904/1022/488
f 899/1020/485 897/445/199 902/444/234
f 903/535/216 906/1021/486 754/952/395
f 906/1021/486 905/444/487 755/453/489
f 905/444/487 904/1022/488 756/953/397
f 904/1022/488 902/562/234 753/453/203
f 273/1023/297 267/1152/104 269/1024/490
f 276/1025/491 269/1024/490 270/1026/492
f 275/1027/493 270/1026/492 271/1028/494
f 274/1029/495 271/1028/494 268/1030/496
f 273/612/297 276/1025/491 281/1032/498
f 276/1025/491 275/1027/493 280/1033/499
f 275/1027/493 274/1029/495 279/1034/500
f 274/1029/495 272/1031/497 277/567/237
f 278/568/238 281/1032/498 286/1035/501
f 286/1035/501 281/1032/498 280/1033/499
f 285/1037/502 280/1033/499 279/1034/500
f 284/1038/503 279/1034/500 277/567/237
f 288/571/244 283/569/241 286/1035/501
f 286/1035/501 285/1037/502 290/1041/506
f 290/1041/506 285/1037/502 284/1038/503
f 289/1042/507 284/1038/503 282/1039/504
f 293/570/243 288/571/244 291/1040/505
f 291/1040/505 290/1041/506 295/1045/510
f 290/1041/506 289/1042/507 294/1046/511
f 294/1046/511 289/1042/507 287/1043/508
f 298/572/245 293/573/243 296/1044/509
f 296/1044/509 295/1045/510 300/1049/514
f 295/1045/510 294/1046/511 299/1050/515
f 294/1046/511 292/1047/512 297/1051/516
f 303/574/247 298/575/245 301/1048/513
f 306/1052/517 301/1048/513 300/1049/514
f 305/1053/518 300/1049/514 299/1050/515
f 304/1054/519 299/1050/515 297/1051/516
f 303/577/247 306/1052/517 311/1056/521
f 306/1052/517 305/1053/518 310/1057/522
f 305/1053/518 304/1054/519 309/1058/523
f 309/1058/523 304/1054/519 302/1055/520
f 313/580/254 308/578/249 311/1056/521
f 311/1056/521 310/1057/522 315/1061/526
f 310/1057/522 309/1058/523 314/1062/527
f 309/1058/523 307/1059/524 312/1063/528
f 313/580/254 316/1060/525 321/1064/529
f 316/1060/525 315/1061/526 320/1065/530
f 315/1061/526 314/1062/527 319/1066/531
f 314/1062/527 312/1063/528 317/566/236
f 323/581/255 318/582/253 321/1064/529
f 321/1064/529 320/1065/530 325/1068/533
f 320/1065/530 319/1066/531 324/1069/534
f 319/1066/531 317/566/236 322/1070/535
f 328/583/257 323/584/255 326/1067/532
f 326/1067/532 325/1068/533 330/1072/537
f 330/1072/537 325/1068/533 324/1069/534
f 329/1073/538 324/1069/534 322/1070/535
f 328/585/257 331/1071/536 336/1075/540
f 331/1071/536 330/1072/537 335/1077/541
f 330/1072/537 329/1073/538 334/1078/542
f 329/1073/538 327/1074/539 332/1079/543
f 333/587/262 336/1075/540 341/1080/544
f 336/1075/540 335/1077/541 340/1081/545
f 335/1077/541 334/1078/542 339/1082/546
f 334/1078/542 332/1079/543 337/1083/547
f 338/586/261 341/1080/544 346/1084/548
f 341/1080/544 340/1081/545 345/1085/549
f 340/1081/545 339/1082/546 344/1086/550
f 339/1082/546 337/1083/547 342/1087/551
f 343/590/263 346/1084/548 351/1088/552
f 346/1084/548 345/1085/549 350/1089/553
f 345/1085/549 344/1086/550 349/1090/554
f 344/1086/550 342/1087/551 347/1091/555
f 348/592/265 351/1088/552 356/1092/556
f 356/1092/556 351/1088/552 350/1089/553
f 355/1093/557 350/1089/553 349/1090/554
f 354/1094/558 349/1090/554 347/1091/555
f 353/594/267 356/1092/556 361/1096/560
f 361/1096/560 356/1092/556 355/1093/557
f 355/1093/557 354/1094/558 359/1098/562
f 354/1094/558 352/1095/559 357/565/235
f 358/593/269 361/1096/560 366/1099/563
f 361/1096/560 360/1097/561 365/1100/564
f 365/1100/564 360/1097/561 359/1098/562
f 359/1098/562 357/565/235 362/1102/566
f 363/595/271 366/1099/563 371/1103/567
f 366/1099/563 365/1100/564 370/1104/568
f 370/1104/568 365/1100/564 364/1101/565
f 369/1105/569 364/1101/565 362/1102/566
f 373/597/275 368/596/273 371/1103/567
f 371/1103/567 370/1104/568 375/1108/572
f 370/1104/568 369/1105/569 374/1109/573
f 374/1109/573 369/1105/569 367/1106/570
f 378/598/277 373/597/275 376/1107/571
f 376/1107/571 375/1108/572 380/1112/576
f 375/1108/572 374/1109/573 379/1113/577
f 374/1109/573 372/1110/574 377/1114/578
f 378/598/277 381/1111/575 386/1115/579
f 386/1115/579 381/1111/575 380/1112/576
f 385/1116/580 380/1112/576 379/1113/577
f 384/1117/581 379/1113/577 377/1114/578
f 383/600/282 386/1115/579 391/1119/583
f 386/1115/579 385/1116/580 390/1120/584
f 385/1116/580 384/1117/581 389/1121/585
f 389/1121/585 384/1117/581 382/1118/582
f 388/601/281 391/1119/583 396/1123/587
f 391/1119/583 390/1120/584 395/1125/588
f 390/1120/584 389/1121/585 394/1126/589
f 389/1121/585 387/1122/586 392/1127/590
f 393/603/286 396/1123/587 401/1128/591
f 396/1123/587 395/1125/588 400/1129/592
f 395/1125/588 394/1126/589 399/1130/593
f 394/1126/589 392/1127/590 397/1131/594
f 398/605/285 401/1128/591 406/1132/595
f 401/1128/591 400/1129/592 405/1133/596
f 400/1129/592 399/1130/593 404/1134/597
f 399/1130/593 397/1131/594 402/1135/598
f 403/607/287 406/1132/595 411/1136/599
f 411/1136/599 406/1132/595 405/1133/596
f 410/1137/600 405/1133/596 404/1134/597
f 409/1138/601 404/1134/597 402/1135/598
f 413/610/294 408/608/289 411/1136/599
f 411/1136/599 410/1137/600 415/1141/604
f 410/1137/600 409/1138/601 414/1142/605
f 409/1138/601 407/1139/602 412/1143/606
f 413/610/294 416/1140/603 421/1144/607
f 416/1140/603 415/1141/604 420/1145/608
f 415/1141/604 414/1142/605 419/1146/609
f 414/1142/605 412/1143/606 417/1147/610
f 418/609/293 421/1144/607 426/1148/611
f 421/1144/607 420/1145/608 425/1149/612
f 420/1145/608 419/1146/609 424/1150/613
f 419/1146/609 417/1147/610 422/1151/614
f 423/318/106 426/1148/611 269/1024/490
f 426/1148/611 425/1149/612 270/1026/492
f 425/1149/612 424/1150/613 271/1028/494
f 424/1150/613 422/1151/614 268/1030/496
f 267/1152/104 273/1023/297 235/452/296
o Cylinder.002
v 1.330000 -0.548219 -1.000000
v 1.330000 -0.548219 1.000000
v 1.436329 -0.558692 -1.000000
v 1.436329 -0.558692 1.000000
v 1.538572 -0.589707 -1.000000
v 1.538572 -0.589707 1.000000
v 1.632800 -0.640073 -1.000000
v 1.632800 -0.640073 1.000000
v 1.715391 -0.707853 -1.000000
v 1.715391 -0.707853 1.000000
v 1.783172 -0.790445 -1.000000
v 1.783172 -0.790445 1.000000
v 1.833537 -0.884672 -1.000000
v 1.833537 -0.884672 1.000000
v 1.864552 -0.986915 -1.000000
v 1.864552 -0.986915 1.000000
v 1.875025 -1.093244 -1.000000
v 1.875025 -1.093244 1.000000
v 1.864552 -1.199573 -1.000000
v 1.864552 -1.199573 1.000000
v 1.833537 -1.301816 -1.000000
v 1.833537 -1.301816 1.000000
v 1.783172 -1.396044 -1.000000
v 1.783172 -1.396044 1.000000
v 1.715391 -1.478635 -1.000000
v 1.715391 -1.478635 1.000000
v 1.632800 -1.546416 -1.000000
v 1.632800 -1.546416 1.000000
v 1.538572 -1.596781 -1.000000
v 1.538572 -1.596781 1.000000
v 1.436329 -1.627796 -1.000000
v 1.436329 -1.627796 1.000000
v 1.330000 -1.638269 -1.000000
v 1.330000 -1.638269 1.000000
v 1.223671 -1.627796 -1.000000
v 1.223671 -1.627796 1.000000
v 1.121428 -1.596781 -1.000000
v 1.121428 -1.596781 1.000000
v 1.027201 -1.546416 -1.000000
v 1.027201 -1.546416 1.000000
v 0.944609 -1.478635 -1.000000
v 0.944609 -1.478635 1.000000
v 0.876829 -1.396044 -1.000000
v 0.876829 -1.396044 1.000000
v 0.826463 -1.301816 -1.000000
v 0.826463 -1.301816 1.000000
v 0.795448 -1.199573 -1.000000
v 0.795448 -1.199573 1.000000
v 0.784975 -1.093244 -1.000000
v 0.784975 -1.093244 1.000000
v 0.795448 -0.986915 -1.000000
v 0.795448 -0.986915 1.000000
v 0.826463 -0.884672 -1.000000
v 0.826463 -0.884672 1.000000
v 0.876829 -0.790445 -1.000000
v 0.876829 -0.790445 1.000000
v 0.944609 -0.707853 -1.000000
v 0.944609 -0.707853 1.000000
v 1.027201 -0.640073 -1.000000
v 1.027201 -0.640073 1.000000
v 1.121428 -0.589707 -1.000000
v 1.121428 -0.589707 1.000000
v 1.223671 -0.558692 -1.000000
v 1.223671 -0.558692 1.000000
v 1.330000 -0.351191 -1.000000
v 1.474767 -0.365450 -1.000000
v 1.474767 -0.365450 1.000000
v 1.330000 -0.351192 1.000000
v 1.613971 -0.407677 -1.000000
v 1.613971 -0.407677 1.000000
v 1.742262 -0.476250 -1.000000
v 1.742262 -0.476250 1.000000
v 1.854711 -0.568534 -1.000000
v 1.854711 -0.568534 1.000000
v 1.946994 -0.680982 -1.000000
v 1.946994 -0.680982 1.000000
v 2.015567 -0.809273 -1.000000
v 2.015567 -0.809273 1.000000
v 2.057795 -0.948477 -1.000000
v 2.057795 -0.948477 1.000000
v 2.072053 -1.093244 -1.000000
v 2.072053 -1.093244 1.000000
v 2.057795 -1.238011 -1.000000
v 2.057795 -1.238011 1.000000
v 2.015567 -1.377215 -1.000000
v 2.015567 -1.377215 1.000000
v 1.946994 -1.505507 -1.000000
v 1.946994 -1.505507 1.000000
v 1.854711 -1.617954 -1.000000
v 1.854711 -1.617955 1.000000
v 1.742262 -1.710238 -1.000000
v 1.742262 -1.710238 1.000000
v 1.613971 -1.778811 -1.000000
v 1.613971 -1.778811 1.000000
v 1.474767 -1.821038 -1.000000
v 1.474767 -1.821038 1.000000
v 1.330000 -1.835297 -1.000000
v 1.330000 -1.835297 1.000000
v 1.185233 -1.821038 -1.000000
v 1.185233 -1.821038 1.000000
v 1.046029 -1.778811 -1.000000
v 1.046029 -1.778811 1.000000
v 0.917738 -1.710238 -1.000000
v 0.917738 -1.710238 1.000000
v 0.805290 -1.617954 -1.000000
v 0.805290 -1.617955 1.000000
v 0.713006 -1.505507 -1.000000
v 0.713006 -1.505507 1.000000
v 0.644433 -1.377215 -1.000000
v 0.644433 -1.377215 1.000000
v 0.602206 -1.238011 -1.000000
v 0.602206 -1.238011 1.000000
v 0.587947 -1.093244 -1.000000
v 0.587947 -1.093244 1.000000
v 0.602206 -0.948477 -1.000000
v 0.602206 -0.948477 1.000000
v 0.644433 -0.809273 -1.000000
v 0.644433 -0.809273 1.000000
v 0.713006 -0.680982 -1.000000
v 0.713006 -0.680982 1.000000
v 0.805290 -0.568534 -1.000000
v 0.805290 -0.568534 1.000000
v 0.917738 -0.476250 -1.000000
v 0.917738 -0.476250 1.000000
v 1.046029 -0.407677 -1.000000
v 1.046029 -0.407677 1.000000
v 1.185233 -0.365450 -1.000000
v 1.185233 -0.365450 1.000000
v 1.330000 -0.505536 -1.296533
v 1.444656 -0.516828 -1.296533
v 1.554906 -0.550272 -1.296533
v 1.656513 -0.604582 -1.296533
v 1.745573 -0.677672 -1.296533
v 1.818662 -0.766731 -1.296533
v 1.872972 -0.868338 -1.296533
v 1.906416 -0.978588 -1.296533
v 1.917708 -1.093244 -1.296533
v 1.906416 -1.207900 -1.296533
v 1.872972 -1.318150 -1.296533
v 1.818662 -1.419757 -1.296533
v 1.745573 -1.508817 -1.296533
v 1.656513 -1.581906 -1.296533
v 1.554906 -1.636216 -1.296533
v 1.444656 -1.669660 -1.296533
v 1.330000 -1.680952 -1.296533
v 1.215344 -1.669660 -1.296533
v 1.105094 -1.636216 -1.296533
v 1.003487 -1.581906 -1.296533
v 0.914428 -1.508817 -1.296533
v 0.841339 -1.419757 -1.296533
v 0.787028 -1.318150 -1.296533
v 0.753584 -1.207900 -1.296533
v 0.742292 -1.093244 -1.296533
v 0.753584 -0.978588 -1.296533
v 0.787028 -0.868338 -1.296533
v 0.841339 -0.766731 -1.296533
v 0.914428 -0.677672 -1.296533
v 1.003487 -0.604582 -1.296533
v 1.105094 -0.550272 -1.296533
v 1.215344 -0.516828 -1.296533
v 1.444656 -0.516829 1.312671
v 1.330000 -0.505536 1.312671
v 1.554906 -0.550273 1.312671
v 1.656513 -0.604583 1.312671
v 1.745573 -0.677672 1.312671
v 1.818662 -0.766731 1.312671
v 1.872972 -0.868338 1.312671
v 1.906416 -0.978588 1.312671
v 1.917708 -1.093244 1.312671
v 1.906416 -1.207900 1.312671
v 1.872972 -1.318150 1.312671
v 1.818662 -1.419757 1.312671
v 1.745573 -1.508817 1.312671
v 1.656513 -1.581906 1.312671
v 1.554906 -1.636216 1.312671
v 1.444656 -1.669660 1.312671
v 1.330000 -1.680953 1.312671
v 1.215344 -1.669660 1.312671
v 1.105094 -1.636216 1.312671
v 1.003487 -1.581906 1.312671
v 0.914428 -1.508817 1.312671
v 0.841339 -1.419757 1.312671
v 0.787028 -1.318150 1.312671
v 0.753584 -1.207900 1.312671
v 0.742292 -1.093244 1.312671
v 0.753584 -0.978588 1.312671
v 0.787028 -0.868338 1.312671
v 0.841339 -0.766731 1.312671
v 0.914428 -0.677672 1.312671
v 1.003487 -0.604583 1.312671
v 1.105094 -0.550273 1.312671
v 1.215344 -0.516829 1.312671
v 1.330000 -0.351191 -1.296533
v 1.474767 -0.365450 -1.296533
v 1.613971 -0.407677 -1.296533
v 1.742263 -0.476250 -1.296533
v 1.854711 -0.568534 -1.296533
v 1.946994 -0.680982 -1.296533
v 2.015567 -0.809273 -1.296533
v 2.057795 -0.948477 -1.296533
v 2.072053 -1.093244 -1.296533
v 2.057795 -1.238011 -1.296533
v 2.015567 -1.377215 -1.296533
v 1.946994 -1.505507 -1.296533
v 1.854711 -1.617954 -1.296533
v 1.742263 -1.710238 -1.296533
v 1.613971 -1.778811 -1.296533
v 1.474767 -1.821038 -1.296533
v 1.330000 -1.835297 -1.296533
v 1.185233 -1.821038 -1.296533
v 1.046029 -1.778811 -1.296533
v 0.917738 -1.710238 -1.296533
v 0.805290 -1.617954 -1.296533
v 0.713006 -1.505507 -1.296533
v 0.644433 -1.377215 -1.296533
v 0.602206 -1.238011 -1.296533
v 0.587947 -1.093244 -1.296533
v 0.602206 -0.948477 -1.296533
v 0.644433 -0.809273 -1.296533
v 0.713006 -0.680982 -1.296533
v 0.805290 -0.568534 -1.296533
v 0.917738 -0.476250 -1.296533
v 1.046029 -0.407677 -1.296533
v 1.185233 -0.365450 -1.296533
v 1.474767 -0.365450 1.312671
v 1.330000 -0.351192 1.312671
v 1.613971 -0.407677 1.312671
v 1.742262 -0.476250 1.312671
v 1.854711 -0.568534 1.312671
v 1.946994 -0.680982 1.312671
v 2.015567 -0.809273 1.312671
v 2.057795 -0.948477 1.312671
v 2.072053 -1.093244 1.312671
v 2.057795 -1.238011 1.312671
v 2.015567 -1.377216 1.312671
v 1.946994 -1.505507 1.312671
v 1.854711 -1.617955 1.312671
v 1.742262 -1.710238 1.312671
v 1.613971 -1.778811 1.312671
v 1.474767 -1.821038 1.312671
v 1.330000 -1.835297 1.312671
v 1.185233 -1.821038 1.312671
v 1.046029 -1.778811 1.312671
v 0.917738 -1.710238 1.312671
v 0.805290 -1.617955 1.312671
v 0.713006 -1.505507 1.312671
v 0.644433 -1.377216 1.312671
v 0.602206 -1.238011 1.312671
v 0.587947 -1.093244 1.312671
v 0.602206 -0.948477 1.312671
v 0.644433 -0.809273 1.312671
v 0.713006 -0.680982 1.312671
v 0.805290 -0.568534 1.312671
v 0.917738 -0.476250 1.312671
v 1.046029 -0.407677 1.312671
v 1.185233 -0.365450 1.312671
v 1.330000 -0.735335 -1.398931
v 1.399825 -0.742212 -1.398931
v 1.466966 -0.762579 -1.398931
v 1.528844 -0.795654 -1.398931
v 1.583080 -0.840164 -1.398931
v 1.627590 -0.894400 -1.398931
v 1.660665 -0.956278 -1.398931
v 1.681032 -1.023419 -1.398931
v 1.687909 -1.093244 -1.398931
v 1.681032 -1.163069 -1.398931
v 1.660665 -1.230210 -1.398931
v 1.627591 -1.292088 -1.398931
v 1.583080 -1.346324 -1.398931
v 1.528844 -1.390835 -1.398931
v 1.466966 -1.423909 -1.398931
v 1.399825 -1.444276 -1.398931
v 1.330000 -1.451153 -1.398931
v 1.260176 -1.444276 -1.398931
v 1.193034 -1.423909 -1.398931
v 1.131157 -1.390834 -1.398931
v 1.076920 -1.346324 -1.398931
v 1.032410 -1.292088 -1.398931
v 0.999335 -1.230210 -1.398931
v 0.978968 -1.163069 -1.398931
v 0.972091 -1.093244 -1.398931
v 0.978968 -1.023419 -1.398931
v 0.999335 -0.956278 -1.398931
v 1.032410 -0.894400 -1.398931
v 1.076920 -0.840164 -1.398931
v 1.131156 -0.795654 -1.398931
v 1.193034 -0.762579 -1.398931
v 1.260176 -0.742212 -1.398931
v 1.399825 -0.742212 1.403395
v 1.330000 -0.735335 1.403395
v 1.466966 -0.762579 1.403395
v 1.528844 -0.795654 1.403395
v 1.583080 -0.840164 1.403395
v 1.627591 -0.894401 1.403395
v 1.660665 -0.956278 1.403395
v 1.681032 -1.023420 1.403395
v 1.687909 -1.093244 1.403395
v 1.681032 -1.163069 1.403395
v 1.660665 -1.230210 1.403395
v 1.627591 -1.292088 1.403395
v 1.583080 -1.346324 1.403395
v 1.528844 -1.390835 1.403395
v 1.466966 -1.423909 1.403395
v 1.399825 -1.444276 1.403395
v 1.330000 -1.451153 1.403395
v 1.260175 -1.444276 1.403395
v 1.193034 -1.423909 1.403395
v 1.131157 -1.390835 1.403395
v 1.076920 -1.346324 1.403395
v 1.032410 -1.292088 1.403395
v 0.999335 -1.230210 1.403395
v 0.978968 -1.163069 1.403395
v 0.972091 -1.093244 1.403395
v 0.978968 -1.023420 1.403395
v 0.999335 -0.956278 1.403395
v 1.032410 -0.894400 1.403395
v 1.076920 -0.840164 1.403395
v 1.131156 -0.795654 1.403395
v 1.193034 -0.762579 1.403395
v 1.260176 -0.742212 1.403395
v 1.330000 -0.505536 -1.139189
v 1.444656 -0.516828 -1.139189
v 1.554906 -0.550272 -1.139189
v 1.656513 -0.604582 -1.139189
v 1.745573 -0.677672 -1.139189
v 1.818662 -0.766731 -1.139189
v 1.872972 -0.868338 -1.139189
v 1.906416 -0.978588 -1.139189
v 1.917708 -1.093244 -1.139189
v 1.906416 -1.207900 -1.139189
v 1.872972 -1.318150 -1.139189
v 1.818662 -1.419757 -1.139189
v 1.745573 -1.508817 -1.139189
v 1.656513 -1.581906 -1.139189
v 1.554906 -1.636216 -1.139189
v 1.444656 -1.669660 -1.139189
v 1.330000 -1.680952 -1.139189
v 1.215344 -1.669660 -1.139189
v 1.105094 -1.636216 -1.139189
v 1.003487 -1.581906 -1.139189
v 0.914428 -1.508817 -1.139189
v 0.841339 -1.419757 -1.139189
v 0.787028 -1.318150 -1.139189
v 0.753584 -1.207900 -1.139189
v 0.742292 -1.093244 -1.139189
v 0.753584 -0.978588 -1.139189
v 0.787028 -0.868338 -1.139189
v 0.841339 -0.766731 -1.139189
v 0.914428 -0.677672 -1.139189
v 1.003487 -0.604582 -1.139189
v 1.105094 -0.550272 -1.139189
v 1.215344 -0.516828 -1.139189
v 1.444656 -0.516829 1.155327
v 1.330000 -0.505536 1.155327
v 1.554906 -0.550273 1.155327
v 1.656513 -0.604583 1.155327
v 1.745573 -0.677672 1.155327
v 1.818662 -0.766731 1.155327
v 1.872972 -0.868338 1.155327
v 1.906416 -0.978588 1.155327
v 1.917708 -1.093244 1.155327
v 1.906416 -1.207900 1.155327
v 1.872972 -1.318150 1.155327
v 1.818662 -1.419757 1.155327
v 1.745573 -1.508817 1.155327
v 1.656513 -1.581906 1.155327
v 1.554906 -1.636216 1.155327
v 1.444656 -1.669660 1.155327
v 1.330000 -1.680953 1.155327
v 1.215344 -1.669660 1.155327
v 1.105094 -1.636216 1.155327
v 1.003487 -1.581906 1.155327
v 0.914428 -1.508817 1.155327
v 0.841339 -1.419757 1.155327
v 0.787028 -1.318150 1.155327
v 0.753584 -1.207900 1.155327
v 0.742292 -1.093244 1.155327
v 0.753584 -0.978588 1.155327
v 0.787028 -0.868338 1.155327
v 0.841339 -0.766731 1.155327
v 0.914428 -0.677672 1.155327
v 1.003487 -0.604583 1.155327
v 1.105094 -0.550273 1.155327
v 1.215344 -0.516829 1.155327
v 1.330000 -0.645068 -1.139189
v 1.417435 -0.653679 -1.139189
v 1.501510 -0.679183 -1.139189
v 1.578994 -0.720599 -1.139189
v 1.646909 -0.776336 -1.139189
v 1.702645 -0.844251 -1.139189
v 1.744061 -0.921734 -1.139189
v 1.769565 -1.005809 -1.139189
v 1.778176 -1.093244 -1.139189
v 1.769565 -1.180679 -1.139189
v 1.744061 -1.264754 -1.139189
v 1.702645 -1.342237 -1.139189
v 1.646909 -1.410153 -1.139189
v 1.578994 -1.465889 -1.139189
v 1.501510 -1.507305 -1.139189
v 1.417435 -1.532809 -1.139189
v 1.330000 -1.541420 -1.139189
v 1.242565 -1.532809 -1.139189
v 1.158490 -1.507305 -1.139189
v 1.081007 -1.465889 -1.139189
v 1.013092 -1.410153 -1.139189
v 0.957355 -1.342237 -1.139189
v 0.915939 -1.264754 -1.139189
v 0.890435 -1.180679 -1.139189
v 0.881824 -1.093244 -1.139189
v 0.890435 -1.005809 -1.139189
v 0.915939 -0.921734 -1.139189
v 0.957355 -0.844251 -1.139189
v 1.013092 -0.776336 -1.139189
v 1.081007 -0.720599 -1.139189
v 1.158490 -0.679183 -1.139189
v 1.242565 -0.653679 -1.139189
v 1.417435 -0.653679 1.155327
v 1.330000 -0.645068 1.155327
v 1.501510 -0.679183 1.155327
v 1.578994 -0.720599 1.155327
v 1.646909 -0.776336 1.155327
v 1.702645 -0.844251 1.155327
v 1.744061 -0.921734 1.155327
v 1.769565 -1.005809 1.155327
v 1.778176 -1.093244 1.155327
v 1.769565 -1.180679 1.155327
v 1.744061 -1.264754 1.155327
v 1.702645 -1.342238 1.155327
v 1.646909 -1.410153 1.155327
v 1.578993 -1.465889 1.155327
v 1.501510 -1.507305 1.155327
v 1.417435 -1.532809 1.155327
v 1.330000 -1.541420 1.155327
v 1.242565 -1.532809 1.155327
v 1.158490 -1.507305 1.155327
v 1.081007 -1.465889 1.155327
v 1.013092 -1.410153 1.155327
v 0.957355 -1.342238 1.155327
v 0.915939 -1.264754 1.155327
v 0.890435 -1.180679 1.155327
v 0.881824 -1.093244 1.155327
v 0.890435 -1.005809 1.155327
v 0.915939 -0.921735 1.155327
v 0.957355 -0.844251 1.155327
v 1.013092 -0.776336 1.155327
v 1.081007 -0.720599 1.155327
v 1.158490 -0.679183 1.155327
v 1.242565 -0.653679 1.155327
vn -0.0000 1.0000 -0.0000
vn 0.1951 0.9808 -0.0000
vn 0.3827 0.9239 -0.0000
vn 0.5556 0.8315 -0.0000
vn 0.7071 0.7071 -0.0000
vn 0.8315 0.5556 -0.0000
vn 0.9239 0.3827 -0.0000
vn 0.9808 0.1951 -0.0000
vn 1.0000 -0.0000 -0.0000
vn 0.9808 -0.1951 -0.0000
vn 0.9239 -0.3827 -0.0000
vn 0.8315 -0.5556 -0.0000
vn 0.7071 -0.7071 -0.0000
vn 0.5556 -0.8315 -0.0000
vn 0.3827 -0.9239 -0.0000
vn 0.1951 -0.9808 -0.0000
vn -0.0000 -1.0000 -0.0000
vn -0.1951 -0.9808 -0.0000
vn -0.3827 -0.9239 -0.0000
vn -0.5556 -0.8315 -0.0000
vn -0.7071 -0.7071 -0.0000
vn -0.8315 -0.5556 -0.0000
vn -0.9239 -0.3827 -0.0000
vn -0.9808 -0.1951 -0.0000
vn -1.0000 -0.0000 -0.0000
vn -0.9808 0.1951 -0.0000
vn -0.9239 0.3827 -0.0000
vn -0.8315 0.5556 -0.0000
vn -0.7071 0.7071 -0.0000
vn -0.5556 0.8315 -0.0000
vn -0.3827 0.9239 -0.0000
vn -0.0000 -0.0000 1.0000
vn -0.1951 0.9808 -0.0000
vn -0.0000 -0.0000 -1.0000
vn 0.1843 0.9264 -0.3283
vn -0.0000 0.9446 -0.3283
vn 0.3615 0.8727 -0.3283
vn 0.5248 0.7854 -0.3283
vn 0.6679 0.6679 -0.3283
vn 0.7854 0.5248 -0.3283
vn 0.8727 0.3615 -0.3283
vn 0.9264 0.1843 -0.3283
vn 0.9446 -0.0000 -0.3283
vn 0.9264 -0.1843 -0.3283
vn 0.8727 -0.3615 -0.3283
vn 0.7854 -0.5248 -0.3283
vn 0.6679 -0.6679 -0.3283
vn 0.5248 -0.7854 -0.3283
vn 0.3615 -0.8727 -0.3283
vn 0.1843 -0.9264 -0.3283
vn -0.0000 -0.9446 -0.3283
vn -0.1843 -0.9264 -0.3283
vn -0.3615 -0.8727 -0.3283
vn -0.5248 -0.7854 -0.3283
vn -0.6679 -0.6679 -0.3283
vn -0.7854 -0.5248 -0.3283
vn -0.8727 -0.3615 -0.3283
vn -0.9264 -0.1843 -0.3283
vn -0.9446 -0.0000 -0.3283
vn -0.9264 0.1843 -0.3283
vn -0.8727 0.3615 -0.3283
vn -0.7854 0.5248 -0.3283
vn -0.6679 0.6679 -0.3283
vn -0.5248 0.7854 -0.3283
vn -0.3615 0.8727 -0.3283
vn -0.1843 0.9264 -0.3283
vn 0.1833 0.9217 0.3419
vn -0.0000 0.9397 0.3419
vn 0.3596 0.8682 0.3419
vn 0.5221 0.7813 0.3419
vn 0.6645 0.6645 0.3419
vn 0.7813 0.5221 0.3419
vn 0.8682 0.3596 0.3419
vn 0.9217 0.1833 0.3419
vn 0.9397 -0.0000 0.3419
vn 0.9217 -0.1833 0.3419
vn 0.8682 -0.3596 0.3419
vn 0.7813 -0.5221 0.3419
vn 0.6645 -0.6645 0.3419
vn 0.5221 -0.7813 0.3419
vn 0.3596 -0.8682 0.3419
vn 0.1833 -0.9217 0.3419
vn -0.0000 -0.9397 0.3419
vn -0.1833 -0.9217 0.3419
vn -0.3596 -0.8682 0.3419
vn -0.5221 -0.7813 0.3419
vn -0.6645 -0.6645 0.3419
vn -0.7813 -0.5221 0.3419
vn -0.8682 -0.3596 0.3419
vn -0.9217 -0.1833 0.3419
vn -0.9397 -0.0000 0.3419
vn -0.9217 0.1833 0.3419
vn -0.8682 0.3596 0.3419
vn -0.7813 0.5221 0.3419
vn -0.6645 0.6645 0.3419
vn -0.5221 0.7813 0.3419
vn -0.3596 0.8682 0.3419
vn -0.1833 0.9217 0.3419
vt 1.000000 1.000000
vt 0.968750 0.500000
vt 1.000000 0.500000
vt 0.968750 1.000000
vt 0.937500 0.500000
vt 0.937500 1.000000
vt 0.906250 0.500000
vt 0.906250 1.000000
vt 0.875000 0.500000
vt 0.875000 1.000000
vt 0.843750 0.500000
vt 0.843750 1.000000
vt 0.812500 0.500000
vt 0.812500 1.000000
vt 0.781250 0.500000
vt 0.781250 1.000000
vt 0.750000 0.500000
vt 0.750000 1.000000
vt 0.718750 0.500000
vt 0.718750 1.000000
vt 0.687500 0.500000
vt 0.687500 1.000000
vt 0.656250 0.500000
vt 0.656250 1.000000
vt 0.625000 0.500000
vt 0.625000 1.000000
vt 0.593750 0.500000
vt 0.593750 1.000000
vt 0.562500 0.500000
vt 0.562500 1.000000
vt 0.531250 0.500000
vt 0.531250 1.000000
vt 0.500000 0.500000
vt 0.500000 1.000000
vt 0.468750 0.500000
vt 0.468750 1.000000
vt 0.437500 0.500000
vt 0.437500 1.000000
vt 0.406250 0.500000
vt 0.406250 1.000000
vt 0.375000 0.500000
vt 0.375000 1.000000
vt 0.343750 0.500000
vt 0.343750 1.000000
vt 0.312500 0.500000
vt 0.312500 1.000000
vt 0.281250 0.500000
vt 0.281250 1.000000
vt 0.250000 0.500000
vt 0.250000 1.000000
vt 0.218750 0.500000
vt 0.218750 1.000000
vt 0.187500 0.500000
vt 0.187500 1.000000
vt 0.156250 0.500000
vt 0.156250 1.000000
vt 0.125000 0.500000
vt 0.125000 1.000000
vt 0.093750 0.500000
vt 0.093750 1.000000
vt 0.062500 0.500000
vt 0.062500 1.000000
vt 0.031250 0.500000
vt 0.031250 1.000000
vt 0.000000 0.500000
vt 0.000000 1.000000
vt 0.750000 0.059919
vt 0.712917 0.063572
vt 0.059919 0.250000
vt 0.063572 0.287083
vt 0.750000 0.440081
vt 0.796822 0.485388
vt 0.787083 0.436429
vt 0.822741 0.425612
vt 0.841844 0.471731
vt 0.855604 0.408047
vt 0.883337 0.449553
vt 0.919706 0.419706
vt 0.884408 0.384408
vt 0.949553 0.383337
vt 0.908046 0.355603
vt 0.971731 0.341844
vt 0.925612 0.322741
vt 0.936429 0.287083
vt 0.985388 0.296822
vt 0.990000 0.250000
vt 0.940081 0.250000
vt 0.985388 0.203178
vt 0.936429 0.212917
vt 0.925612 0.177259
vt 0.971731 0.158156
vt 0.908047 0.144397
vt 0.949553 0.116663
vt 0.919706 0.080294
vt 0.884408 0.115593
vt 0.883337 0.050447
vt 0.855603 0.091954
vt 0.841844 0.028269
vt 0.822741 0.074388
vt 0.796822 0.014612
vt 0.787083 0.063572
vt 0.750000 0.010000
vt 0.703178 0.014612
vt 0.658156 0.028269
vt 0.677259 0.074388
vt 0.644397 0.091954
vt 0.616663 0.050447
vt 0.580294 0.080294
vt 0.615593 0.115593
vt 0.550447 0.116663
vt 0.591954 0.144397
vt 0.528269 0.158156
vt 0.574388 0.177259
vt 0.514612 0.203178
vt 0.563572 0.212917
vt 0.510000 0.250000
vt 0.559919 0.250000
vt 0.514612 0.296822
vt 0.563571 0.287083
vt 0.528269 0.341844
vt 0.574388 0.322741
vt 0.591954 0.355603
vt 0.550447 0.383337
vt 0.580294 0.419706
vt 0.615593 0.384407
vt 0.644397 0.408046
vt 0.616663 0.449553
vt 0.658156 0.471731
vt 0.677259 0.425612
vt 0.712917 0.436429
vt 0.703178 0.485388
vt 0.750000 0.490000
vt 0.287083 0.436429
vt 0.250000 0.490000
vt 0.250000 0.440081
vt 0.322741 0.425612
vt 0.296822 0.485388
vt 0.383337 0.449553
vt 0.341844 0.471731
vt 0.384407 0.384407
vt 0.355603 0.408046
vt 0.408046 0.355603
vt 0.419706 0.419706
vt 0.471731 0.341844
vt 0.449553 0.383337
vt 0.425612 0.322741
vt 0.485388 0.296822
vt 0.440081 0.250000
vt 0.436428 0.287083
vt 0.436428 0.212917
vt 0.490000 0.250000
vt 0.471731 0.158156
vt 0.485388 0.203178
vt 0.408046 0.144397
vt 0.425612 0.177259
vt 0.419706 0.080294
vt 0.449553 0.116663
vt 0.355603 0.091954
vt 0.384407 0.115593
vt 0.341844 0.028269
vt 0.383337 0.050447
vt 0.287083 0.063572
vt 0.322741 0.074388
vt 0.250000 0.059919
vt 0.296822 0.014612
vt 0.212917 0.063572
vt 0.250000 0.010000
vt 0.177259 0.074388
vt 0.203178 0.014612
vt 0.144397 0.091954
vt 0.158156 0.028269
vt 0.080294 0.080294
vt 0.116663 0.050447
vt 0.091954 0.144397
vt 0.115593 0.115593
vt 0.074388 0.177259
vt 0.050447 0.116663
vt 0.063572 0.212917
vt 0.028269 0.158156
vt 0.014612 0.203178
vt 0.010000 0.250000
vt 0.074388 0.322741
vt 0.014612 0.296822
vt 0.050447 0.383337
vt 0.028269 0.341844
vt 0.115593 0.384407
vt 0.091954 0.355603
vt 0.116663 0.449553
vt 0.080294 0.419706
vt 0.144397 0.408046
vt 0.158156 0.471731
vt 0.212917 0.436428
vt 0.177259 0.425612
vt 0.203178 0.485388
vt 0.772583 0.136467
vt 0.636467 0.227417
vt 0.727417 0.363533
vt 0.205702 0.143054
vt 0.356946 0.205702
vt 0.294299 0.356946
vt 0.750000 0.394952
vt 0.778279 0.392167
vt 0.805471 0.383919
vt 0.830531 0.370524
vt 0.852497 0.352497
vt 0.870524 0.330531
vt 0.883919 0.305471
vt 0.892168 0.278279
vt 0.894953 0.250000
vt 0.892168 0.221721
vt 0.883919 0.194529
vt 0.870524 0.169469
vt 0.852497 0.147503
vt 0.830531 0.129477
vt 0.805471 0.116081
vt 0.778279 0.107833
vt 0.750000 0.105048
vt 0.721721 0.107833
vt 0.694529 0.116081
vt 0.669469 0.129476
vt 0.647503 0.147503
vt 0.629476 0.169469
vt 0.616082 0.194529
vt 0.607833 0.221721
vt 0.605048 0.250000
vt 0.607833 0.278279
vt 0.616081 0.305471
vt 0.629476 0.330531
vt 0.647503 0.352497
vt 0.669469 0.370524
vt 0.694529 0.383919
vt 0.721721 0.392167
vt 0.278279 0.392167
vt 0.250000 0.394952
vt 0.305471 0.383918
vt 0.330531 0.370523
vt 0.370524 0.330531
vt 0.352497 0.352497
vt 0.383919 0.305471
vt 0.392167 0.278279
vt 0.394952 0.250000
vt 0.392167 0.221721
vt 0.370524 0.169469
vt 0.383919 0.194529
vt 0.330531 0.129477
vt 0.352497 0.147503
vt 0.305471 0.116081
vt 0.278279 0.107833
vt 0.250000 0.105048
vt 0.221721 0.107833
vt 0.194529 0.116081
vt 0.169469 0.129477
vt 0.147503 0.147503
vt 0.129477 0.169469
vt 0.116081 0.194529
vt 0.107833 0.221721
vt 0.105048 0.250000
vt 0.107833 0.278279
vt 0.116081 0.305471
vt 0.129477 0.330531
vt 0.147503 0.352497
vt 0.169469 0.370524
vt 0.221721 0.392167
vt 0.194529 0.383919
vt 0.772583 0.363533
vt 0.794299 0.356946
vt 0.814312 0.346249
vt 0.831853 0.331853
vt 0.846249 0.314311
vt 0.856946 0.294298
vt 0.863533 0.272583
vt 0.865758 0.250000
vt 0.863533 0.227417
vt 0.856946 0.205702
vt 0.846249 0.185689
vt 0.831853 0.168147
vt 0.814312 0.153751
vt 0.794299 0.143054
vt 0.750000 0.134243
vt 0.727417 0.136467
vt 0.705702 0.143054
vt 0.685689 0.153751
vt 0.668147 0.168147
vt 0.653751 0.185689
vt 0.643054 0.205702
vt 0.634243 0.250000
vt 0.636467 0.272583
vt 0.643054 0.294298
vt 0.653751 0.314311
vt 0.668147 0.331853
vt 0.685689 0.346249
vt 0.705701 0.356946
vt 0.750000 0.365758
vt 0.272583 0.363533
vt 0.250000 0.365757
vt 0.331853 0.331853
vt 0.314311 0.346249
vt 0.346249 0.314311
vt 0.356946 0.294298
vt 0.363533 0.272583
vt 0.365758 0.250000
vt 0.363533 0.227417
vt 0.346249 0.185689
vt 0.314311 0.153751
vt 0.331853 0.168147
vt 0.294298 0.143054
vt 0.272583 0.136467
vt 0.250000 0.134243
vt 0.227417 0.136467
vt 0.185689 0.153751
vt 0.168147 0.168147
vt 0.153751 0.185689
vt 0.136467 0.227417
vt 0.143054 0.205702
vt 0.136467 0.272583
vt 0.134243 0.250000
vt 0.153751 0.314312
vt 0.143054 0.294299
vt 0.168147 0.331853
vt 0.185689 0.346249
vt 0.227417 0.363533
vt 0.205702 0.356946
s 1
f 908/1227/616 909/1228/617 907/1229/616
f 910/1230/617 911/1231/618 909/1228/617
f 912/1232/618 913/1233/619 911/1231/618
f 914/1234/619 915/1235/620 913/1233/619
f 916/1236/620 917/1237/621 915/1235/620
f 918/1238/621 919/1239/622 917/1237/621
f 920/1240/622 921/1241/623 919/1239/622
f 922/1242/623 923/1243/624 921/1241/623
f 924/1244/624 925/1245/625 923/1243/624
f 926/1246/625 927/1247/626 925/1245/625
f 928/1248/626 929/1249/627 927/1247/626
f 930/1250/627 931/1251/628 929/1249/627
f 932/1252/628 933/1253/629 931/1251/628
f 934/1254/629 935/1255/630 933/1253/629
f 936/1256/630 937/1257/631 935/1255/630
f 938/1258/631 939/1259/632 937/1257/631
f 940/1260/632 941/1261/633 939/1259/632
f 942/1262/633 943/1263/634 941/1261/633
f 944/1264/634 945/1265/635 943/1263/634
f 946/1266/635 947/1267/636 945/1265/635
f 948/1268/636 949/1269/637 947/1267/636
f 950/1270/637 951/1271/638 949/1269/637
f 952/1272/638 953/1273/639 951/1271/638
f 954/1274/639 955/1275/640 953/1273/639
f 956/1276/640 957/1277/641 955/1275/640
f 958/1278/641 959/1279/642 957/1277/641
f 960/1280/642 961/1281/643 959/1279/642
f 962/1282/643 963/1283/644 961/1281/643
f 964/1284/644 965/1285/645 963/1283/644
f 966/1286/645 967/1287/646 965/1285/645
f 955/1275/647 1017/1273/647 953/1273/647
f 968/1288/646 969/1289/648 967/1287/646
f 970/1290/648 907/1291/616 969/1289/648
f 918/1238/649 984/1240/649 920/1240/649
f 1000/1256/630 1146/1258/631 1002/1258/631
f 1015/1271/638 1120/1269/637 1013/1269/637
f 936/1256/649 1002/1258/649 938/1258/649
f 954/1274/649 1020/1276/649 956/1276/649
f 921/1241/647 983/1239/647 919/1239/647
f 939/1259/647 1001/1257/647 937/1257/647
f 922/1242/649 984/1240/649 986/1242/649
f 955/1275/647 1021/1277/647 1019/1275/647
f 940/1260/649 1002/1258/649 1004/1260/649
f 956/1276/649 1022/1278/649 958/1278/649
f 923/1243/647 985/1241/647 921/1241/647
f 939/1259/647 1005/1261/647 1003/1259/647
f 924/1244/649 986/1242/649 988/1244/649
f 959/1279/647 1021/1277/647 957/1277/647
f 940/1260/649 1006/1262/649 942/1262/649
f 958/1278/649 1024/1280/649 960/1280/649
f 923/1243/647 989/1245/647 987/1243/647
f 941/1261/647 1007/1263/647 1005/1261/647
f 926/1246/649 988/1244/649 990/1246/649
f 909/1228/647 971/1229/647 907/1229/647
f 961/1281/647 1023/1279/647 959/1279/647
f 942/1262/649 1008/1264/649 944/1264/649
f 908/1227/649 973/1230/649 910/1230/649
f 962/1282/649 1024/1280/649 1026/1282/649
f 927/1247/647 989/1245/647 925/1245/647
f 945/1265/647 1007/1263/647 943/1263/647
f 928/1248/649 990/1246/649 992/1248/649
f 963/1283/647 1025/1281/647 961/1281/647
f 944/1264/649 1010/1266/649 946/1266/649
f 911/1231/647 972/1228/647 909/1228/647
f 964/1284/649 1026/1282/649 1028/1284/649
f 929/1249/647 991/1247/647 927/1247/647
f 912/1232/649 973/1230/649 976/1232/649
f 945/1265/647 1011/1267/647 1009/1265/647
f 930/1250/649 992/1248/649 994/1250/649
f 963/1283/647 1029/1285/647 1027/1283/647
f 946/1266/649 1012/1268/649 948/1268/649
f 913/1233/647 975/1231/647 911/1231/647
f 964/1284/649 1030/1286/649 966/1286/649
f 929/1249/647 995/1251/647 993/1249/647
f 914/1234/649 976/1232/649 978/1234/649
f 949/1269/647 1011/1267/647 947/1267/647
f 930/1250/649 996/1252/649 932/1252/649
f 965/1285/647 1031/1287/647 1029/1285/647
f 948/1268/649 1014/1270/649 950/1270/649
f 915/1235/647 977/1233/647 913/1233/647
f 966/1286/649 1032/1288/649 968/1288/649
f 933/1253/647 995/1251/647 931/1251/647
f 914/1234/649 980/1236/649 916/1236/649
f 949/1269/647 1015/1271/647 1013/1269/647
f 934/1254/649 996/1252/649 998/1254/649
f 969/1289/647 1031/1287/647 967/1287/647
f 950/1270/649 1016/1272/649 952/1272/649
f 917/1237/647 979/1235/647 915/1235/647
f 968/1288/649 1034/1290/649 970/1290/649
f 933/1253/647 999/1255/647 997/1253/647
f 918/1238/649 980/1236/649 982/1238/649
f 951/1271/647 1017/1273/647 1015/1271/647
f 934/1254/649 1000/1256/649 936/1256/649
f 907/1291/647 1033/1289/647 969/1289/647
f 952/1272/649 1018/1274/649 954/1274/649
f 919/1239/647 981/1237/647 917/1237/647
f 908/1292/649 1034/1290/649 974/1292/649
f 935/1255/647 1001/1257/647 999/1255/647
f 1051/1293/616 1244/1294/617 1243/1293/616
f 975/1231/618 1100/1228/617 972/1228/617
f 1029/1285/645 1127/1283/644 1027/1283/644
f 989/1245/625 1107/1243/624 987/1243/624
f 1001/1257/631 1115/1259/632 1114/1257/631
f 1017/1273/639 1121/1271/638 1015/1271/638
f 977/1233/619 1101/1231/618 975/1231/618
f 1031/1287/646 1128/1285/645 1029/1285/645
f 991/1247/626 1108/1245/625 989/1245/625
f 1003/1259/632 1116/1261/633 1115/1259/632
f 1019/1275/640 1122/1273/639 1017/1273/639
f 979/1235/620 1102/1233/619 977/1233/619
f 1033/1289/648 1129/1287/646 1031/1287/646
f 993/1249/627 1109/1247/626 991/1247/626
f 1007/1263/634 1116/1261/633 1005/1261/633
f 1021/1277/641 1123/1275/640 1019/1275/640
f 981/1237/621 1103/1235/620 979/1235/620
f 971/1291/616 1130/1289/648 1033/1289/648
f 995/1251/628 1110/1249/627 993/1249/627
f 1007/1263/634 1118/1265/635 1117/1263/634
f 1023/1279/642 1124/1277/641 1021/1277/641
f 983/1239/622 1104/1237/621 981/1237/621
f 997/1253/629 1111/1251/628 995/1251/628
f 1009/1265/635 1119/1267/636 1118/1265/635
f 1025/1281/643 1125/1279/642 1023/1279/642
f 985/1241/623 1105/1239/622 983/1239/622
f 999/1255/630 1112/1253/629 997/1253/629
f 1013/1269/637 1119/1267/636 1011/1267/636
f 972/1228/617 1099/1229/616 971/1229/616
f 1027/1283/644 1126/1281/643 1025/1281/643
f 987/1243/624 1106/1241/623 985/1241/623
f 1001/1257/631 1113/1255/630 999/1255/630
f 1091/1295/624 1284/1296/625 1092/1296/625
f 1014/1270/637 1153/1272/638 1016/1272/638
f 973/1230/617 1133/1232/618 976/1232/618
f 1028/1284/644 1160/1286/645 1030/1286/645
f 988/1244/624 1140/1246/625 990/1246/625
f 1002/1258/631 1147/1260/632 1004/1260/632
f 1016/1272/638 1154/1274/639 1018/1274/639
f 976/1232/618 1134/1234/619 978/1234/619
f 1030/1286/645 1161/1288/646 1032/1288/646
f 990/1246/625 1141/1248/626 992/1248/626
f 1004/1260/632 1148/1262/633 1006/1262/633
f 1018/1274/639 1155/1276/640 1020/1276/640
f 978/1234/619 1135/1236/620 980/1236/620
f 1032/1288/646 1162/1290/648 1034/1290/648
f 992/1248/626 1142/1250/627 994/1250/627
f 1008/1264/634 1148/1262/633 1149/1264/634
f 1020/1276/640 1156/1278/641 1022/1278/641
f 980/1236/620 1136/1238/621 982/1238/621
f 1034/1290/648 1132/1292/616 974/1292/616
f 994/1250/627 1143/1252/628 996/1252/628
f 1008/1264/634 1150/1266/635 1010/1266/635
f 1022/1278/641 1157/1280/642 1024/1280/642
f 982/1238/621 1137/1240/622 984/1240/622
f 996/1252/628 1144/1254/629 998/1254/629
f 1012/1268/636 1150/1266/635 1151/1268/636
f 1024/1280/642 1158/1282/643 1026/1282/643
f 984/1240/622 1138/1242/623 986/1242/623
f 1000/1256/630 1144/1254/629 1145/1256/630
f 1012/1268/636 1152/1270/637 1014/1270/637
f 974/1227/616 1131/1230/617 973/1230/617
f 1026/1282/643 1159/1284/644 1028/1284/644
f 986/1242/623 1139/1244/624 988/1244/624
f 1035/1297/649 1100/1298/649 1036/1299/649
f 1037/1300/649 1100/1298/649 1101/1301/649
f 1038/1302/649 1101/1301/649 1102/1303/649
f 1038/1302/649 1103/1304/649 1039/1305/649
f 1039/1305/649 1104/1306/649 1040/1307/649
f 1040/1307/649 1105/1308/649 1041/1309/649
f 1042/1310/649 1105/1308/649 1106/1311/649
f 1042/1310/649 1107/1312/649 1043/1313/649
f 1043/1313/649 1108/1314/649 1044/1315/649
f 1045/1316/649 1108/1314/649 1109/1317/649
f 1046/1318/649 1109/1317/649 1110/1319/649
f 1046/1318/649 1111/1320/649 1047/1321/649
f 1047/1321/649 1112/1322/649 1048/1323/649
f 1048/1323/649 1113/1324/649 1049/1325/649
f 1049/1325/649 1114/1326/649 1050/1327/649
f 1050/1327/649 1115/1328/649 1051/1293/649
f 1051/1293/649 1116/1329/649 1052/1294/649
f 1052/1294/649 1117/1330/649 1053/1331/649
f 1054/1332/649 1117/1330/649 1118/1333/649
f 1054/1332/649 1119/1334/649 1055/1335/649
f 1055/1335/649 1120/1336/649 1056/1337/649
f 1056/1337/649 1121/1338/649 1057/1339/649
f 1057/1339/649 1122/1340/649 1058/1341/649
f 1058/1341/649 1123/1342/649 1059/1343/649
f 1059/1343/649 1124/1344/649 1060/1345/649
f 1060/1345/649 1125/1346/649 1061/1347/649
f 1062/1348/649 1125/1346/649 1126/1349/649
f 1062/1348/649 1127/1350/649 1063/1351/649
f 1064/1352/649 1127/1350/649 1128/1353/649
f 1064/1352/649 1129/1354/649 1065/1355/649
f 1066/1356/649 1129/1354/649 1130/1357/649
f 1066/1356/649 1099/1358/649 1035/1297/649
f 1067/1359/647 1132/1360/647 1068/1361/647
f 1069/1362/647 1131/1363/647 1067/1359/647
f 1069/1362/647 1134/1364/647 1133/1365/647
f 1071/1366/647 1134/1364/647 1070/1367/647
f 1072/1368/647 1135/1369/647 1071/1366/647
f 1072/1368/647 1137/1370/647 1136/1371/647
f 1073/1372/647 1138/1373/647 1137/1370/647
f 1075/1374/647 1138/1373/647 1074/1375/647
f 1076/1376/647 1139/1377/647 1075/1374/647
f 1076/1376/647 1141/1378/647 1140/1379/647
f 1078/1380/647 1141/1378/647 1077/1381/647
f 1078/1380/647 1143/1382/647 1142/1383/647
f 1080/1384/647 1143/1382/647 1079/1385/647
f 1080/1384/647 1145/1386/647 1144/1387/647
f 1082/1388/647 1145/1386/647 1081/1389/647
f 1083/1390/647 1146/1391/647 1082/1388/647
f 1084/1392/647 1147/1393/647 1083/1390/647
f 1085/1394/647 1148/1395/647 1084/1392/647
f 1086/1396/647 1149/1397/647 1085/1394/647
f 1086/1396/647 1151/1398/647 1150/1399/647
f 1088/1400/647 1151/1398/647 1087/1401/647
f 1089/1402/647 1152/1403/647 1088/1400/647
f 1090/1404/647 1153/1405/647 1089/1402/647
f 1091/1295/647 1154/1406/647 1090/1404/647
f 1092/1296/647 1155/1407/647 1091/1295/647
f 1093/1408/647 1156/1409/647 1092/1296/647
f 1093/1408/647 1158/1410/647 1157/1411/647
f 1095/1412/647 1158/1410/647 1094/1413/647
f 1095/1412/647 1160/1414/647 1159/1415/647
f 1096/1416/647 1161/1417/647 1160/1414/647
f 1098/1418/647 1161/1417/647 1097/1419/647
f 1068/1361/647 1162/1420/647 1098/1418/647
f 1178/1421/649 1186/1422/649 1194/1423/649
f 1039/1305/636 1230/1302/635 1038/1302/635
f 1066/1356/631 1257/1355/630 1065/1355/630
f 1052/1294/617 1245/1331/618 1244/1294/617
f 1040/1307/637 1231/1305/636 1039/1305/636
f 1035/1297/632 1258/1356/631 1066/1356/631
f 1053/1331/618 1246/1332/619 1245/1331/618
f 1041/1309/638 1232/1307/637 1040/1307/637
f 1055/1335/620 1246/1332/619 1054/1332/619
f 1042/1310/639 1233/1309/638 1041/1309/638
f 1056/1337/621 1247/1335/620 1055/1335/620
f 1043/1313/640 1234/1310/639 1042/1310/639
f 1057/1339/622 1248/1337/621 1056/1337/621
f 1044/1315/641 1235/1313/640 1043/1313/640
f 1058/1341/623 1249/1339/622 1057/1339/622
f 1045/1316/642 1236/1315/641 1044/1315/641
f 1059/1343/624 1250/1341/623 1058/1341/623
f 1046/1318/643 1237/1316/642 1045/1316/642
f 1060/1345/625 1251/1343/624 1059/1343/624
f 1047/1321/644 1238/1318/643 1046/1318/643
f 1061/1347/626 1252/1345/625 1060/1345/625
f 1048/1323/645 1239/1321/644 1047/1321/644
f 1062/1348/627 1253/1347/626 1061/1347/626
f 1049/1325/646 1240/1323/645 1048/1323/645
f 1036/1299/633 1227/1297/632 1035/1297/632
f 1063/1351/628 1254/1348/627 1062/1348/627
f 1049/1325/646 1242/1327/648 1241/1325/646
f 1037/1300/634 1228/1299/633 1036/1299/633
f 1064/1352/629 1255/1351/628 1063/1351/628
f 1050/1327/648 1243/1293/616 1242/1327/648
f 1038/1302/635 1229/1300/634 1037/1300/634
f 1065/1355/630 1256/1352/629 1064/1352/629
f 1213/1424/647 1205/1425/647 1197/1426/647
f 1078/1380/643 1271/1385/644 1079/1385/644
f 1092/1296/625 1285/1408/626 1093/1408/626
f 1079/1385/644 1272/1384/645 1080/1384/645
f 1093/1408/626 1286/1413/627 1094/1413/627
f 1080/1384/645 1273/1389/646 1081/1389/646
f 1067/1359/633 1260/1361/632 1259/1359/633
f 1094/1413/627 1287/1412/628 1095/1412/628
f 1081/1389/646 1274/1388/648 1082/1388/648
f 1067/1359/633 1261/1362/634 1069/1362/634
f 1095/1412/628 1288/1416/629 1096/1416/629
f 1082/1388/648 1275/1390/616 1083/1390/616
f 1069/1362/634 1262/1367/635 1070/1367/635
f 1096/1416/629 1289/1419/630 1097/1419/630
f 1083/1390/616 1276/1392/617 1084/1392/617
f 1070/1367/635 1263/1366/636 1071/1366/636
f 1098/1418/631 1289/1419/630 1290/1418/631
f 1084/1392/617 1277/1394/618 1085/1394/618
f 1071/1366/636 1264/1368/637 1072/1368/637
f 1068/1361/632 1290/1418/631 1260/1361/632
f 1085/1394/618 1278/1396/619 1086/1396/619
f 1072/1368/637 1265/1372/638 1073/1372/638
f 1086/1396/619 1279/1401/620 1087/1401/620
f 1073/1372/638 1266/1375/639 1074/1375/639
f 1087/1401/620 1280/1400/621 1088/1400/621
f 1074/1375/639 1267/1374/640 1075/1374/640
f 1088/1400/621 1281/1402/622 1089/1402/622
f 1075/1374/640 1268/1376/641 1076/1376/641
f 1089/1402/622 1282/1404/623 1090/1404/623
f 1076/1376/641 1269/1381/642 1077/1381/642
f 1090/1404/623 1283/1295/624 1091/1295/624
f 1077/1381/642 1270/1380/643 1078/1380/643
f 1291/1427/649 1228/1299/649 1292/1428/649
f 1293/1429/649 1228/1299/649 1229/1300/649
f 1294/1430/649 1229/1300/649 1230/1302/649
f 1294/1430/649 1231/1305/649 1295/1431/649
f 1296/1432/649 1231/1305/649 1232/1307/649
f 1296/1432/649 1233/1309/649 1297/1433/649
f 1298/1434/649 1233/1309/649 1234/1310/649
f 1299/1435/649 1234/1310/649 1235/1313/649
f 1299/1435/649 1236/1315/649 1300/1436/649
f 1300/1436/649 1237/1316/649 1301/1437/649
f 1301/1437/649 1238/1318/649 1302/1438/649
f 1302/1438/649 1239/1321/649 1303/1439/649
f 1304/1440/649 1239/1321/649 1240/1323/649
f 1304/1440/649 1241/1325/649 1305/1441/649
f 1306/1442/649 1241/1325/649 1242/1327/649
f 1306/1442/649 1243/1293/649 1307/1443/649
f 1307/1443/649 1244/1294/649 1308/1444/649
f 1308/1444/649 1245/1331/649 1309/1445/649
f 1310/1446/649 1245/1331/649 1246/1332/649
f 1310/1446/649 1247/1335/649 1311/1447/649
f 1312/1448/649 1247/1335/649 1248/1337/649
f 1313/1449/649 1248/1337/649 1249/1339/649
f 1314/1450/649 1249/1339/649 1250/1341/649
f 1314/1450/649 1251/1343/649 1315/1451/649
f 1315/1451/649 1252/1345/649 1316/1452/649
f 1316/1452/649 1253/1347/649 1317/1453/649
f 1318/1454/649 1253/1347/649 1254/1348/649
f 1318/1454/649 1255/1351/649 1319/1455/649
f 1320/1456/649 1255/1351/649 1256/1352/649
f 1320/1456/649 1257/1355/649 1321/1457/649
f 1321/1457/649 1258/1356/649 1322/1458/649
f 1322/1458/649 1227/1297/649 1291/1427/649
f 1323/1459/647 1260/1361/647 1324/1460/647
f 1325/1461/647 1259/1359/647 1323/1459/647
f 1326/1462/647 1261/1362/647 1325/1461/647
f 1326/1462/647 1263/1366/647 1262/1367/647
f 1328/1463/647 1263/1366/647 1327/1464/647
f 1329/1465/647 1264/1368/647 1328/1463/647
f 1330/1466/647 1265/1372/647 1329/1465/647
f 1331/1467/647 1266/1375/647 1330/1466/647
f 1332/1468/647 1267/1374/647 1331/1467/647
f 1332/1468/647 1269/1381/647 1268/1376/647
f 1334/1469/647 1269/1381/647 1333/1470/647
f 1334/1469/647 1271/1385/647 1270/1380/647
f 1336/1471/647 1271/1385/647 1335/1472/647
f 1337/1473/647 1272/1384/647 1336/1471/647
f 1338/1474/647 1273/1389/647 1337/1473/647
f 1339/1475/647 1274/1388/647 1338/1474/647
f 1340/1476/647 1275/1390/647 1339/1475/647
f 1341/1477/647 1276/1392/647 1340/1476/647
f 1342/1478/647 1277/1394/647 1341/1477/647
f 1343/1479/647 1278/1396/647 1342/1478/647
f 1344/1480/647 1279/1401/647 1343/1479/647
f 1345/1481/647 1280/1400/647 1344/1480/647
f 1346/1482/647 1281/1402/647 1345/1481/647
f 1347/1483/647 1282/1404/647 1346/1482/647
f 1348/1484/647 1283/1295/647 1347/1483/647
f 1349/1485/647 1284/1296/647 1348/1484/647
f 1350/1486/647 1285/1408/647 1349/1485/647
f 1351/1487/647 1286/1413/647 1350/1486/647
f 1352/1488/647 1287/1412/647 1351/1487/647
f 1352/1488/647 1289/1419/647 1288/1416/647
f 1354/1489/647 1289/1419/647 1353/1490/647
f 1324/1460/647 1290/1418/647 1354/1489/647
f 1164/1491/650 1291/1427/651 1292/1428/650
f 1164/1491/650 1293/1429/652 1165/1492/652
f 1166/1493/653 1293/1429/652 1294/1430/653
f 1166/1493/653 1295/1431/654 1167/1494/654
f 1167/1494/654 1296/1432/655 1168/1495/655
f 1169/1496/656 1296/1432/655 1297/1433/656
f 1169/1496/656 1298/1434/657 1170/1497/657
f 1171/1498/658 1298/1434/657 1299/1435/658
f 1171/1498/658 1300/1436/659 1172/1499/659
f 1172/1499/659 1301/1437/660 1173/1500/660
f 1174/1501/661 1301/1437/660 1302/1438/661
f 1174/1501/661 1303/1439/662 1175/1502/662
f 1175/1502/662 1304/1440/663 1176/1503/663
f 1176/1503/663 1305/1441/664 1177/1504/664
f 1178/1421/665 1305/1441/664 1306/1442/665
f 1178/1421/665 1307/1443/666 1179/1505/666
f 1179/1505/666 1308/1444/667 1180/1506/667
f 1180/1506/667 1309/1445/668 1181/1507/668
f 1181/1507/668 1310/1446/669 1182/1508/669
f 1182/1508/669 1311/1447/670 1183/1509/670
f 1184/1510/671 1311/1447/670 1312/1448/671
f 1185/1511/672 1312/1448/671 1313/1449/672
f 1186/1422/673 1313/1449/672 1314/1450/673
f 1187/1512/674 1314/1450/673 1315/1451/674
f 1187/1512/674 1316/1452/675 1188/1513/675
f 1188/1513/675 1317/1453/676 1189/1514/676
f 1190/1515/677 1317/1453/676 1318/1454/677
f 1190/1515/677 1319/1455/678 1191/1516/678
f 1191/1516/678 1320/1456/679 1192/1517/679
f 1192/1517/679 1321/1457/680 1193/1518/680
f 1193/1518/680 1322/1458/681 1194/1423/681
f 1194/1423/681 1291/1427/651 1163/1519/651
f 1195/1520/682 1324/1460/683 1196/1521/683
f 1195/1520/682 1325/1461/684 1323/1459/682
f 1197/1426/684 1326/1462/685 1325/1461/684
f 1199/1522/686 1326/1462/685 1198/1523/685
f 1200/1524/687 1327/1464/686 1199/1522/686
f 1201/1525/688 1328/1463/687 1200/1524/687
f 1202/1526/689 1329/1465/688 1201/1525/688
f 1203/1527/690 1330/1466/689 1202/1526/689
f 1204/1528/691 1331/1467/690 1203/1527/690
f 1205/1425/692 1332/1468/691 1204/1528/691
f 1206/1529/693 1333/1470/692 1205/1425/692
f 1206/1529/693 1335/1472/694 1334/1469/693
f 1208/1530/695 1335/1472/694 1207/1531/694
f 1209/1532/696 1336/1471/695 1208/1530/695
f 1210/1533/697 1337/1473/696 1209/1532/696
f 1211/1534/698 1338/1474/697 1210/1533/697
f 1212/1535/699 1339/1475/698 1211/1534/698
f 1213/1424/700 1340/1476/699 1212/1535/699
f 1214/1536/701 1341/1477/700 1213/1424/700
f 1214/1536/701 1343/1479/702 1342/1478/701
f 1215/1537/702 1344/1480/703 1343/1479/702
f 1216/1538/703 1345/1481/704 1344/1480/703
f 1218/1539/705 1345/1481/704 1217/1540/704
f 1218/1539/705 1347/1483/706 1346/1482/705
f 1220/1541/707 1347/1483/706 1219/1542/706
f 1220/1541/707 1349/1485/708 1348/1484/707
f 1222/1543/709 1349/1485/708 1221/1544/708
f 1223/1545/710 1350/1486/709 1222/1543/709
f 1224/1546/711 1351/1487/710 1223/1545/710
f 1224/1546/711 1353/1490/712 1352/1488/711
f 1226/1547/713 1353/1490/712 1225/1548/712
f 1196/1521/683 1354/1489/713 1226/1547/713
f 908/1227/616 910/1230/617 909/1228/617
f 910/1230/617 912/1232/618 911/1231/618
f 912/1232/618 914/1234/619 913/1233/619
f 914/1234/619 916/1236/620 915/1235/620
f 916/1236/620 918/1238/621 917/1237/621
f 918/1238/621 920/1240/622 919/1239/622
f 920/1240/622 922/1242/623 921/1241/623
f 922/1242/623 924/1244/624 923/1243/624
f 924/1244/624 926/1246/625 925/1245/625
f 926/1246/625 928/1248/626 927/1247/626
f 928/1248/626 930/1250/627 929/1249/627
f 930/1250/627 932/1252/628 931/1251/628
f 932/1252/628 934/1254/629 933/1253/629
f 934/1254/629 936/1256/630 935/1255/630
f 936/1256/630 938/1258/631 937/1257/631
f 938/1258/631 940/1260/632 939/1259/632
f 940/1260/632 942/1262/633 941/1261/633
f 942/1262/633 944/1264/634 943/1263/634
f 944/1264/634 946/1266/635 945/1265/635
f 946/1266/635 948/1268/636 947/1267/636
f 948/1268/636 950/1270/637 949/1269/637
f 950/1270/637 952/1272/638 951/1271/638
f 952/1272/638 954/1274/639 953/1273/639
f 954/1274/639 956/1276/640 955/1275/640
f 956/1276/640 958/1278/641 957/1277/641
f 958/1278/641 960/1280/642 959/1279/642
f 960/1280/642 962/1282/643 961/1281/643
f 962/1282/643 964/1284/644 963/1283/644
f 964/1284/644 966/1286/645 965/1285/645
f 966/1286/645 968/1288/646 967/1287/646
f 955/1275/647 1019/1275/647 1017/1273/647
f 968/1288/646 970/1290/648 969/1289/648
f 970/1290/648 908/1292/616 907/1291/616
f 918/1238/649 982/1238/649 984/1240/649
f 1000/1256/630 1145/1256/630 1146/1258/631
f 1015/1271/638 1121/1271/638 1120/1269/637
f 936/1256/649 1000/1256/649 1002/1258/649
f 954/1274/649 1018/1274/649 1020/1276/649
f 921/1241/647 985/1241/647 983/1239/647
f 939/1259/647 1003/1259/647 1001/1257/647
f 922/1242/649 920/1240/649 984/1240/649
f 955/1275/647 957/1277/647 1021/1277/647
f 940/1260/649 938/1258/649 1002/1258/649
f 956/1276/649 1020/1276/649 1022/1278/649
f 923/1243/647 987/1243/647 985/1241/647
f 939/1259/647 941/1261/647 1005/1261/647
f 924/1244/649 922/1242/649 986/1242/649
f 959/1279/647 1023/1279/647 1021/1277/647
f 940/1260/649 1004/1260/649 1006/1262/649
f 958/1278/649 1022/1278/649 1024/1280/649
f 923/1243/647 925/1245/647 989/1245/647
f 941/1261/647 943/1263/647 1007/1263/647
f 926/1246/649 924/1244/649 988/1244/649
f 909/1228/647 972/1228/647 971/1229/647
f 961/1281/647 1025/1281/647 1023/1279/647
f 942/1262/649 1006/1262/649 1008/1264/649
f 908/1227/649 974/1227/649 973/1230/649
f 962/1282/649 960/1280/649 1024/1280/649
f 927/1247/647 991/1247/647 989/1245/647
f 945/1265/647 1009/1265/647 1007/1263/647
f 928/1248/649 926/1246/649 990/1246/649
f 963/1283/647 1027/1283/647 1025/1281/647
f 944/1264/649 1008/1264/649 1010/1266/649
f 911/1231/647 975/1231/647 972/1228/647
f 964/1284/649 962/1282/649 1026/1282/649
f 929/1249/647 993/1249/647 991/1247/647
f 912/1232/649 910/1230/649 973/1230/649
f 945/1265/647 947/1267/647 1011/1267/647
f 930/1250/649 928/1248/649 992/1248/649
f 963/1283/647 965/1285/647 1029/1285/647
f 946/1266/649 1010/1266/649 1012/1268/649
f 913/1233/647 977/1233/647 975/1231/647
f 964/1284/649 1028/1284/649 1030/1286/649
f 929/1249/647 931/1251/647 995/1251/647
f 914/1234/649 912/1232/649 976/1232/649
f 949/1269/647 1013/1269/647 1011/1267/647
f 930/1250/649 994/1250/649 996/1252/649
f 965/1285/647 967/1287/647 1031/1287/647
f 948/1268/649 1012/1268/649 1014/1270/649
f 915/1235/647 979/1235/647 977/1233/647
f 966/1286/649 1030/1286/649 1032/1288/649
f 933/1253/647 997/1253/647 995/1251/647
f 914/1234/649 978/1234/649 980/1236/649
f 949/1269/647 951/1271/647 1015/1271/647
f 934/1254/649 932/1252/649 996/1252/649
f 969/1289/647 1033/1289/647 1031/1287/647
f 950/1270/649 1014/1270/649 1016/1272/649
f 917/1237/647 981/1237/647 979/1235/647
f 968/1288/649 1032/1288/649 1034/1290/649
f 933/1253/647 935/1255/647 999/1255/647
f 918/1238/649 916/1236/649 980/1236/649
f 951/1271/647 953/1273/647 1017/1273/647
f 934/1254/649 998/1254/649 1000/1256/649
f 907/1291/647 971/1291/647 1033/1289/647
f 952/1272/649 1016/1272/649 1018/1274/649
f 919/1239/647 983/1239/647 981/1237/647
f 908/1292/649 970/1290/649 1034/1290/649
f 935/1255/647 937/1257/647 1001/1257/647
f 1051/1293/616 1052/1294/617 1244/1294/617
f 975/1231/618 1101/1231/618 1100/1228/617
f 1029/1285/645 1128/1285/645 1127/1283/644
f 989/1245/625 1108/1245/625 1107/1243/624
f 1001/1257/631 1003/1259/632 1115/1259/632
f 1017/1273/639 1122/1273/639 1121/1271/638
f 977/1233/619 1102/1233/619 1101/1231/618
f 1031/1287/646 1129/1287/646 1128/1285/645
f 991/1247/626 1109/1247/626 1108/1245/625
f 1003/1259/632 1005/1261/633 1116/1261/633
f 1019/1275/640 1123/1275/640 1122/1273/639
f 979/1235/620 1103/1235/620 1102/1233/619
f 1033/1289/648 1130/1289/648 1129/1287/646
f 993/1249/627 1110/1249/627 1109/1247/626
f 1007/1263/634 1117/1263/634 1116/1261/633
f 1021/1277/641 1124/1277/641 1123/1275/640
f 981/1237/621 1104/1237/621 1103/1235/620
f 971/1291/616 1099/1291/616 1130/1289/648
f 995/1251/628 1111/1251/628 1110/1249/627
f 1007/1263/634 1009/1265/635 1118/1265/635
f 1023/1279/642 1125/1279/642 1124/1277/641
f 983/1239/622 1105/1239/622 1104/1237/621
f 997/1253/629 1112/1253/629 1111/1251/628
f 1009/1265/635 1011/1267/636 1119/1267/636
f 1025/1281/643 1126/1281/643 1125/1279/642
f 985/1241/623 1106/1241/623 1105/1239/622
f 999/1255/630 1113/1255/630 1112/1253/629
f 1013/1269/637 1120/1269/637 1119/1267/636
f 972/1228/617 1100/1228/617 1099/1229/616
f 1027/1283/644 1127/1283/644 1126/1281/643
f 987/1243/624 1107/1243/624 1106/1241/623
f 1001/1257/631 1114/1257/631 1113/1255/630
f 1091/1295/624 1283/1295/624 1284/1296/625
f 1014/1270/637 1152/1270/637 1153/1272/638
f 973/1230/617 1131/1230/617 1133/1232/618
f 1028/1284/644 1159/1284/644 1160/1286/645
f 988/1244/624 1139/1244/624 1140/1246/625
f 1002/1258/631 1146/1258/631 1147/1260/632
f 1016/1272/638 1153/1272/638 1154/1274/639
f 976/1232/618 1133/1232/618 1134/1234/619
f 1030/1286/645 1160/1286/645 1161/1288/646
f 990/1246/625 1140/1246/625 1141/1248/626
f 1004/1260/632 1147/1260/632 1148/1262/633
f 1018/1274/639 1154/1274/639 1155/1276/640
f 978/1234/619 1134/1234/619 1135/1236/620
f 1032/1288/646 1161/1288/646 1162/1290/648
f 992/1248/626 1141/1248/626 1142/1250/627
f 1008/1264/634 1006/1262/633 1148/1262/633
f 1020/1276/640 1155/1276/640 1156/1278/641
f 980/1236/620 1135/1236/620 1136/1238/621
f 1034/1290/648 1162/1290/648 1132/1292/616
f 994/1250/627 1142/1250/627 1143/1252/628
f 1008/1264/634 1149/1264/634 1150/1266/635
f 1022/1278/641 1156/1278/641 1157/1280/642
f 982/1238/621 1136/1238/621 1137/1240/622
f 996/1252/628 1143/1252/628 1144/1254/629
f 1012/1268/636 1010/1266/635 1150/1266/635
f 1024/1280/642 1157/1280/642 1158/1282/643
f 984/1240/622 1137/1240/622 1138/1242/623
f 1000/1256/630 998/1254/629 1144/1254/629
f 1012/1268/636 1151/1268/636 1152/1270/637
f 974/1227/616 1132/1227/616 1131/1230/617
f 1026/1282/643 1158/1282/643 1159/1284/644
f 986/1242/623 1138/1242/623 1139/1244/624
f 1035/1297/649 1099/1358/649 1100/1298/649
f 1037/1300/649 1036/1299/649 1100/1298/649
f 1038/1302/649 1037/1300/649 1101/1301/649
f 1038/1302/649 1102/1303/649 1103/1304/649
f 1039/1305/649 1103/1304/649 1104/1306/649
f 1040/1307/649 1104/1306/649 1105/1308/649
f 1042/1310/649 1041/1309/649 1105/1308/649
f 1042/1310/649 1106/1311/649 1107/1312/649
f 1043/1313/649 1107/1312/649 1108/1314/649
f 1045/1316/649 1044/1315/649 1108/1314/649
f 1046/1318/649 1045/1316/649 1109/1317/649
f 1046/1318/649 1110/1319/649 1111/1320/649
f 1047/1321/649 1111/1320/649 1112/1322/649
f 1048/1323/649 1112/1322/649 1113/1324/649
f 1049/1325/649 1113/1324/649 1114/1326/649
f 1050/1327/649 1114/1326/649 1115/1328/649
f 1051/1293/649 1115/1328/649 1116/1329/649
f 1052/1294/649 1116/1329/649 1117/1330/649
f 1054/1332/649 1053/1331/649 1117/1330/649
f 1054/1332/649 1118/1333/649 1119/1334/649
f 1055/1335/649 1119/1334/649 1120/1336/649
f 1056/1337/649 1120/1336/649 1121/1338/649
f 1057/1339/649 1121/1338/649 1122/1340/649
f 1058/1341/649 1122/1340/649 1123/1342/649
f 1059/1343/649 1123/1342/649 1124/1344/649
f 1060/1345/649 1124/1344/649 1125/1346/649
f 1062/1348/649 1061/1347/649 1125/1346/649
f 1062/1348/649 1126/1349/649 1127/1350/649
f 1064/1352/649 1063/1351/649 1127/1350/649
f 1064/1352/649 1128/1353/649 1129/1354/649
f 1066/1356/649 1065/1355/649 1129/1354/649
f 1066/1356/649 1130/1357/649 1099/1358/649
f 1067/1359/647 1131/1363/647 1132/1360/647
f 1069/1362/647 1133/1365/647 1131/1363/647
f 1069/1362/647 1070/1367/647 1134/1364/647
f 1071/1366/647 1135/1369/647 1134/1364/647
f 1072/1368/647 1136/1371/647 1135/1369/647
f 1072/1368/647 1073/1372/647 1137/1370/647
f 1073/1372/647 1074/1375/647 1138/1373/647
f 1075/1374/647 1139/1377/647 1138/1373/647
f 1076/1376/647 1140/1379/647 1139/1377/647
f 1076/1376/647 1077/1381/647 1141/1378/647
f 1078/1380/647 1142/1383/647 1141/1378/647
f 1078/1380/647 1079/1385/647 1143/1382/647
f 1080/1384/647 1144/1387/647 1143/1382/647
f 1080/1384/647 1081/1389/647 1145/1386/647
f 1082/1388/647 1146/1391/647 1145/1386/647
f 1083/1390/647 1147/1393/647 1146/1391/647
f 1084/1392/647 1148/1395/647 1147/1393/647
f 1085/1394/647 1149/1397/647 1148/1395/647
f 1086/1396/647 1150/1399/647 1149/1397/647
f 1086/1396/647 1087/1401/647 1151/1398/647
f 1088/1400/647 1152/1403/647 1151/1398/647
f 1089/1402/647 1153/1405/647 1152/1403/647
f 1090/1404/647 1154/1406/647 1153/1405/647
f 1091/1295/647 1155/1407/647 1154/1406/647
f 1092/1296/647 1156/1409/647 1155/1407/647
f 1093/1408/647 1157/1411/647 1156/1409/647
f 1093/1408/647 1094/1413/647 1158/1410/647
f 1095/1412/647 1159/1415/647 1158/1410/647
f 1095/1412/647 1096/1416/647 1160/1414/647
f 1096/1416/647 1097/1419/647 1161/1417/647
f 1098/1418/647 1162/1420/647 1161/1417/647
f 1068/1361/647 1132/1360/647 1162/1420/647
f 1194/1423/649 1163/1519/649 1164/1491/649
f 1164/1491/649 1165/1492/649 1166/1493/649
f 1166/1493/649 1167/1494/649 1168/1495/649
f 1168/1495/649 1169/1496/649 1170/1497/649
f 1170/1497/649 1171/1498/649 1172/1499/649
f 1172/1499/649 1173/1500/649 1174/1501/649
f 1174/1501/649 1175/1502/649 1176/1503/649
f 1176/1503/649 1177/1504/649 1178/1421/649
f 1178/1421/649 1179/1505/649 1180/1506/649
f 1180/1506/649 1181/1507/649 1182/1508/649
f 1182/1508/649 1183/1509/649 1184/1510/649
f 1184/1510/649 1185/1511/649 1186/1422/649
f 1186/1422/649 1187/1512/649 1188/1513/649
f 1188/1513/649 1189/1514/649 1190/1515/649
f 1190/1515/649 1191/1516/649 1192/1517/649
f 1192/1517/649 1193/1518/649 1194/1423/649
f 1194/1423/649 1164/1491/649 1166/1493/649
f 1166/1493/649 1168/1495/649 1170/1497/649
f 1170/1497/649 1172/1499/649 1174/1501/649
f 1174/1501/649 1176/1503/649 1178/1421/649
f 1178/1421/649 1180/1506/649 1182/1508/649
f 1182/1508/649 1184/1510/649 1186/1422/649
f 1186/1422/649 1188/1513/649 1190/1515/649
f 1190/1515/649 1192/1517/649 1194/1423/649
f 1194/1423/649 1166/1493/649 1170/1497/649
f 1170/1497/649 1174/1501/649 1178/1421/649
f 1178/1421/649 1182/1508/649 1186/1422/649
f 1186/1422/649 1190/1515/649 1194/1423/649
f 1194/1423/649 1170/1497/649 1178/1421/649
f 1039/1305/636 1231/1305/636 1230/1302/635
f 1066/1356/631 1258/1356/631 1257/1355/630
f 1052/1294/617 1053/1331/618 1245/1331/618
f 1040/1307/637 1232/1307/637 1231/1305/636
f 1035/1297/632 1227/1297/632 1258/1356/631
f 1053/1331/618 1054/1332/619 1246/1332/619
f 1041/1309/638 1233/1309/638 1232/1307/637
f 1055/1335/620 1247/1335/620 1246/1332/619
f 1042/1310/639 1234/1310/639 1233/1309/638
f 1056/1337/621 1248/1337/621 1247/1335/620
f 1043/1313/640 1235/1313/640 1234/1310/639
f 1057/1339/622 1249/1339/622 1248/1337/621
f 1044/1315/641 1236/1315/641 1235/1313/640
f 1058/1341/623 1250/1341/623 1249/1339/622
f 1045/1316/642 1237/1316/642 1236/1315/641
f 1059/1343/624 1251/1343/624 1250/1341/623
f 1046/1318/643 1238/1318/643 1237/1316/642
f 1060/1345/625 1252/1345/625 1251/1343/624
f 1047/1321/644 1239/1321/644 1238/1318/643
f 1061/1347/626 1253/1347/626 1252/1345/625
f 1048/1323/645 1240/1323/645 1239/1321/644
f 1062/1348/627 1254/1348/627 1253/1347/626
f 1049/1325/646 1241/1325/646 1240/1323/645
f 1036/1299/633 1228/1299/633 1227/1297/632
f 1063/1351/628 1255/1351/628 1254/1348/627
f 1049/1325/646 1050/1327/648 1242/1327/648
f 1037/1300/634 1229/1300/634 1228/1299/633
f 1064/1352/629 1256/1352/629 1255/1351/628
f 1050/1327/648 1051/1293/616 1243/1293/616
f 1038/1302/635 1230/1302/635 1229/1300/634
f 1065/1355/630 1257/1355/630 1256/1352/629
f 1197/1426/647 1195/1520/647 1196/1521/647
f 1196/1521/647 1226/1547/647 1225/1548/647
f 1225/1548/647 1224/1546/647 1223/1545/647
f 1223/1545/647 1222/1543/647 1221/1544/647
f 1221/1544/647 1220/1541/647 1219/1542/647
f 1219/1542/647 1218/1539/647 1217/1540/647
f 1217/1540/647 1216/1538/647 1215/1537/647
f 1215/1537/647 1214/1536/647 1213/1424/647
f 1213/1424/647 1212/1535/647 1211/1534/647
f 1211/1534/647 1210/1533/647 1209/1532/647
f 1209/1532/647 1208/1530/647 1207/1531/647
f 1207/1531/647 1206/1529/647 1205/1425/647
f 1205/1425/647 1204/1528/647 1203/1527/647
f 1203/1527/647 1202/1526/647 1201/1525/647
f 1201/1525/647 1200/1524/647 1199/1522/647
f 1199/1522/647 1198/1523/647 1197/1426/647
f 1197/1426/647 1196/1521/647 1225/1548/647
f 1225/1548/647 1223/1545/647 1221/1544/647
f 1221/1544/647 1219/1542/647 1217/1540/647
f 1217/1540/647 1215/1537/647 1213/1424/647
f 1213/1424/647 1211/1534/647 1209/1532/647
f 1209/1532/647 1207/1531/647 1205/1425/647
f 1205/1425/647 1203/1527/647 1201/1525/647
f 1201/1525/647 1199/1522/647 1197/1426/647
f 1197/1426/647 1225/1548/647 1221/1544/647
f 1221/1544/647 1217/1540/647 1213/1424/647
f 1213/1424/647 1209/1532/647 1205/1425/647
f 1205/1425/647 1201/1525/647 1197/1426/647
f 1197/1426/647 1221/1544/647 1213/1424/647
f 1078/1380/643 1270/1380/643 1271/1385/644
f 1092/1296/625 1284/1296/625 1285/1408/626
f 1079/1385/644 1271/1385/644 1272/1384/645
f 1093/1408/626 1285/1408/626 1286/1413/627
f 1080/1384/645 1272/1384/645 1273/1389/646
f 1067/1359/633 1068/1361/632 1260/1361/632
f 1094/1413/627 1286/1413/627 1287/1412/628
f 1081/1389/646 1273/1389/646 1274/1388/648
f 1067/1359/633 1259/1359/633 1261/1362/634
f 1095/1412/628 1287/1412/628 1288/1416/629
f 1082/1388/648 1274/1388/648 1275/1390/616
f 1069/1362/634 1261/1362/634 1262/1367/635
f 1096/1416/629 1288/1416/629 1289/1419/630
f 1083/1390/616 1275/1390/616 1276/1392/617
f 1070/1367/635 1262/1367/635 1263/1366/636
f 1098/1418/631 1097/1419/630 1289/1419/630
f 1084/1392/617 1276/1392/617 1277/1394/618
f 1071/1366/636 1263/1366/636 1264/1368/637
f 1068/1361/632 1098/1418/631 1290/1418/631
f 1085/1394/618 1277/1394/618 1278/1396/619
f 1072/1368/637 1264/1368/637 1265/1372/638
f 1086/1396/619 1278/1396/619 1279/1401/620
f 1073/1372/638 1265/1372/638 1266/1375/639
f 1087/1401/620 1279/1401/620 1280/1400/621
f 1074/1375/639 1266/1375/639 1267/1374/640
f 1088/1400/621 1280/1400/621 1281/1402/622
f 1075/1374/640 1267/1374/640 1268/1376/641
f 1089/1402/622 1281/1402/622 1282/1404/623
f 1076/1376/641 1268/1376/641 1269/1381/642
f 1090/1404/623 1282/1404/623 1283/1295/624
f 1077/1381/642 1269/1381/642 1270/1380/643
f 1291/1427/649 1227/1297/649 1228/1299/649
f 1293/1429/649 1292/1428/649 1228/1299/649
f 1294/1430/649 1293/1429/649 1229/1300/649
f 1294/1430/649 1230/1302/649 1231/1305/649
f 1296/1432/649 1295/1431/649 1231/1305/649
f 1296/1432/649 1232/1307/649 1233/1309/649
f 1298/1434/649 1297/1433/649 1233/1309/649
f 1299/1435/649 1298/1434/649 1234/1310/649
f 1299/1435/649 1235/1313/649 1236/1315/649
f 1300/1436/649 1236/1315/649 1237/1316/649
f 1301/1437/649 1237/1316/649 1238/1318/649
f 1302/1438/649 1238/1318/649 1239/1321/649
f 1304/1440/649 1303/1439/649 1239/1321/649
f 1304/1440/649 1240/1323/649 1241/1325/649
f 1306/1442/649 1305/1441/649 1241/1325/649
f 1306/1442/649 1242/1327/649 1243/1293/649
f 1307/1443/649 1243/1293/649 1244/1294/649
f 1308/1444/649 1244/1294/649 1245/1331/649
f 1310/1446/649 1309/1445/649 1245/1331/649
f 1310/1446/649 1246/1332/649 1247/1335/649
f 1312/1448/649 1311/1447/649 1247/1335/649
f 1313/1449/649 1312/1448/649 1248/1337/649
f 1314/1450/649 1313/1449/649 1249/1339/649
f 1314/1450/649 1250/1341/649 1251/1343/649
f 1315/1451/649 1251/1343/649 1252/1345/649
f 1316/1452/649 1252/1345/649 1253/1347/649
f 1318/1454/649 1317/1453/649 1253/1347/649
f 1318/1454/649 1254/1348/649 1255/1351/649
f 1320/1456/649 1319/1455/649 1255/1351/649
f 1320/1456/649 1256/1352/649 1257/1355/649
f 1321/1457/649 1257/1355/649 1258/1356/649
f 1322/1458/649 1258/1356/649 1227/1297/649
f 1323/1459/647 1259/1359/647 1260/1361/647
f 1325/1461/647 1261/1362/647 1259/1359/647
f 1326/1462/647 1262/1367/647 1261/1362/647
f 1326/1462/647 1327/1464/647 1263/1366/647
f 1328/1463/647 1264/1368/647 1263/1366/647
f 1329/1465/647 1265/1372/647 1264/1368/647
f 1330/1466/647 1266/1375/647 1265/1372/647
f 1331/1467/647 1267/1374/647 1266/1375/647
f 1332/1468/647 1268/1376/647 1267/1374/647
f 1332/1468/647 1333/1470/647 1269/1381/647
f 1334/1469/647 1270/1380/647 1269/1381/647
f 1334/1469/647 1335/1472/647 1271/1385/647
f 1336/1471/647 1272/1384/647 1271/1385/647
f 1337/1473/647 1273/1389/647 1272/1384/647
f 1338/1474/647 1274/1388/647 1273/1389/647
f 1339/1475/647 1275/1390/647 1274/1388/647
f 1340/1476/647 1276/1392/647 1275/1390/647
f 1341/1477/647 1277/1394/647 1276/1392/647
f 1342/1478/647 1278/1396/647 1277/1394/647
f 1343/1479/647 1279/1401/647 1278/1396/647
f 1344/1480/647 1280/1400/647 1279/1401/647
f 1345/1481/647 1281/1402/647 1280/1400/647
f 1346/1482/647 1282/1404/647 1281/1402/647
f 1347/1483/647 1283/1295/647 1282/1404/647
f 1348/1484/647 1284/1296/647 1283/1295/647
f 1349/1485/647 1285/1408/647 1284/1296/647
f 1350/1486/647 1286/1413/647 1285/1408/647
f 1351/1487/647 1287/1412/647 1286/1413/647
f 1352/1488/647 1288/1416/647 1287/1412/647
f 1352/1488/647 1353/1490/647 1289/1419/647
f 1354/1489/647 1290/1418/647 1289/1419/647
f 1324/1460/647 1260/1361/647 1290/1418/647
f 1164/1491/650 1163/1519/651 1291/1427/651
f 1164/1491/650 1292/1428/650 1293/1429/652
f 1166/1493/653 1165/1492/652 1293/1429/652
f 1166/1493/653 1294/1430/653 1295/1431/654
f 1167/1494/654 1295/1431/654 1296/1432/655
f 1169/1496/656 1168/1495/655 1296/1432/655
f 1169/1496/656 1297/1433/656 1298/1434/657
f 1171/1498/658 1170/1497/657 1298/1434/657
f 1171/1498/658 1299/1435/658 1300/1436/659
f 1172/1499/659 1300/1436/659 1301/1437/660
f 1174/1501/661 1173/1500/660 1301/1437/660
f 1174/1501/661 1302/1438/661 1303/1439/662
f 1175/1502/662 1303/1439/662 1304/1440/663
f 1176/1503/663 1304/1440/663 1305/1441/664
f 1178/1421/665 1177/1504/664 1305/1441/664
f 1178/1421/665 1306/1442/665 1307/1443/666
f 1179/1505/666 1307/1443/666 1308/1444/667
f 1180/1506/667 1308/1444/667 1309/1445/668
f 1181/1507/668 1309/1445/668 1310/1446/669
f 1182/1508/669 1310/1446/669 1311/1447/670
f 1184/1510/671 1183/1509/670 1311/1447/670
f 1185/1511/672 1184/1510/671 1312/1448/671
f 1186/1422/673 1185/1511/672 1313/1449/672
f 1187/1512/674 1186/1422/673 1314/1450/673
f 1187/1512/674 1315/1451/674 1316/1452/675
f 1188/1513/675 1316/1452/675 1317/1453/676
f 1190/1515/677 1189/1514/676 1317/1453/676
f 1190/1515/677 1318/1454/677 1319/1455/678
f 1191/1516/678 1319/1455/678 1320/1456/679
f 1192/1517/679 1320/1456/679 1321/1457/680
f 1193/1518/680 1321/1457/680 1322/1458/681
f 1194/1423/681 1322/1458/681 1291/1427/651
f 1195/1520/682 1323/1459/682 1324/1460/683
f 1195/1520/682 1197/1426/684 1325/1461/684
f 1197/1426/684 1198/1523/685 1326/1462/685
f 1199/1522/686 1327/1464/686 1326/1462/685
f 1200/1524/687 1328/1463/687 1327/1464/686
f 1201/1525/688 1329/1465/688 1328/1463/687
f 1202/1526/689 1330/1466/689 1329/1465/688
f 1203/1527/690 1331/1467/690 1330/1466/689
f 1204/1528/691 1332/1468/691 1331/1467/690
f 1205/1425/692 1333/1470/692 1332/1468/691
f 1206/1529/693 1334/1469/693 1333/1470/692
f 1206/1529/693 1207/1531/694 1335/1472/694
f 1208/1530/695 1336/1471/695 1335/1472/694
f 1209/1532/696 1337/1473/696 1336/1471/695
f 1210/1533/697 1338/1474/697 1337/1473/696
f 1211/1534/698 1339/1475/698 1338/1474/697
f 1212/1535/699 1340/1476/699 1339/1475/698
f 1213/1424/700 1341/1477/700 1340/1476/699
f 1214/1536/701 1342/1478/701 1341/1477/700
f 1214/1536/701 1215/1537/702 1343/1479/702
f 1215/1537/702 1216/1538/703 1344/1480/703
f 1216/1538/703 1217/1540/704 1345/1481/704
f 1218/1539/705 1346/1482/705 1345/1481/704
f 1218/1539/705 1219/1542/706 1347/1483/706
f 1220/1541/707 1348/1484/707 1347/1483/706
f 1220/1541/707 1221/1544/708 1349/1485/708
f 1222/1543/709 1350/1486/709 1349/1485/708
f 1223/1545/710 1351/1487/710 1350/1486/709
f 1224/1546/711 1352/1488/711 1351/1487/710
f 1224/1546/711 1225/1548/712 1353/1490/712
f 1226/1547/713 1354/1489/713 1353/1490/712
f 1196/1521/683 1324/1460/683 1354/1489/713
o Cylinder.001
v -1.330000 -0.548219 -1.000000
v -1.330000 -0.548219 1.000000
v -1.223671 -0.558692 -1.000000
v -1.223671 -0.558692 1.000000
v -1.121428 -0.589707 -1.000000
v -1.121428 -0.589707 1.000000
v -1.027201 -0.640073 -1.000000
v -1.027201 -0.640073 1.000000
v -0.944609 -0.707853 -1.000000
v -0.944609 -0.707853 1.000000
v -0.876829 -0.790445 -1.000000
v -0.876829 -0.790445 1.000000
v -0.826463 -0.884672 -1.000000
v -0.826463 -0.884672 1.000000
v -0.795448 -0.986915 -1.000000
v -0.795448 -0.986915 1.000000
v -0.784975 -1.093244 -1.000000
v -0.784975 -1.093244 1.000000
v -0.795448 -1.199573 -1.000000
v -0.795448 -1.199573 1.000000
v -0.826463 -1.301816 -1.000000
v -0.826463 -1.301816 1.000000
v -0.876829 -1.396044 -1.000000
v -0.876829 -1.396044 1.000000
v -0.944609 -1.478635 -1.000000
v -0.944609 -1.478635 1.000000
v -1.027201 -1.546416 -1.000000
v -1.027201 -1.546416 1.000000
v -1.121428 -1.596781 -1.000000
v -1.121428 -1.596781 1.000000
v -1.223671 -1.627796 -1.000000
v -1.223671 -1.627796 1.000000
v -1.330000 -1.638269 -1.000000
v -1.330000 -1.638269 1.000000
v -1.436329 -1.627796 -1.000000
v -1.436329 -1.627796 1.000000
v -1.538572 -1.596781 -1.000000
v -1.538572 -1.596781 1.000000
v -1.632800 -1.546416 -1.000000
v -1.632800 -1.546416 1.000000
v -1.715391 -1.478635 -1.000000
v -1.715391 -1.478635 1.000000
v -1.783172 -1.396044 -1.000000
v -1.783172 -1.396044 1.000000
v -1.833537 -1.301816 -1.000000
v -1.833537 -1.301816 1.000000
v -1.864552 -1.199573 -1.000000
v -1.864552 -1.199573 1.000000
v -1.875025 -1.093244 -1.000000
v -1.875025 -1.093244 1.000000
v -1.864552 -0.986915 -1.000000
v -1.864552 -0.986915 1.000000
v -1.833537 -0.884672 -1.000000
v -1.833537 -0.884672 1.000000
v -1.783172 -0.790445 -1.000000
v -1.783172 -0.790445 1.000000
v -1.715391 -0.707853 -1.000000
v -1.715391 -0.707853 1.000000
v -1.632800 -0.640073 -1.000000
v -1.632800 -0.640073 1.000000
v -1.538572 -0.589707 -1.000000
v -1.538572 -0.589707 1.000000
v -1.436329 -0.558692 -1.000000
v -1.436329 -0.558692 1.000000
v -1.330000 -0.351191 -1.000000
v -1.185233 -0.365450 -1.000000
v -1.185233 -0.365450 1.000000
v -1.330000 -0.351192 1.000000
v -1.046029 -0.407677 -1.000000
v -1.046029 -0.407677 1.000000
v -0.917738 -0.476250 -1.000000
v -0.917738 -0.476250 1.000000
v -0.805290 -0.568534 -1.000000
v -0.805290 -0.568534 1.000000
v -0.713006 -0.680982 -1.000000
v -0.713006 -0.680982 1.000000
v -0.644433 -0.809273 -1.000000
v -0.644433 -0.809273 1.000000
v -0.602206 -0.948477 -1.000000
v -0.602206 -0.948477 1.000000
v -0.587947 -1.093244 -1.000000
v -0.587947 -1.093244 1.000000
v -0.602206 -1.238011 -1.000000
v -0.602206 -1.238011 1.000000
v -0.644433 -1.377215 -1.000000
v -0.644433 -1.377215 1.000000
v -0.713006 -1.505507 -1.000000
v -0.713006 -1.505507 1.000000
v -0.805290 -1.617954 -1.000000
v -0.805290 -1.617955 1.000000
v -0.917738 -1.710238 -1.000000
v -0.917738 -1.710238 1.000000
v -1.046029 -1.778811 -1.000000
v -1.046029 -1.778811 1.000000
v -1.185233 -1.821038 -1.000000
v -1.185233 -1.821038 1.000000
v -1.330000 -1.835297 -1.000000
v -1.330000 -1.835297 1.000000
v -1.474767 -1.821038 -1.000000
v -1.474767 -1.821038 1.000000
v -1.613971 -1.778811 -1.000000
v -1.613971 -1.778811 1.000000
v -1.742262 -1.710238 -1.000000
v -1.742262 -1.710238 1.000000
v -1.854711 -1.617954 -1.000000
v -1.854711 -1.617955 1.000000
v -1.946994 -1.505507 -1.000000
v -1.946994 -1.505507 1.000000
v -2.015567 -1.377215 -1.000000
v -2.015567 -1.377215 1.000000
v -2.057794 -1.238011 -1.000000
v -2.057794 -1.238011 1.000000
v -2.072053 -1.093244 -1.000000
v -2.072053 -1.093244 1.000000
v -2.057794 -0.948477 -1.000000
v -2.057794 -0.948477 1.000000
v -2.015567 -0.809273 -1.000000
v -2.015567 -0.809273 1.000000
v -1.946994 -0.680982 -1.000000
v -1.946994 -0.680982 1.000000
v -1.854711 -0.568534 -1.000000
v -1.854711 -0.568534 1.000000
v -1.742262 -0.476250 -1.000000
v -1.742262 -0.476250 1.000000
v -1.613971 -0.407677 -1.000000
v -1.613971 -0.407677 1.000000
v -1.474767 -0.365450 -1.000000
v -1.474767 -0.365450 1.000000
v -1.330000 -0.505536 -1.296533
v -1.215344 -0.516828 -1.296533
v -1.105094 -0.550272 -1.296533
v -1.003487 -0.604582 -1.296533
v -0.914427 -0.677672 -1.296533
v -0.841338 -0.766731 -1.296533
v -0.787028 -0.868338 -1.296533
v -0.753584 -0.978588 -1.296533
v -0.742292 -1.093244 -1.296533
v -0.753584 -1.207900 -1.296533
v -0.787028 -1.318150 -1.296533
v -0.841338 -1.419757 -1.296533
v -0.914427 -1.508817 -1.296533
v -1.003487 -1.581906 -1.296533
v -1.105094 -1.636216 -1.296533
v -1.215344 -1.669660 -1.296533
v -1.330000 -1.680952 -1.296533
v -1.444656 -1.669660 -1.296533
v -1.554906 -1.636216 -1.296533
v -1.656513 -1.581906 -1.296533
v -1.745573 -1.508817 -1.296533
v -1.818662 -1.419757 -1.296533
v -1.872972 -1.318150 -1.296533
v -1.906416 -1.207900 -1.296533
v -1.917708 -1.093244 -1.296533
v -1.906416 -0.978588 -1.296533
v -1.872972 -0.868338 -1.296533
v -1.818662 -0.766731 -1.296533
v -1.745573 -0.677672 -1.296533
v -1.656513 -0.604582 -1.296533
v -1.554906 -0.550272 -1.296533
v -1.444656 -0.516828 -1.296533
v -1.215344 -0.516829 1.312671
v -1.330000 -0.505536 1.312671
v -1.105094 -0.550273 1.312671
v -1.003487 -0.604583 1.312671
v -0.914428 -0.677672 1.312671
v -0.841338 -0.766731 1.312671
v -0.787028 -0.868338 1.312671
v -0.753584 -0.978588 1.312671
v -0.742292 -1.093244 1.312671
v -0.753584 -1.207900 1.312671
v -0.787028 -1.318150 1.312671
v -0.841338 -1.419757 1.312671
v -0.914428 -1.508817 1.312671
v -1.003487 -1.581906 1.312671
v -1.105094 -1.636216 1.312671
v -1.215344 -1.669660 1.312671
v -1.330000 -1.680953 1.312671
v -1.444656 -1.669660 1.312671
v -1.554906 -1.636216 1.312671
v -1.656513 -1.581906 1.312671
v -1.745573 -1.508817 1.312671
v -1.818662 -1.419757 1.312671
v -1.872972 -1.318150 1.312671
v -1.906416 -1.207900 1.312671
v -1.917708 -1.093244 1.312671
v -1.906416 -0.978588 1.312671
v -1.872972 -0.868338 1.312671
v -1.818662 -0.766731 1.312671
v -1.745573 -0.677672 1.312671
v -1.656513 -0.604583 1.312671
v -1.554906 -0.550273 1.312671
v -1.444656 -0.516829 1.312671
v -1.330000 -0.351191 -1.296533
v -1.185233 -0.365450 -1.296533
v -1.046029 -0.407677 -1.296533
v -0.917738 -0.476250 -1.296533
v -0.805290 -0.568534 -1.296533
v -0.713006 -0.680982 -1.296533
v -0.644433 -0.809273 -1.296533
v -0.602206 -0.948477 -1.296533
v -0.587947 -1.093244 -1.296533
v -0.602206 -1.238011 -1.296533
v -0.644433 -1.377215 -1.296533
v -0.713006 -1.505507 -1.296533
v -0.805290 -1.617954 -1.296533
v -0.917738 -1.710238 -1.296533
v -1.046029 -1.778811 -1.296533
v -1.185233 -1.821038 -1.296533
v -1.330000 -1.835297 -1.296533
v -1.474767 -1.821038 -1.296533
v -1.613971 -1.778811 -1.296533
v -1.742262 -1.710238 -1.296533
v -1.854710 -1.617954 -1.296533
v -1.946994 -1.505507 -1.296533
v -2.015567 -1.377215 -1.296533
v -2.057794 -1.238011 -1.296533
v -2.072053 -1.093244 -1.296533
v -2.057794 -0.948477 -1.296533
v -2.015567 -0.809273 -1.296533
v -1.946994 -0.680982 -1.296533
v -1.854710 -0.568534 -1.296533
v -1.742262 -0.476250 -1.296533
v -1.613971 -0.407677 -1.296533
v -1.474767 -0.365450 -1.296533
v -1.185233 -0.365450 1.312671
v -1.330000 -0.351192 1.312671
v -1.046029 -0.407677 1.312671
v -0.917738 -0.476250 1.312671
v -0.805290 -0.568534 1.312671
v -0.713006 -0.680982 1.312671
v -0.644433 -0.809273 1.312671
v -0.602206 -0.948477 1.312671
v -0.587947 -1.093244 1.312671
v -0.602206 -1.238011 1.312671
v -0.644433 -1.377216 1.312671
v -0.713006 -1.505507 1.312671
v -0.805290 -1.617955 1.312671
v -0.917738 -1.710238 1.312671
v -1.046029 -1.778811 1.312671
v -1.185233 -1.821038 1.312671
v -1.330000 -1.835297 1.312671
v -1.474767 -1.821038 1.312671
v -1.613971 -1.778811 1.312671
v -1.742262 -1.710238 1.312671
v -1.854711 -1.617955 1.312671
v -1.946994 -1.505507 1.312671
v -2.015567 -1.377216 1.312671
v -2.057794 -1.238011 1.312671
v -2.072053 -1.093244 1.312671
v -2.057794 -0.948477 1.312671
v -2.015567 -0.809273 1.312671
v -1.946994 -0.680982 1.312671
v -1.854711 -0.568534 1.312671
v -1.742262 -0.476250 1.312671
v -1.613971 -0.407677 1.312671
v -1.474767 -0.365450 1.312671
v -1.330000 -0.735335 -1.398931
v -1.260175 -0.742212 -1.398931
v -1.193034 -0.762579 -1.398931
v -1.131156 -0.795654 -1.398931
v -1.076920 -0.840164 -1.398931
v -1.032410 -0.894400 -1.398931
v -0.999335 -0.956278 -1.398931
v -0.978968 -1.023419 -1.398931
v -0.972091 -1.093244 -1.398931
v -0.978968 -1.163069 -1.398931
v -0.999335 -1.230210 -1.398931
v -1.032410 -1.292088 -1.398931
v -1.076920 -1.346324 -1.398931
v -1.131156 -1.390835 -1.398931
v -1.193034 -1.423909 -1.398931
v -1.260175 -1.444276 -1.398931
v -1.330000 -1.451153 -1.398931
v -1.399825 -1.444276 -1.398931
v -1.466966 -1.423909 -1.398931
v -1.528844 -1.390834 -1.398931
v -1.583080 -1.346324 -1.398931
v -1.627590 -1.292088 -1.398931
v -1.660665 -1.230210 -1.398931
v -1.681032 -1.163069 -1.398931
v -1.687909 -1.093244 -1.398931
v -1.681032 -1.023419 -1.398931
v -1.660665 -0.956278 -1.398931
v -1.627590 -0.894400 -1.398931
v -1.583080 -0.840164 -1.398931
v -1.528844 -0.795654 -1.398931
v -1.466966 -0.762579 -1.398931
v -1.399825 -0.742212 -1.398931
v -1.260175 -0.742212 1.403395
v -1.330000 -0.735335 1.403395
v -1.193034 -0.762579 1.403395
v -1.131156 -0.795654 1.403395
v -1.076920 -0.840164 1.403395
v -1.032410 -0.894401 1.403395
v -0.999335 -0.956278 1.403395
v -0.978968 -1.023420 1.403395
v -0.972091 -1.093244 1.403395
v -0.978968 -1.163069 1.403395
v -0.999335 -1.230210 1.403395
v -1.032410 -1.292088 1.403395
v -1.076920 -1.346324 1.403395
v -1.131156 -1.390835 1.403395
v -1.193034 -1.423909 1.403395
v -1.260175 -1.444276 1.403395
v -1.330000 -1.451153 1.403395
v -1.399825 -1.444276 1.403395
v -1.466966 -1.423909 1.403395
v -1.528844 -1.390835 1.403395
v -1.583080 -1.346324 1.403395
v -1.627590 -1.292088 1.403395
v -1.660665 -1.230210 1.403395
v -1.681032 -1.163069 1.403395
v -1.687909 -1.093244 1.403395
v -1.681032 -1.023420 1.403395
v -1.660665 -0.956278 1.403395
v -1.627590 -0.894400 1.403395
v -1.583080 -0.840164 1.403395
v -1.528844 -0.795654 1.403395
v -1.466966 -0.762579 1.403395
v -1.399825 -0.742212 1.403395
v -1.330000 -0.505536 -1.139189
v -1.215344 -0.516828 -1.139189
v -1.105094 -0.550272 -1.139189
v -1.003487 -0.604582 -1.139189
v -0.914427 -0.677672 -1.139189
v -0.841338 -0.766731 -1.139189
v -0.787028 -0.868338 -1.139189
v -0.753584 -0.978588 -1.139189
v -0.742292 -1.093244 -1.139189
v -0.753584 -1.207900 -1.139189
v -0.787028 -1.318150 -1.139189
v -0.841338 -1.419757 -1.139189
v -0.914427 -1.508817 -1.139189
v -1.003487 -1.581906 -1.139189
v -1.105094 -1.636216 -1.139189
v -1.215344 -1.669660 -1.139189
v -1.330000 -1.680952 -1.139189
v -1.444656 -1.669660 -1.139189
v -1.554906 -1.636216 -1.139189
v -1.656513 -1.581906 -1.139189
v -1.745573 -1.508817 -1.139189
v -1.818662 -1.419757 -1.139189
v -1.872972 -1.318150 -1.139189
v -1.906416 -1.207900 -1.139189
v -1.917708 -1.093244 -1.139189
v -1.906416 -0.978588 -1.139189
v -1.872972 -0.868338 -1.139189
v -1.818662 -0.766731 -1.139189
v -1.745573 -0.677672 -1.139189
v -1.656513 -0.604582 -1.139189
v -1.554906 -0.550272 -1.139189
v -1.444656 -0.516828 -1.139189
v -1.215344 -0.516829 1.155327
v -1.330000 -0.505536 1.155327
v -1.105094 -0.550273 1.155327
v -1.003487 -0.604583 1.155327
v -0.914428 -0.677672 1.155327
v -0.841338 -0.766731 1.155327
v -0.787028 -0.868338 1.155327
v -0.753584 -0.978588 1.155327
v -0.742292 -1.093244 1.155327
v -0.753584 -1.207900 1.155327
v -0.787028 -1.318150 1.155327
v -0.841338 -1.419757 1.155327
v -0.914428 -1.508817 1.155327
v -1.003487 -1.581906 1.155327
v -1.105094 -1.636216 1.155327
v -1.215344 -1.669660 1.155327
v -1.330000 -1.680953 1.155327
v -1.444656 -1.669660 1.155327
v -1.554906 -1.636216 1.155327
v -1.656513 -1.581906 1.155327
v -1.745573 -1.508817 1.155327
v -1.818662 -1.419757 1.155327
v -1.872972 -1.318150 1.155327
v -1.906416 -1.207900 1.155327
v -1.917708 -1.093244 1.155327
v -1.906416 -0.978588 1.155327
v -1.872972 -0.868338 1.155327
v -1.818662 -0.766731 1.155327
v -1.745573 -0.677672 1.155327
v -1.656513 -0.604583 1.155327
v -1.554906 -0.550273 1.155327
v -1.444656 -0.516829 1.155327
v -1.330000 -0.645068 -1.139189
v -1.242565 -0.653679 -1.139189
v -1.158490 -0.679183 -1.139189
v -1.081007 -0.720599 -1.139189
v -1.013092 -0.776336 -1.139189
v -0.957355 -0.844251 -1.139189
v -0.915939 -0.921734 -1.139189
v -0.890435 -1.005809 -1.139189
v -0.881824 -1.093244 -1.139189
v -0.890435 -1.180679 -1.139189
v -0.915939 -1.264754 -1.139189
v -0.957355 -1.342237 -1.139189
v -1.013092 -1.410153 -1.139189
v -1.081007 -1.465889 -1.139189
v -1.158490 -1.507305 -1.139189
v -1.242565 -1.532809 -1.139189
v -1.330000 -1.541420 -1.139189
v -1.417435 -1.532809 -1.139189
v -1.501510 -1.507305 -1.139189
v -1.578993 -1.465889 -1.139189
v -1.646908 -1.410153 -1.139189
v -1.702645 -1.342237 -1.139189
v -1.744061 -1.264754 -1.139189
v -1.769565 -1.180679 -1.139189
v -1.778176 -1.093244 -1.139189
v -1.769565 -1.005809 -1.139189
v -1.744061 -0.921734 -1.139189
v -1.702645 -0.844251 -1.139189
v -1.646909 -0.776336 -1.139189
v -1.578993 -0.720599 -1.139189
v -1.501510 -0.679183 -1.139189
v -1.417435 -0.653679 -1.139189
v -1.242565 -0.653679 1.155327
v -1.330000 -0.645068 1.155327
v -1.158490 -0.679183 1.155327
v -1.081007 -0.720599 1.155327
v -1.013092 -0.776336 1.155327
v -0.957355 -0.844251 1.155327
v -0.915939 -0.921734 1.155327
v -0.890435 -1.005809 1.155327
v -0.881824 -1.093244 1.155327
v -0.890435 -1.180679 1.155327
v -0.915939 -1.264754 1.155327
v -0.957355 -1.342238 1.155327
v -1.013092 -1.410153 1.155327
v -1.081007 -1.465889 1.155327
v -1.158490 -1.507305 1.155327
v -1.242565 -1.532809 1.155327
v -1.330000 -1.541420 1.155327
v -1.417435 -1.532809 1.155327
v -1.501510 -1.507305 1.155327
v -1.578993 -1.465889 1.155327
v -1.646909 -1.410153 1.155327
v -1.702645 -1.342238 1.155327
v -1.744061 -1.264754 1.155327
v -1.769565 -1.180679 1.155327
v -1.778176 -1.093244 1.155327
v -1.769565 -1.005809 1.155327
v -1.744061 -0.921735 1.155327
v -1.702645 -0.844251 1.155327
v -1.646909 -0.776336 1.155327
v -1.578994 -0.720599 1.155327
v -1.501510 -0.679183 1.155327
v -1.417435 -0.653679 1.155327
vn -0.0000 1.0000 -0.0000
vn 0.1951 0.9808 -0.0000
vn 0.3827 0.9239 -0.0000
vn 0.5556 0.8315 -0.0000
vn 0.7071 0.7071 -0.0000
vn 0.8315 0.5556 -0.0000
vn 0.9239 0.3827 -0.0000
vn 0.9808 0.1951 -0.0000
vn 1.0000 -0.0000 -0.0000
vn 0.9808 -0.1951 -0.0000
vn 0.9239 -0.3827 -0.0000
vn 0.8315 -0.5556 -0.0000
vn 0.7071 -0.7071 -0.0000
vn 0.5556 -0.8315 -0.0000
vn 0.3827 -0.9239 -0.0000
vn 0.1951 -0.9808 -0.0000
vn -0.0000 -1.0000 -0.0000
vn -0.1951 -0.9808 -0.0000
vn -0.3827 -0.9239 -0.0000
vn -0.5556 -0.8315 -0.0000
vn -0.7071 -0.7071 -0.0000
vn -0.8315 -0.5556 -0.0000
vn -0.9239 -0.3827 -0.0000
vn -0.9808 -0.1951 -0.0000
vn -1.0000 -0.0000 -0.0000
vn -0.9808 0.1951 -0.0000
vn -0.9239 0.3827 -0.0000
vn -0.8315 0.5556 -0.0000
vn -0.7071 0.7071 -0.0000
vn -0.5556 0.8315 -0.0000
vn -0.3827 0.9239 -0.0000
vn -0.0000 -0.0000 1.0000
vn -0.1951 0.9808 -0.0000
vn -0.0000 -0.0000 -1.0000
vn 0.1843 0.9264 -0.3283
vn -0.0000 0.9446 -0.3283
vn 0.3615 0.8727 -0.3283
vn 0.5248 0.7854 -0.3283
vn 0.6679 0.6679 -0.3283
vn 0.7854 0.5248 -0.3283
vn 0.8727 0.3615 -0.3283
vn 0.9264 0.1843 -0.3283
vn 0.9446 -0.0000 -0.3283
vn 0.9264 -0.1843 -0.3283
vn 0.8727 -0.3615 -0.3283
vn 0.7854 -0.5248 -0.3283
vn 0.6679 -0.6679 -0.3283
vn 0.5248 -0.7854 -0.3283
vn 0.3615 -0.8727 -0.3283
vn 0.1843 -0.9264 -0.3283
vn -0.0000 -0.9446 -0.3283
vn -0.1843 -0.9264 -0.3283
vn -0.3615 -0.8727 -0.3283
vn -0.5248 -0.7854 -0.3283
vn -0.6679 -0.6679 -0.3283
vn -0.7854 -0.5248 -0.3283
vn -0.8727 -0.3615 -0.3283
vn -0.9264 -0.1843 -0.3283
vn -0.9446 -0.0000 -0.3283
vn -0.9264 0.1843 -0.3283
vn -0.8727 0.3615 -0.3283
vn -0.7854 0.5248 -0.3283
vn -0.6679 0.6679 -0.3283
vn -0.5248 0.7854 -0.3283
vn -0.3615 0.8727 -0.3283
vn -0.1843 0.9264 -0.3283
vn 0.1833 0.9217 0.3419
vn -0.0000 0.9397 0.3419
vn 0.3596 0.8682 0.3419
vn 0.5221 0.7813 0.3419
vn 0.6645 0.6645 0.3419
vn 0.7813 0.5221 0.3419
vn 0.8682 0.3596 0.3419
vn 0.9217 0.1833 0.3419
vn 0.9397 -0.0000 0.3419
vn 0.9217 -0.1833 0.3419
vn 0.8682 -0.3596 0.3419
vn 0.7813 -0.5221 0.3419
vn 0.6645 -0.6645 0.3419
vn 0.5221 -0.7813 0.3419
vn 0.3596 -0.8682 0.3419
vn 0.1833 -0.9217 0.3419
vn -0.0000 -0.9397 0.3419
vn -0.1833 -0.9217 0.3419
vn -0.3596 -0.8682 0.3419
vn -0.5221 -0.7813 0.3419
vn -0.6645 -0.6645 0.3419
vn -0.7813 -0.5221 0.3419
vn -0.8682 -0.3596 0.3419
vn -0.9217 -0.1833 0.3419
vn -0.9397 -0.0000 0.3419
vn -0.9217 0.1833 0.3419
vn -0.8682 0.3596 0.3419
vn -0.7813 0.5221 0.3419
vn -0.6645 0.6645 0.3419
vn -0.5221 0.7813 0.3419
vn -0.3596 0.8682 0.3419
vn -0.1833 0.9217 0.3419
vt 1.000000 1.000000
vt 0.968750 0.500000
vt 1.000000 0.500000
vt 0.968750 1.000000
vt 0.937500 0.500000
vt 0.937500 1.000000
vt 0.906250 0.500000
vt 0.906250 1.000000
vt 0.875000 0.500000
vt 0.875000 1.000000
vt 0.843750 0.500000
vt 0.843750 1.000000
vt 0.812500 0.500000
vt 0.812500 1.000000
vt 0.781250 0.500000
vt 0.781250 1.000000
vt 0.750000 0.500000
vt 0.750000 1.000000
vt 0.718750 0.500000
vt 0.718750 1.000000
vt 0.687500 0.500000
vt 0.687500 1.000000
vt 0.656250 0.500000
vt 0.656250 1.000000
vt 0.625000 0.500000
vt 0.625000 1.000000
vt 0.593750 0.500000
vt 0.593750 1.000000
vt 0.562500 0.500000
vt 0.562500 1.000000
vt 0.531250 0.500000
vt 0.531250 1.000000
vt 0.500000 0.500000
vt 0.500000 1.000000
vt 0.468750 0.500000
vt 0.468750 1.000000
vt 0.437500 0.500000
vt 0.437500 1.000000
vt 0.406250 0.500000
vt 0.406250 1.000000
vt 0.375000 0.500000
vt 0.375000 1.000000
vt 0.343750 0.500000
vt 0.343750 1.000000
vt 0.312500 0.500000
vt 0.312500 1.000000
vt 0.281250 0.500000
vt 0.281250 1.000000
vt 0.250000 0.500000
vt 0.250000 1.000000
vt 0.218750 0.500000
vt 0.218750 1.000000
vt 0.187500 0.500000
vt 0.187500 1.000000
vt 0.156250 0.500000
vt 0.156250 1.000000
vt 0.125000 0.500000
vt 0.125000 1.000000
vt 0.093750 0.500000
vt 0.093750 1.000000
vt 0.062500 0.500000
vt 0.062500 1.000000
vt 0.031250 0.500000
vt 0.031250 1.000000
vt 0.000000 0.500000
vt 0.000000 1.000000
vt 0.750000 0.059919
vt 0.712917 0.063572
vt 0.059919 0.250000
vt 0.063572 0.287083
vt 0.750000 0.440081
vt 0.796822 0.485388
vt 0.787083 0.436429
vt 0.822741 0.425612
vt 0.841844 0.471731
vt 0.855604 0.408047
vt 0.883337 0.449553
vt 0.919706 0.419706
vt 0.884408 0.384408
vt 0.949553 0.383337
vt 0.908046 0.355603
vt 0.971731 0.341844
vt 0.925612 0.322741
vt 0.936429 0.287083
vt 0.985388 0.296822
vt 0.990000 0.250000
vt 0.940081 0.250000
vt 0.985388 0.203178
vt 0.936429 0.212917
vt 0.925612 0.177259
vt 0.971731 0.158156
vt 0.908047 0.144397
vt 0.949553 0.116663
vt 0.919706 0.080294
vt 0.884408 0.115593
vt 0.883337 0.050447
vt 0.855603 0.091954
vt 0.841844 0.028269
vt 0.822741 0.074388
vt 0.796822 0.014612
vt 0.787083 0.063572
vt 0.750000 0.010000
vt 0.703178 0.014612
vt 0.658156 0.028269
vt 0.677259 0.074388
vt 0.644397 0.091954
vt 0.616663 0.050447
vt 0.580294 0.080294
vt 0.615593 0.115593
vt 0.550447 0.116663
vt 0.591954 0.144397
vt 0.528269 0.158156
vt 0.574388 0.177259
vt 0.514612 0.203178
vt 0.563572 0.212917
vt 0.510000 0.250000
vt 0.559919 0.250000
vt 0.514612 0.296822
vt 0.563571 0.287083
vt 0.528269 0.341844
vt 0.574388 0.322741
vt 0.591954 0.355603
vt 0.550447 0.383337
vt 0.580294 0.419706
vt 0.615593 0.384407
vt 0.644397 0.408046
vt 0.616663 0.449553
vt 0.658156 0.471731
vt 0.677259 0.425612
vt 0.712917 0.436429
vt 0.703178 0.485388
vt 0.750000 0.490000
vt 0.287083 0.436429
vt 0.250000 0.490000
vt 0.250000 0.440081
vt 0.322741 0.425612
vt 0.296822 0.485388
vt 0.383337 0.449553
vt 0.341844 0.471731
vt 0.384407 0.384407
vt 0.355603 0.408046
vt 0.408046 0.355603
vt 0.419706 0.419706
vt 0.471731 0.341844
vt 0.449553 0.383337
vt 0.425612 0.322741
vt 0.485388 0.296822
vt 0.440081 0.250000
vt 0.436428 0.287083
vt 0.436428 0.212917
vt 0.490000 0.250000
vt 0.471731 0.158156
vt 0.485388 0.203178
vt 0.408046 0.144397
vt 0.425612 0.177259
vt 0.419706 0.080294
vt 0.449553 0.116663
vt 0.355603 0.091954
vt 0.384407 0.115593
vt 0.341844 0.028269
vt 0.383337 0.050447
vt 0.287083 0.063572
vt 0.322741 0.074388
vt 0.250000 0.059919
vt 0.296822 0.014612
vt 0.212917 0.063572
vt 0.250000 0.010000
vt 0.177259 0.074388
vt 0.203178 0.014612
vt 0.144397 0.091954
vt 0.158156 0.028269
vt 0.080294 0.080294
vt 0.116663 0.050447
vt 0.091954 0.144397
vt 0.115593 0.115593
vt 0.074388 0.177259
vt 0.050447 0.116663
vt 0.063572 0.212917
vt 0.028269 0.158156
vt 0.014612 0.203178
vt 0.010000 0.250000
vt 0.074388 0.322741
vt 0.014612 0.296822
vt 0.050447 0.383337
vt 0.028269 0.341844
vt 0.115593 0.384407
vt 0.091954 0.355603
vt 0.116663 0.449553
vt 0.080294 0.419706
vt 0.144397 0.408046
vt 0.158156 0.471731
vt 0.212917 0.436428
vt 0.177259 0.425612
vt 0.203178 0.485388
vt 0.772583 0.136467
vt 0.636467 0.227417
vt 0.727417 0.363533
vt 0.205702 0.143054
vt 0.356946 0.205702
vt 0.294299 0.356946
vt 0.750000 0.394952
vt 0.778279 0.392167
vt 0.805471 0.383919
vt 0.830531 0.370524
vt 0.852497 0.352497
vt 0.870524 0.330531
vt 0.883919 0.305471
vt 0.892168 0.278279
vt 0.894953 0.250000
vt 0.892168 0.221721
vt 0.883919 0.194529
vt 0.870524 0.169469
vt 0.852497 0.147503
vt 0.830531 0.129477
vt 0.805471 0.116081
vt 0.778279 0.107833
vt 0.750000 0.105048
vt 0.721721 0.107833
vt 0.694529 0.116081
vt 0.669469 0.129476
vt 0.647503 0.147503
vt 0.629476 0.169469
vt 0.616082 0.194529
vt 0.607833 0.221721
vt 0.605048 0.250000
vt 0.607833 0.278279
vt 0.616081 0.305471
vt 0.629476 0.330531
vt 0.647503 0.352497
vt 0.669469 0.370524
vt 0.694529 0.383919
vt 0.721721 0.392167
vt 0.278279 0.392167
vt 0.250000 0.394952
vt 0.305471 0.383918
vt 0.330531 0.370523
vt 0.370524 0.330531
vt 0.352497 0.352497
vt 0.383919 0.305471
vt 0.392167 0.278279
vt 0.394952 0.250000
vt 0.392167 0.221721
vt 0.370524 0.169469
vt 0.383919 0.194529
vt 0.330531 0.129477
vt 0.352497 0.147503
vt 0.305471 0.116081
vt 0.278279 0.107833
vt 0.250000 0.105048
vt 0.221721 0.107833
vt 0.194529 0.116081
vt 0.169469 0.129477
vt 0.147503 0.147503
vt 0.129477 0.169469
vt 0.116081 0.194529
vt 0.107833 0.221721
vt 0.105048 0.250000
vt 0.107833 0.278279
vt 0.116081 0.305471
vt 0.129477 0.330531
vt 0.147503 0.352497
vt 0.169469 0.370524
vt 0.221721 0.392167
vt 0.194529 0.383919
vt 0.772583 0.363533
vt 0.794299 0.356946
vt 0.814312 0.346249
vt 0.831853 0.331853
vt 0.846249 0.314311
vt 0.856946 0.294298
vt 0.863533 0.272583
vt 0.865758 0.250000
vt 0.863533 0.227417
vt 0.856946 0.205702
vt 0.846249 0.185689
vt 0.831853 0.168147
vt 0.814312 0.153751
vt 0.794299 0.143054
vt 0.750000 0.134243
vt 0.727417 0.136467
vt 0.705702 0.143054
vt 0.685689 0.153751
vt 0.668147 0.168147
vt 0.653751 0.185689
vt 0.643054 0.205702
vt 0.634243 0.250000
vt 0.636467 0.272583
vt 0.643054 0.294298
vt 0.653751 0.314311
vt 0.668147 0.331853
vt 0.685689 0.346249
vt 0.705701 0.356946
vt 0.750000 0.365758
vt 0.272583 0.363533
vt 0.250000 0.365757
vt 0.331853 0.331853
vt 0.314311 0.346249
vt 0.346249 0.314311
vt 0.356946 0.294298
vt 0.363533 0.272583
vt 0.365758 0.250000
vt 0.363533 0.227417
vt 0.346249 0.185689
vt 0.314311 0.153751
vt 0.331853 0.168147
vt 0.294298 0.143054
vt 0.272583 0.136467
vt 0.250000 0.134243
vt 0.227417 0.136467
vt 0.185689 0.153751
vt 0.168147 0.168147
vt 0.153751 0.185689
vt 0.136467 0.227417
vt 0.143054 0.205702
vt 0.136467 0.272583
vt 0.134243 0.250000
vt 0.153751 0.314312
vt 0.143054 0.294299
vt 0.168147 0.331853
vt 0.185689 0.346249
vt 0.227417 0.363533
vt 0.205702 0.356946
s 1
f 1356/1549/714 1357/1550/715 1355/1551/714
f 1358/1552/715 1359/1553/716 1357/1550/715
f 1360/1554/716 1361/1555/717 1359/1553/716
f 1362/1556/717 1363/1557/718 1361/1555/717
f 1364/1558/718 1365/1559/719 1363/1557/718
f 1366/1560/719 1367/1561/720 1365/1559/719
f 1368/1562/720 1369/1563/721 1367/1561/720
f 1370/1564/721 1371/1565/722 1369/1563/721
f 1372/1566/722 1373/1567/723 1371/1565/722
f 1374/1568/723 1375/1569/724 1373/1567/723
f 1376/1570/724 1377/1571/725 1375/1569/724
f 1378/1572/725 1379/1573/726 1377/1571/725
f 1380/1574/726 1381/1575/727 1379/1573/726
f 1382/1576/727 1383/1577/728 1381/1575/727
f 1384/1578/728 1385/1579/729 1383/1577/728
f 1386/1580/729 1387/1581/730 1385/1579/729
f 1388/1582/730 1389/1583/731 1387/1581/730
f 1390/1584/731 1391/1585/732 1389/1583/731
f 1392/1586/732 1393/1587/733 1391/1585/732
f 1394/1588/733 1395/1589/734 1393/1587/733
f 1396/1590/734 1397/1591/735 1395/1589/734
f 1398/1592/735 1399/1593/736 1397/1591/735
f 1400/1594/736 1401/1595/737 1399/1593/736
f 1402/1596/737 1403/1597/738 1401/1595/737
f 1404/1598/738 1405/1599/739 1403/1597/738
f 1406/1600/739 1407/1601/740 1405/1599/739
f 1408/1602/740 1409/1603/741 1407/1601/740
f 1410/1604/741 1411/1605/742 1409/1603/741
f 1412/1606/742 1413/1607/743 1411/1605/742
f 1414/1608/743 1415/1609/744 1413/1607/743
f 1403/1597/745 1465/1595/745 1401/1595/745
f 1416/1610/744 1417/1611/746 1415/1609/744
f 1418/1612/746 1355/1613/714 1417/1611/746
f 1366/1560/747 1432/1562/747 1368/1562/747
f 1448/1578/728 1594/1580/729 1450/1580/729
f 1463/1593/736 1568/1591/735 1461/1591/735
f 1384/1578/747 1450/1580/747 1386/1580/747
f 1402/1596/747 1468/1598/747 1404/1598/747
f 1369/1563/745 1431/1561/745 1367/1561/745
f 1387/1581/745 1449/1579/745 1385/1579/745
f 1370/1564/747 1432/1562/747 1434/1564/747
f 1403/1597/745 1469/1599/745 1467/1597/745
f 1388/1582/747 1450/1580/747 1452/1582/747
f 1404/1598/747 1470/1600/747 1406/1600/747
f 1371/1565/745 1433/1563/745 1369/1563/745
f 1387/1581/745 1453/1583/745 1451/1581/745
f 1372/1566/747 1434/1564/747 1436/1566/747
f 1407/1601/745 1469/1599/745 1405/1599/745
f 1388/1582/747 1454/1584/747 1390/1584/747
f 1406/1600/747 1472/1602/747 1408/1602/747
f 1371/1565/745 1437/1567/745 1435/1565/745
f 1389/1583/745 1455/1585/745 1453/1583/745
f 1374/1568/747 1436/1566/747 1438/1568/747
f 1357/1550/745 1419/1551/745 1355/1551/745
f 1409/1603/745 1471/1601/745 1407/1601/745
f 1390/1584/747 1456/1586/747 1392/1586/747
f 1356/1549/747 1421/1552/747 1358/1552/747
f 1410/1604/747 1472/1602/747 1474/1604/747
f 1375/1569/745 1437/1567/745 1373/1567/745
f 1393/1587/745 1455/1585/745 1391/1585/745
f 1376/1570/747 1438/1568/747 1440/1570/747
f 1411/1605/745 1473/1603/745 1409/1603/745
f 1392/1586/747 1458/1588/747 1394/1588/747
f 1359/1553/745 1420/1550/745 1357/1550/745
f 1412/1606/747 1474/1604/747 1476/1606/747
f 1377/1571/745 1439/1569/745 1375/1569/745
f 1360/1554/747 1421/1552/747 1424/1554/747
f 1393/1587/745 1459/1589/745 1457/1587/745
f 1378/1572/747 1440/1570/747 1442/1572/747
f 1411/1605/745 1477/1607/745 1475/1605/745
f 1394/1588/747 1460/1590/747 1396/1590/747
f 1361/1555/745 1423/1553/745 1359/1553/745
f 1412/1606/747 1478/1608/747 1414/1608/747
f 1377/1571/745 1443/1573/745 1441/1571/745
f 1362/1556/747 1424/1554/747 1426/1556/747
f 1397/1591/745 1459/1589/745 1395/1589/745
f 1378/1572/747 1444/1574/747 1380/1574/747
f 1413/1607/745 1479/1609/745 1477/1607/745
f 1396/1590/747 1462/1592/747 1398/1592/747
f 1363/1557/745 1425/1555/745 1361/1555/745
f 1414/1608/747 1480/1610/747 1416/1610/747
f 1381/1575/745 1443/1573/745 1379/1573/745
f 1362/1556/747 1428/1558/747 1364/1558/747
f 1397/1591/745 1463/1593/745 1461/1591/745
f 1382/1576/747 1444/1574/747 1446/1576/747
f 1417/1611/745 1479/1609/745 1415/1609/745
f 1398/1592/747 1464/1594/747 1400/1594/747
f 1365/1559/745 1427/1557/745 1363/1557/745
f 1416/1610/747 1482/1612/747 1418/1612/747
f 1381/1575/745 1447/1577/745 1445/1575/745
f 1366/1560/747 1428/1558/747 1430/1560/747
f 1399/1593/745 1465/1595/745 1463/1593/745
f 1382/1576/747 1448/1578/747 1384/1578/747
f 1355/1613/745 1481/1611/745 1417/1611/745
f 1400/1594/747 1466/1596/747 1402/1596/747
f 1367/1561/745 1429/1559/745 1365/1559/745
f 1356/1614/747 1482/1612/747 1422/1614/747
f 1383/1577/745 1449/1579/745 1447/1577/745
f 1499/1615/714 1692/1616/715 1691/1615/714
f 1423/1553/716 1548/1550/715 1420/1550/715
f 1477/1607/743 1575/1605/742 1475/1605/742
f 1437/1567/723 1555/1565/722 1435/1565/722
f 1449/1579/729 1563/1581/730 1562/1579/729
f 1465/1595/737 1569/1593/736 1463/1593/736
f 1425/1555/717 1549/1553/716 1423/1553/716
f 1479/1609/744 1576/1607/743 1477/1607/743
f 1439/1569/724 1556/1567/723 1437/1567/723
f 1451/1581/730 1564/1583/731 1563/1581/730
f 1467/1597/738 1570/1595/737 1465/1595/737
f 1427/1557/718 1550/1555/717 1425/1555/717
f 1481/1611/746 1577/1609/744 1479/1609/744
f 1441/1571/725 1557/1569/724 1439/1569/724
f 1455/1585/732 1564/1583/731 1453/1583/731
f 1469/1599/739 1571/1597/738 1467/1597/738
f 1429/1559/719 1551/1557/718 1427/1557/718
f 1419/1613/714 1578/1611/746 1481/1611/746
f 1443/1573/726 1558/1571/725 1441/1571/725
f 1455/1585/732 1566/1587/733 1565/1585/732
f 1471/1601/740 1572/1599/739 1469/1599/739
f 1431/1561/720 1552/1559/719 1429/1559/719
f 1445/1575/727 1559/1573/726 1443/1573/726
f 1457/1587/733 1567/1589/734 1566/1587/733
f 1473/1603/741 1573/1601/740 1471/1601/740
f 1433/1563/721 1553/1561/720 1431/1561/720
f 1447/1577/728 1560/1575/727 1445/1575/727
f 1461/1591/735 1567/1589/734 1459/1589/734
f 1420/1550/715 1547/1551/714 1419/1551/714
f 1475/1605/742 1574/1603/741 1473/1603/741
f 1435/1565/722 1554/1563/721 1433/1563/721
f 1449/1579/729 1561/1577/728 1447/1577/728
f 1539/1617/722 1732/1618/723 1540/1618/723
f 1462/1592/735 1601/1594/736 1464/1594/736
f 1421/1552/715 1581/1554/716 1424/1554/716
f 1476/1606/742 1608/1608/743 1478/1608/743
f 1436/1566/722 1588/1568/723 1438/1568/723
f 1450/1580/729 1595/1582/730 1452/1582/730
f 1464/1594/736 1602/1596/737 1466/1596/737
f 1424/1554/716 1582/1556/717 1426/1556/717
f 1478/1608/743 1609/1610/744 1480/1610/744
f 1438/1568/723 1589/1570/724 1440/1570/724
f 1452/1582/730 1596/1584/731 1454/1584/731
f 1466/1596/737 1603/1598/738 1468/1598/738
f 1426/1556/717 1583/1558/718 1428/1558/718
f 1480/1610/744 1610/1612/746 1482/1612/746
f 1440/1570/724 1590/1572/725 1442/1572/725
f 1456/1586/732 1596/1584/731 1597/1586/732
f 1468/1598/738 1604/1600/739 1470/1600/739
f 1428/1558/718 1584/1560/719 1430/1560/719
f 1482/1612/746 1580/1614/714 1422/1614/714
f 1442/1572/725 1591/1574/726 1444/1574/726
f 1456/1586/732 1598/1588/733 1458/1588/733
f 1470/1600/739 1605/1602/740 1472/1602/740
f 1430/1560/719 1585/1562/720 1432/1562/720
f 1444/1574/726 1592/1576/727 1446/1576/727
f 1460/1590/734 1598/1588/733 1599/1590/734
f 1472/1602/740 1606/1604/741 1474/1604/741
f 1432/1562/720 1586/1564/721 1434/1564/721
f 1448/1578/728 1592/1576/727 1593/1578/728
f 1460/1590/734 1600/1592/735 1462/1592/735
f 1422/1549/714 1579/1552/715 1421/1552/715
f 1474/1604/741 1607/1606/742 1476/1606/742
f 1434/1564/721 1587/1566/722 1436/1566/722
f 1483/1619/747 1548/1620/747 1484/1621/747
f 1485/1622/747 1548/1620/747 1549/1623/747
f 1486/1624/747 1549/1623/747 1550/1625/747
f 1486/1624/747 1551/1626/747 1487/1627/747
f 1487/1627/747 1552/1628/747 1488/1629/747
f 1488/1629/747 1553/1630/747 1489/1631/747
f 1490/1632/747 1553/1630/747 1554/1633/747
f 1490/1632/747 1555/1634/747 1491/1635/747
f 1491/1635/747 1556/1636/747 1492/1637/747
f 1493/1638/747 1556/1636/747 1557/1639/747
f 1494/1640/747 1557/1639/747 1558/1641/747
f 1494/1640/747 1559/1642/747 1495/1643/747
f 1495/1643/747 1560/1644/747 1496/1645/747
f 1496/1645/747 1561/1646/747 1497/1647/747
f 1497/1647/747 1562/1648/747 1498/1649/747
f 1498/1649/747 1563/1650/747 1499/1615/747
f 1499/1615/747 1564/1651/747 1500/1616/747
f 1500/1616/747 1565/1652/747 1501/1653/747
f 1502/1654/747 1565/1652/747 1566/1655/747
f 1502/1654/747 1567/1656/747 1503/1657/747
f 1503/1657/747 1568/1658/747 1504/1659/747
f 1504/1659/747 1569/1660/747 1505/1661/747
f 1505/1661/747 1570/1662/747 1506/1663/747
f 1506/1663/747 1571/1664/747 1507/1665/747
f 1507/1665/747 1572/1666/747 1508/1667/747
f 1508/1667/747 1573/1668/747 1509/1669/747
f 1510/1670/747 1573/1668/747 1574/1671/747
f 1510/1670/747 1575/1672/747 1511/1673/747
f 1512/1674/747 1575/1672/747 1576/1675/747
f 1512/1674/747 1577/1676/747 1513/1677/747
f 1514/1678/747 1577/1676/747 1578/1679/747
f 1514/1678/747 1547/1680/747 1483/1619/747
f 1515/1681/745 1580/1682/745 1516/1683/745
f 1517/1684/745 1579/1685/745 1515/1681/745
f 1517/1684/745 1582/1686/745 1581/1687/745
f 1519/1688/745 1582/1686/745 1518/1689/745
f 1520/1690/745 1583/1691/745 1519/1688/745
f 1520/1690/745 1585/1692/745 1584/1693/745
f 1521/1694/745 1586/1695/745 1585/1692/745
f 1523/1696/745 1586/1695/745 1522/1697/745
f 1524/1698/745 1587/1699/745 1523/1696/745
f 1524/1698/745 1589/1700/745 1588/1701/745
f 1526/1702/745 1589/1700/745 1525/1703/745
f 1526/1702/745 1591/1704/745 1590/1705/745
f 1528/1706/745 1591/1704/745 1527/1707/745
f 1528/1706/745 1593/1708/745 1592/1709/745
f 1530/1710/745 1593/1708/745 1529/1711/745
f 1531/1712/745 1594/1713/745 1530/1710/745
f 1532/1714/745 1595/1715/745 1531/1712/745
f 1533/1716/745 1596/1717/745 1532/1714/745
f 1534/1718/745 1597/1719/745 1533/1716/745
f 1534/1718/745 1599/1720/745 1598/1721/745
f 1536/1722/745 1599/1720/745 1535/1723/745
f 1537/1724/745 1600/1725/745 1536/1722/745
f 1538/1726/745 1601/1727/745 1537/1724/745
f 1539/1617/745 1602/1728/745 1538/1726/745
f 1540/1618/745 1603/1729/745 1539/1617/745
f 1541/1730/745 1604/1731/745 1540/1618/745
f 1541/1730/745 1606/1732/745 1605/1733/745
f 1543/1734/745 1606/1732/745 1542/1735/745
f 1543/1734/745 1608/1736/745 1607/1737/745
f 1544/1738/745 1609/1739/745 1608/1736/745
f 1546/1740/745 1609/1739/745 1545/1741/745
f 1516/1683/745 1610/1742/745 1546/1740/745
f 1626/1743/747 1634/1744/747 1642/1745/747
f 1487/1627/734 1678/1624/733 1486/1624/733
f 1514/1678/729 1705/1677/728 1513/1677/728
f 1500/1616/715 1693/1653/716 1692/1616/715
f 1488/1629/735 1679/1627/734 1487/1627/734
f 1483/1619/730 1706/1678/729 1514/1678/729
f 1501/1653/716 1694/1654/717 1693/1653/716
f 1489/1631/736 1680/1629/735 1488/1629/735
f 1503/1657/718 1694/1654/717 1502/1654/717
f 1490/1632/737 1681/1631/736 1489/1631/736
f 1504/1659/719 1695/1657/718 1503/1657/718
f 1491/1635/738 1682/1632/737 1490/1632/737
f 1505/1661/720 1696/1659/719 1504/1659/719
f 1492/1637/739 1683/1635/738 1491/1635/738
f 1506/1663/721 1697/1661/720 1505/1661/720
f 1493/1638/740 1684/1637/739 1492/1637/739
f 1507/1665/722 1698/1663/721 1506/1663/721
f 1494/1640/741 1685/1638/740 1493/1638/740
f 1508/1667/723 1699/1665/722 1507/1665/722
f 1495/1643/742 1686/1640/741 1494/1640/741
f 1509/1669/724 1700/1667/723 1508/1667/723
f 1496/1645/743 1687/1643/742 1495/1643/742
f 1510/1670/725 1701/1669/724 1509/1669/724
f 1497/1647/744 1688/1645/743 1496/1645/743
f 1484/1621/731 1675/1619/730 1483/1619/730
f 1511/1673/726 1702/1670/725 1510/1670/725
f 1497/1647/744 1690/1649/746 1689/1647/744
f 1485/1622/732 1676/1621/731 1484/1621/731
f 1512/1674/727 1703/1673/726 1511/1673/726
f 1498/1649/746 1691/1615/714 1690/1649/746
f 1486/1624/733 1677/1622/732 1485/1622/732
f 1513/1677/728 1704/1674/727 1512/1674/727
f 1661/1746/745 1653/1747/745 1645/1748/745
f 1526/1702/741 1719/1707/742 1527/1707/742
f 1540/1618/723 1733/1730/724 1541/1730/724
f 1527/1707/742 1720/1706/743 1528/1706/743
f 1541/1730/724 1734/1735/725 1542/1735/725
f 1528/1706/743 1721/1711/744 1529/1711/744
f 1515/1681/731 1708/1683/730 1707/1681/731
f 1542/1735/725 1735/1734/726 1543/1734/726
f 1529/1711/744 1722/1710/746 1530/1710/746
f 1515/1681/731 1709/1684/732 1517/1684/732
f 1543/1734/726 1736/1738/727 1544/1738/727
f 1530/1710/746 1723/1712/714 1531/1712/714
f 1517/1684/732 1710/1689/733 1518/1689/733
f 1544/1738/727 1737/1741/728 1545/1741/728
f 1531/1712/714 1724/1714/715 1532/1714/715
f 1518/1689/733 1711/1688/734 1519/1688/734
f 1546/1740/729 1737/1741/728 1738/1740/729
f 1532/1714/715 1725/1716/716 1533/1716/716
f 1519/1688/734 1712/1690/735 1520/1690/735
f 1516/1683/730 1738/1740/729 1708/1683/730
f 1533/1716/716 1726/1718/717 1534/1718/717
f 1520/1690/735 1713/1694/736 1521/1694/736
f 1534/1718/717 1727/1723/718 1535/1723/718
f 1521/1694/736 1714/1697/737 1522/1697/737
f 1535/1723/718 1728/1722/719 1536/1722/719
f 1522/1697/737 1715/1696/738 1523/1696/738
f 1536/1722/719 1729/1724/720 1537/1724/720
f 1523/1696/738 1716/1698/739 1524/1698/739
f 1537/1724/720 1730/1726/721 1538/1726/721
f 1524/1698/739 1717/1703/740 1525/1703/740
f 1538/1726/721 1731/1617/722 1539/1617/722
f 1525/1703/740 1718/1702/741 1526/1702/741
f 1739/1749/747 1676/1621/747 1740/1750/747
f 1741/1751/747 1676/1621/747 1677/1622/747
f 1742/1752/747 1677/1622/747 1678/1624/747
f 1742/1752/747 1679/1627/747 1743/1753/747
f 1744/1754/747 1679/1627/747 1680/1629/747
f 1744/1754/747 1681/1631/747 1745/1755/747
f 1746/1756/747 1681/1631/747 1682/1632/747
f 1747/1757/747 1682/1632/747 1683/1635/747
f 1747/1757/747 1684/1637/747 1748/1758/747
f 1748/1758/747 1685/1638/747 1749/1759/747
f 1749/1759/747 1686/1640/747 1750/1760/747
f 1750/1760/747 1687/1643/747 1751/1761/747
f 1752/1762/747 1687/1643/747 1688/1645/747
f 1752/1762/747 1689/1647/747 1753/1763/747
f 1754/1764/747 1689/1647/747 1690/1649/747
f 1754/1764/747 1691/1615/747 1755/1765/747
f 1755/1765/747 1692/1616/747 1756/1766/747
f 1756/1766/747 1693/1653/747 1757/1767/747
f 1758/1768/747 1693/1653/747 1694/1654/747
f 1758/1768/747 1695/1657/747 1759/1769/747
f 1760/1770/747 1695/1657/747 1696/1659/747
f 1761/1771/747 1696/1659/747 1697/1661/747
f 1762/1772/747 1697/1661/747 1698/1663/747
f 1762/1772/747 1699/1665/747 1763/1773/747
f 1763/1773/747 1700/1667/747 1764/1774/747
f 1764/1774/747 1701/1669/747 1765/1775/747
f 1766/1776/747 1701/1669/747 1702/1670/747
f 1766/1776/747 1703/1673/747 1767/1777/747
f 1768/1778/747 1703/1673/747 1704/1674/747
f 1768/1778/747 1705/1677/747 1769/1779/747
f 1769/1779/747 1706/1678/747 1770/1780/747
f 1770/1780/747 1675/1619/747 1739/1749/747
f 1771/1781/745 1708/1683/745 1772/1782/745
f 1773/1783/745 1707/1681/745 1771/1781/745
f 1774/1784/745 1709/1684/745 1773/1783/745
f 1774/1784/745 1711/1688/745 1710/1689/745
f 1776/1785/745 1711/1688/745 1775/1786/745
f 1777/1787/745 1712/1690/745 1776/1785/745
f 1778/1788/745 1713/1694/745 1777/1787/745
f 1779/1789/745 1714/1697/745 1778/1788/745
f 1780/1790/745 1715/1696/745 1779/1789/745
f 1780/1790/745 1717/1703/745 1716/1698/745
f 1782/1791/745 1717/1703/745 1781/1792/745
f 1782/1791/745 1719/1707/745 1718/1702/745
f 1784/1793/745 1719/1707/745 1783/1794/745
f 1785/1795/745 1720/1706/745 1784/1793/745
f 1786/1796/745 1721/1711/745 1785/1795/745
f 1787/1797/745 1722/1710/745 1786/1796/745
f 1788/1798/745 1723/1712/745 1787/1797/745
f 1789/1799/745 1724/1714/745 1788/1798/745
f 1790/1800/745 1725/1716/745 1789/1799/745
f 1791/1801/745 1726/1718/745 1790/1800/745
f 1792/1802/745 1727/1723/745 1791/1801/745
f 1793/1803/745 1728/1722/745 1792/1802/745
f 1794/1804/745 1729/1724/745 1793/1803/745
f 1795/1805/745 1730/1726/745 1794/1804/745
f 1796/1806/745 1731/1617/745 1795/1805/745
f 1797/1807/745 1732/1618/745 1796/1806/745
f 1798/1808/745 1733/1730/745 1797/1807/745
f 1799/1809/745 1734/1735/745 1798/1808/745
f 1800/1810/745 1735/1734/745 1799/1809/745
f 1800/1810/745 1737/1741/745 1736/1738/745
f 1802/1811/745 1737/1741/745 1801/1812/745
f 1772/1782/745 1738/1740/745 1802/1811/745
f 1612/1813/748 1739/1749/749 1740/1750/748
f 1612/1813/748 1741/1751/750 1613/1814/750
f 1614/1815/751 1741/1751/750 1742/1752/751
f 1614/1815/751 1743/1753/752 1615/1816/752
f 1615/1816/752 1744/1754/753 1616/1817/753
f 1617/1818/754 1744/1754/753 1745/1755/754
f 1617/1818/754 1746/1756/755 1618/1819/755
f 1619/1820/756 1746/1756/755 1747/1757/756
f 1619/1820/756 1748/1758/757 1620/1821/757
f 1620/1821/757 1749/1759/758 1621/1822/758
f 1622/1823/759 1749/1759/758 1750/1760/759
f 1622/1823/759 1751/1761/760 1623/1824/760
f 1623/1824/760 1752/1762/761 1624/1825/761
f 1624/1825/761 1753/1763/762 1625/1826/762
f 1626/1743/763 1753/1763/762 1754/1764/763
f 1626/1743/763 1755/1765/764 1627/1827/764
f 1627/1827/764 1756/1766/765 1628/1828/765
f 1628/1828/765 1757/1767/766 1629/1829/766
f 1629/1829/766 1758/1768/767 1630/1830/767
f 1630/1830/767 1759/1769/768 1631/1831/768
f 1632/1832/769 1759/1769/768 1760/1770/769
f 1633/1833/770 1760/1770/769 1761/1771/770
f 1634/1744/771 1761/1771/770 1762/1772/771
f 1635/1834/772 1762/1772/771 1763/1773/772
f 1635/1834/772 1764/1774/773 1636/1835/773
f 1636/1835/773 1765/1775/774 1637/1836/774
f 1638/1837/775 1765/1775/774 1766/1776/775
f 1638/1837/775 1767/1777/776 1639/1838/776
f 1639/1838/776 1768/1778/777 1640/1839/777
f 1640/1839/777 1769/1779/778 1641/1840/778
f 1641/1840/778 1770/1780/779 1642/1745/779
f 1642/1745/779 1739/1749/749 1611/1841/749
f 1643/1842/780 1772/1782/781 1644/1843/781
f 1643/1842/780 1773/1783/782 1771/1781/780
f 1645/1748/782 1774/1784/783 1773/1783/782
f 1647/1844/784 1774/1784/783 1646/1845/783
f 1648/1846/785 1775/1786/784 1647/1844/784
f 1649/1847/786 1776/1785/785 1648/1846/785
f 1650/1848/787 1777/1787/786 1649/1847/786
f 1651/1849/788 1778/1788/787 1650/1848/787
f 1652/1850/789 1779/1789/788 1651/1849/788
f 1653/1747/790 1780/1790/789 1652/1850/789
f 1654/1851/791 1781/1792/790 1653/1747/790
f 1654/1851/791 1783/1794/792 1782/1791/791
f 1656/1852/793 1783/1794/792 1655/1853/792
f 1657/1854/794 1784/1793/793 1656/1852/793
f 1658/1855/795 1785/1795/794 1657/1854/794
f 1659/1856/796 1786/1796/795 1658/1855/795
f 1660/1857/797 1787/1797/796 1659/1856/796
f 1661/1746/798 1788/1798/797 1660/1857/797
f 1662/1858/799 1789/1799/798 1661/1746/798
f 1662/1858/799 1791/1801/800 1790/1800/799
f 1663/1859/800 1792/1802/801 1791/1801/800
f 1664/1860/801 1793/1803/802 1792/1802/801
f 1666/1861/803 1793/1803/802 1665/1862/802
f 1666/1861/803 1795/1805/804 1794/1804/803
f 1668/1863/805 1795/1805/804 1667/1864/804
f 1668/1863/805 1797/1807/806 1796/1806/805
f 1670/1865/807 1797/1807/806 1669/1866/806
f 1671/1867/808 1798/1808/807 1670/1865/807
f 1672/1868/809 1799/1809/808 1671/1867/808
f 1672/1868/809 1801/1812/810 1800/1810/809
f 1674/1869/811 1801/1812/810 1673/1870/810
f 1644/1843/781 1802/1811/811 1674/1869/811
f 1356/1549/714 1358/1552/715 1357/1550/715
f 1358/1552/715 1360/1554/716 1359/1553/716
f 1360/1554/716 1362/1556/717 1361/1555/717
f 1362/1556/717 1364/1558/718 1363/1557/718
f 1364/1558/718 1366/1560/719 1365/1559/719
f 1366/1560/719 1368/1562/720 1367/1561/720
f 1368/1562/720 1370/1564/721 1369/1563/721
f 1370/1564/721 1372/1566/722 1371/1565/722
f 1372/1566/722 1374/1568/723 1373/1567/723
f 1374/1568/723 1376/1570/724 1375/1569/724
f 1376/1570/724 1378/1572/725 1377/1571/725
f 1378/1572/725 1380/1574/726 1379/1573/726
f 1380/1574/726 1382/1576/727 1381/1575/727
f 1382/1576/727 1384/1578/728 1383/1577/728
f 1384/1578/728 1386/1580/729 1385/1579/729
f 1386/1580/729 1388/1582/730 1387/1581/730
f 1388/1582/730 1390/1584/731 1389/1583/731
f 1390/1584/731 1392/1586/732 1391/1585/732
f 1392/1586/732 1394/1588/733 1393/1587/733
f 1394/1588/733 1396/1590/734 1395/1589/734
f 1396/1590/734 1398/1592/735 1397/1591/735
f 1398/1592/735 1400/1594/736 1399/1593/736
f 1400/1594/736 1402/1596/737 1401/1595/737
f 1402/1596/737 1404/1598/738 1403/1597/738
f 1404/1598/738 1406/1600/739 1405/1599/739
f 1406/1600/739 1408/1602/740 1407/1601/740
f 1408/1602/740 1410/1604/741 1409/1603/741
f 1410/1604/741 1412/1606/742 1411/1605/742
f 1412/1606/742 1414/1608/743 1413/1607/743
f 1414/1608/743 1416/1610/744 1415/1609/744
f 1403/1597/745 1467/1597/745 1465/1595/745
f 1416/1610/744 1418/1612/746 1417/1611/746
f 1418/1612/746 1356/1614/714 1355/1613/714
f 1366/1560/747 1430/1560/747 1432/1562/747
f 1448/1578/728 1593/1578/728 1594/1580/729
f 1463/1593/736 1569/1593/736 1568/1591/735
f 1384/1578/747 1448/1578/747 1450/1580/747
f 1402/1596/747 1466/1596/747 1468/1598/747
f 1369/1563/745 1433/1563/745 1431/1561/745
f 1387/1581/745 1451/1581/745 1449/1579/745
f 1370/1564/747 1368/1562/747 1432/1562/747
f 1403/1597/745 1405/1599/745 1469/1599/745
f 1388/1582/747 1386/1580/747 1450/1580/747
f 1404/1598/747 1468/1598/747 1470/1600/747
f 1371/1565/745 1435/1565/745 1433/1563/745
f 1387/1581/745 1389/1583/745 1453/1583/745
f 1372/1566/747 1370/1564/747 1434/1564/747
f 1407/1601/745 1471/1601/745 1469/1599/745
f 1388/1582/747 1452/1582/747 1454/1584/747
f 1406/1600/747 1470/1600/747 1472/1602/747
f 1371/1565/745 1373/1567/745 1437/1567/745
f 1389/1583/745 1391/1585/745 1455/1585/745
f 1374/1568/747 1372/1566/747 1436/1566/747
f 1357/1550/745 1420/1550/745 1419/1551/745
f 1409/1603/745 1473/1603/745 1471/1601/745
f 1390/1584/747 1454/1584/747 1456/1586/747
f 1356/1549/747 1422/1549/747 1421/1552/747
f 1410/1604/747 1408/1602/747 1472/1602/747
f 1375/1569/745 1439/1569/745 1437/1567/745
f 1393/1587/745 1457/1587/745 1455/1585/745
f 1376/1570/747 1374/1568/747 1438/1568/747
f 1411/1605/745 1475/1605/745 1473/1603/745
f 1392/1586/747 1456/1586/747 1458/1588/747
f 1359/1553/745 1423/1553/745 1420/1550/745
f 1412/1606/747 1410/1604/747 1474/1604/747
f 1377/1571/745 1441/1571/745 1439/1569/745
f 1360/1554/747 1358/1552/747 1421/1552/747
f 1393/1587/745 1395/1589/745 1459/1589/745
f 1378/1572/747 1376/1570/747 1440/1570/747
f 1411/1605/745 1413/1607/745 1477/1607/745
f 1394/1588/747 1458/1588/747 1460/1590/747
f 1361/1555/745 1425/1555/745 1423/1553/745
f 1412/1606/747 1476/1606/747 1478/1608/747
f 1377/1571/745 1379/1573/745 1443/1573/745
f 1362/1556/747 1360/1554/747 1424/1554/747
f 1397/1591/745 1461/1591/745 1459/1589/745
f 1378/1572/747 1442/1572/747 1444/1574/747
f 1413/1607/745 1415/1609/745 1479/1609/745
f 1396/1590/747 1460/1590/747 1462/1592/747
f 1363/1557/745 1427/1557/745 1425/1555/745
f 1414/1608/747 1478/1608/747 1480/1610/747
f 1381/1575/745 1445/1575/745 1443/1573/745
f 1362/1556/747 1426/1556/747 1428/1558/747
f 1397/1591/745 1399/1593/745 1463/1593/745
f 1382/1576/747 1380/1574/747 1444/1574/747
f 1417/1611/745 1481/1611/745 1479/1609/745
f 1398/1592/747 1462/1592/747 1464/1594/747
f 1365/1559/745 1429/1559/745 1427/1557/745
f 1416/1610/747 1480/1610/747 1482/1612/747
f 1381/1575/745 1383/1577/745 1447/1577/745
f 1366/1560/747 1364/1558/747 1428/1558/747
f 1399/1593/745 1401/1595/745 1465/1595/745
f 1382/1576/747 1446/1576/747 1448/1578/747
f 1355/1613/745 1419/1613/745 1481/1611/745
f 1400/1594/747 1464/1594/747 1466/1596/747
f 1367/1561/745 1431/1561/745 1429/1559/745
f 1356/1614/747 1418/1612/747 1482/1612/747
f 1383/1577/745 1385/1579/745 1449/1579/745
f 1499/1615/714 1500/1616/715 1692/1616/715
f 1423/1553/716 1549/1553/716 1548/1550/715
f 1477/1607/743 1576/1607/743 1575/1605/742
f 1437/1567/723 1556/1567/723 1555/1565/722
f 1449/1579/729 1451/1581/730 1563/1581/730
f 1465/1595/737 1570/1595/737 1569/1593/736
f 1425/1555/717 1550/1555/717 1549/1553/716
f 1479/1609/744 1577/1609/744 1576/1607/743
f 1439/1569/724 1557/1569/724 1556/1567/723
f 1451/1581/730 1453/1583/731 1564/1583/731
f 1467/1597/738 1571/1597/738 1570/1595/737
f 1427/1557/718 1551/1557/718 1550/1555/717
f 1481/1611/746 1578/1611/746 1577/1609/744
f 1441/1571/725 1558/1571/725 1557/1569/724
f 1455/1585/732 1565/1585/732 1564/1583/731
f 1469/1599/739 1572/1599/739 1571/1597/738
f 1429/1559/719 1552/1559/719 1551/1557/718
f 1419/1613/714 1547/1613/714 1578/1611/746
f 1443/1573/726 1559/1573/726 1558/1571/725
f 1455/1585/732 1457/1587/733 1566/1587/733
f 1471/1601/740 1573/1601/740 1572/1599/739
f 1431/1561/720 1553/1561/720 1552/1559/719
f 1445/1575/727 1560/1575/727 1559/1573/726
f 1457/1587/733 1459/1589/734 1567/1589/734
f 1473/1603/741 1574/1603/741 1573/1601/740
f 1433/1563/721 1554/1563/721 1553/1561/720
f 1447/1577/728 1561/1577/728 1560/1575/727
f 1461/1591/735 1568/1591/735 1567/1589/734
f 1420/1550/715 1548/1550/715 1547/1551/714
f 1475/1605/742 1575/1605/742 1574/1603/741
f 1435/1565/722 1555/1565/722 1554/1563/721
f 1449/1579/729 1562/1579/729 1561/1577/728
f 1539/1617/722 1731/1617/722 1732/1618/723
f 1462/1592/735 1600/1592/735 1601/1594/736
f 1421/1552/715 1579/1552/715 1581/1554/716
f 1476/1606/742 1607/1606/742 1608/1608/743
f 1436/1566/722 1587/1566/722 1588/1568/723
f 1450/1580/729 1594/1580/729 1595/1582/730
f 1464/1594/736 1601/1594/736 1602/1596/737
f 1424/1554/716 1581/1554/716 1582/1556/717
f 1478/1608/743 1608/1608/743 1609/1610/744
f 1438/1568/723 1588/1568/723 1589/1570/724
f 1452/1582/730 1595/1582/730 1596/1584/731
f 1466/1596/737 1602/1596/737 1603/1598/738
f 1426/1556/717 1582/1556/717 1583/1558/718
f 1480/1610/744 1609/1610/744 1610/1612/746
f 1440/1570/724 1589/1570/724 1590/1572/725
f 1456/1586/732 1454/1584/731 1596/1584/731
f 1468/1598/738 1603/1598/738 1604/1600/739
f 1428/1558/718 1583/1558/718 1584/1560/719
f 1482/1612/746 1610/1612/746 1580/1614/714
f 1442/1572/725 1590/1572/725 1591/1574/726
f 1456/1586/732 1597/1586/732 1598/1588/733
f 1470/1600/739 1604/1600/739 1605/1602/740
f 1430/1560/719 1584/1560/719 1585/1562/720
f 1444/1574/726 1591/1574/726 1592/1576/727
f 1460/1590/734 1458/1588/733 1598/1588/733
f 1472/1602/740 1605/1602/740 1606/1604/741
f 1432/1562/720 1585/1562/720 1586/1564/721
f 1448/1578/728 1446/1576/727 1592/1576/727
f 1460/1590/734 1599/1590/734 1600/1592/735
f 1422/1549/714 1580/1549/714 1579/1552/715
f 1474/1604/741 1606/1604/741 1607/1606/742
f 1434/1564/721 1586/1564/721 1587/1566/722
f 1483/1619/747 1547/1680/747 1548/1620/747
f 1485/1622/747 1484/1621/747 1548/1620/747
f 1486/1624/747 1485/1622/747 1549/1623/747
f 1486/1624/747 1550/1625/747 1551/1626/747
f 1487/1627/747 1551/1626/747 1552/1628/747
f 1488/1629/747 1552/1628/747 1553/1630/747
f 1490/1632/747 1489/1631/747 1553/1630/747
f 1490/1632/747 1554/1633/747 1555/1634/747
f 1491/1635/747 1555/1634/747 1556/1636/747
f 1493/1638/747 1492/1637/747 1556/1636/747
f 1494/1640/747 1493/1638/747 1557/1639/747
f 1494/1640/747 1558/1641/747 1559/1642/747
f 1495/1643/747 1559/1642/747 1560/1644/747
f 1496/1645/747 1560/1644/747 1561/1646/747
f 1497/1647/747 1561/1646/747 1562/1648/747
f 1498/1649/747 1562/1648/747 1563/1650/747
f 1499/1615/747 1563/1650/747 1564/1651/747
f 1500/1616/747 1564/1651/747 1565/1652/747
f 1502/1654/747 1501/1653/747 1565/1652/747
f 1502/1654/747 1566/1655/747 1567/1656/747
f 1503/1657/747 1567/1656/747 1568/1658/747
f 1504/1659/747 1568/1658/747 1569/1660/747
f 1505/1661/747 1569/1660/747 1570/1662/747
f 1506/1663/747 1570/1662/747 1571/1664/747
f 1507/1665/747 1571/1664/747 1572/1666/747
f 1508/1667/747 1572/1666/747 1573/1668/747
f 1510/1670/747 1509/1669/747 1573/1668/747
f 1510/1670/747 1574/1671/747 1575/1672/747
f 1512/1674/747 1511/1673/747 1575/1672/747
f 1512/1674/747 1576/1675/747 1577/1676/747
f 1514/1678/747 1513/1677/747 1577/1676/747
f 1514/1678/747 1578/1679/747 1547/1680/747
f 1515/1681/745 1579/1685/745 1580/1682/745
f 1517/1684/745 1581/1687/745 1579/1685/745
f 1517/1684/745 1518/1689/745 1582/1686/745
f 1519/1688/745 1583/1691/745 1582/1686/745
f 1520/1690/745 1584/1693/745 1583/1691/745
f 1520/1690/745 1521/1694/745 1585/1692/745
f 1521/1694/745 1522/1697/745 1586/1695/745
f 1523/1696/745 1587/1699/745 1586/1695/745
f 1524/1698/745 1588/1701/745 1587/1699/745
f 1524/1698/745 1525/1703/745 1589/1700/745
f 1526/1702/745 1590/1705/745 1589/1700/745
f 1526/1702/745 1527/1707/745 1591/1704/745
f 1528/1706/745 1592/1709/745 1591/1704/745
f 1528/1706/745 1529/1711/745 1593/1708/745
f 1530/1710/745 1594/1713/745 1593/1708/745
f 1531/1712/745 1595/1715/745 1594/1713/745
f 1532/1714/745 1596/1717/745 1595/1715/745
f 1533/1716/745 1597/1719/745 1596/1717/745
f 1534/1718/745 1598/1721/745 1597/1719/745
f 1534/1718/745 1535/1723/745 1599/1720/745
f 1536/1722/745 1600/1725/745 1599/1720/745
f 1537/1724/745 1601/1727/745 1600/1725/745
f 1538/1726/745 1602/1728/745 1601/1727/745
f 1539/1617/745 1603/1729/745 1602/1728/745
f 1540/1618/745 1604/1731/745 1603/1729/745
f 1541/1730/745 1605/1733/745 1604/1731/745
f 1541/1730/745 1542/1735/745 1606/1732/745
f 1543/1734/745 1607/1737/745 1606/1732/745
f 1543/1734/745 1544/1738/745 1608/1736/745
f 1544/1738/745 1545/1741/745 1609/1739/745
f 1546/1740/745 1610/1742/745 1609/1739/745
f 1516/1683/745 1580/1682/745 1610/1742/745
f 1642/1745/747 1611/1841/747 1612/1813/747
f 1612/1813/747 1613/1814/747 1614/1815/747
f 1614/1815/747 1615/1816/747 1616/1817/747
f 1616/1817/747 1617/1818/747 1618/1819/747
f 1618/1819/747 1619/1820/747 1620/1821/747
f 1620/1821/747 1621/1822/747 1622/1823/747
f 1622/1823/747 1623/1824/747 1624/1825/747
f 1624/1825/747 1625/1826/747 1626/1743/747
f 1626/1743/747 1627/1827/747 1628/1828/747
f 1628/1828/747 1629/1829/747 1630/1830/747
f 1630/1830/747 1631/1831/747 1632/1832/747
f 1632/1832/747 1633/1833/747 1634/1744/747
f 1634/1744/747 1635/1834/747 1636/1835/747
f 1636/1835/747 1637/1836/747 1638/1837/747
f 1638/1837/747 1639/1838/747 1640/1839/747
f 1640/1839/747 1641/1840/747 1642/1745/747
f 1642/1745/747 1612/1813/747 1614/1815/747
f 1614/1815/747 1616/1817/747 1618/1819/747
f 1618/1819/747 1620/1821/747 1622/1823/747
f 1622/1823/747 1624/1825/747 1626/1743/747
f 1626/1743/747 1628/1828/747 1630/1830/747
f 1630/1830/747 1632/1832/747 1634/1744/747
f 1634/1744/747 1636/1835/747 1638/1837/747
f 1638/1837/747 1640/1839/747 1642/1745/747
f 1642/1745/747 1614/1815/747 1618/1819/747
f 1618/1819/747 1622/1823/747 1626/1743/747
f 1626/1743/747 1630/1830/747 1634/1744/747
f 1634/1744/747 1638/1837/747 1642/1745/747
f 1642/1745/747 1618/1819/747 1626/1743/747
f 1487/1627/734 1679/1627/734 1678/1624/733
f 1514/1678/729 1706/1678/729 1705/1677/728
f 1500/1616/715 1501/1653/716 1693/1653/716
f 1488/1629/735 1680/1629/735 1679/1627/734
f 1483/1619/730 1675/1619/730 1706/1678/729
f 1501/1653/716 1502/1654/717 1694/1654/717
f 1489/1631/736 1681/1631/736 1680/1629/735
f 1503/1657/718 1695/1657/718 1694/1654/717
f 1490/1632/737 1682/1632/737 1681/1631/736
f 1504/1659/719 1696/1659/719 1695/1657/718
f 1491/1635/738 1683/1635/738 1682/1632/737
f 1505/1661/720 1697/1661/720 1696/1659/719
f 1492/1637/739 1684/1637/739 1683/1635/738
f 1506/1663/721 1698/1663/721 1697/1661/720
f 1493/1638/740 1685/1638/740 1684/1637/739
f 1507/1665/722 1699/1665/722 1698/1663/721
f 1494/1640/741 1686/1640/741 1685/1638/740
f 1508/1667/723 1700/1667/723 1699/1665/722
f 1495/1643/742 1687/1643/742 1686/1640/741
f 1509/1669/724 1701/1669/724 1700/1667/723
f 1496/1645/743 1688/1645/743 1687/1643/742
f 1510/1670/725 1702/1670/725 1701/1669/724
f 1497/1647/744 1689/1647/744 1688/1645/743
f 1484/1621/731 1676/1621/731 1675/1619/730
f 1511/1673/726 1703/1673/726 1702/1670/725
f 1497/1647/744 1498/1649/746 1690/1649/746
f 1485/1622/732 1677/1622/732 1676/1621/731
f 1512/1674/727 1704/1674/727 1703/1673/726
f 1498/1649/746 1499/1615/714 1691/1615/714
f 1486/1624/733 1678/1624/733 1677/1622/732
f 1513/1677/728 1705/1677/728 1704/1674/727
f 1645/1748/745 1643/1842/745 1644/1843/745
f 1644/1843/745 1674/1869/745 1673/1870/745
f 1673/1870/745 1672/1868/745 1671/1867/745
f 1671/1867/745 1670/1865/745 1669/1866/745
f 1669/1866/745 1668/1863/745 1667/1864/745
f 1667/1864/745 1666/1861/745 1665/1862/745
f 1665/1862/745 1664/1860/745 1663/1859/745
f 1663/1859/745 1662/1858/745 1661/1746/745
f 1661/1746/745 1660/1857/745 1659/1856/745
f 1659/1856/745 1658/1855/745 1657/1854/745
f 1657/1854/745 1656/1852/745 1655/1853/745
f 1655/1853/745 1654/1851/745 1653/1747/745
f 1653/1747/745 1652/1850/745 1651/1849/745
f 1651/1849/745 1650/1848/745 1649/1847/745
f 1649/1847/745 1648/1846/745 1647/1844/745
f 1647/1844/745 1646/1845/745 1645/1748/745
f 1645/1748/745 1644/1843/745 1673/1870/745
f 1673/1870/745 1671/1867/745 1669/1866/745
f 1669/1866/745 1667/1864/745 1665/1862/745
f 1665/1862/745 1663/1859/745 1661/1746/745
f 1661/1746/745 1659/1856/745 1657/1854/745
f 1657/1854/745 1655/1853/745 1653/1747/745
f 1653/1747/745 1651/1849/745 1649/1847/745
f 1649/1847/745 1647/1844/745 1645/1748/745
f 1645/1748/745 1673/1870/745 1669/1866/745
f 1669/1866/745 1665/1862/745 1661/1746/745
f 1661/1746/745 1657/1854/745 1653/1747/745
f 1653/1747/745 1649/1847/745 1645/1748/745
f 1645/1748/745 1669/1866/745 1661/1746/745
f 1526/1702/741 1718/1702/741 1719/1707/742
f 1540/1618/723 1732/1618/723 1733/1730/724
f 1527/1707/742 1719/1707/742 1720/1706/743
f 1541/1730/724 1733/1730/724 1734/1735/725
f 1528/1706/743 1720/1706/743 1721/1711/744
f 1515/1681/731 1516/1683/730 1708/1683/730
f 1542/1735/725 1734/1735/725 1735/1734/726
f 1529/1711/744 1721/1711/744 1722/1710/746
f 1515/1681/731 1707/1681/731 1709/1684/732
f 1543/1734/726 1735/1734/726 1736/1738/727
f 1530/1710/746 1722/1710/746 1723/1712/714
f 1517/1684/732 1709/1684/732 1710/1689/733
f 1544/1738/727 1736/1738/727 1737/1741/728
f 1531/1712/714 1723/1712/714 1724/1714/715
f 1518/1689/733 1710/1689/733 1711/1688/734
f 1546/1740/729 1545/1741/728 1737/1741/728
f 1532/1714/715 1724/1714/715 1725/1716/716
f 1519/1688/734 1711/1688/734 1712/1690/735
f 1516/1683/730 1546/1740/729 1738/1740/729
f 1533/1716/716 1725/1716/716 1726/1718/717
f 1520/1690/735 1712/1690/735 1713/1694/736
f 1534/1718/717 1726/1718/717 1727/1723/718
f 1521/1694/736 1713/1694/736 1714/1697/737
f 1535/1723/718 1727/1723/718 1728/1722/719
f 1522/1697/737 1714/1697/737 1715/1696/738
f 1536/1722/719 1728/1722/719 1729/1724/720
f 1523/1696/738 1715/1696/738 1716/1698/739
f 1537/1724/720 1729/1724/720 1730/1726/721
f 1524/1698/739 1716/1698/739 1717/1703/740
f 1538/1726/721 1730/1726/721 1731/1617/722
f 1525/1703/740 1717/1703/740 1718/1702/741
f 1739/1749/747 1675/1619/747 1676/1621/747
f 1741/1751/747 1740/1750/747 1676/1621/747
f 1742/1752/747 1741/1751/747 1677/1622/747
f 1742/1752/747 1678/1624/747 1679/1627/747
f 1744/1754/747 1743/1753/747 1679/1627/747
f 1744/1754/747 1680/1629/747 1681/1631/747
f 1746/1756/747 1745/1755/747 1681/1631/747
f 1747/1757/747 1746/1756/747 1682/1632/747
f 1747/1757/747 1683/1635/747 1684/1637/747
f 1748/1758/747 1684/1637/747 1685/1638/747
f 1749/1759/747 1685/1638/747 1686/1640/747
f 1750/1760/747 1686/1640/747 1687/1643/747
f 1752/1762/747 1751/1761/747 1687/1643/747
f 1752/1762/747 1688/1645/747 1689/1647/747
f 1754/1764/747 1753/1763/747 1689/1647/747
f 1754/1764/747 1690/1649/747 1691/1615/747
f 1755/1765/747 1691/1615/747 1692/1616/747
f 1756/1766/747 1692/1616/747 1693/1653/747
f 1758/1768/747 1757/1767/747 1693/1653/747
f 1758/1768/747 1694/1654/747 1695/1657/747
f 1760/1770/747 1759/1769/747 1695/1657/747
f 1761/1771/747 1760/1770/747 1696/1659/747
f 1762/1772/747 1761/1771/747 1697/1661/747
f 1762/1772/747 1698/1663/747 1699/1665/747
f 1763/1773/747 1699/1665/747 1700/1667/747
f 1764/1774/747 1700/1667/747 1701/1669/747
f 1766/1776/747 1765/1775/747 1701/1669/747
f 1766/1776/747 1702/1670/747 1703/1673/747
f 1768/1778/747 1767/1777/747 1703/1673/747
f 1768/1778/747 1704/1674/747 1705/1677/747
f 1769/1779/747 1705/1677/747 1706/1678/747
f 1770/1780/747 1706/1678/747 1675/1619/747
f 1771/1781/745 1707/1681/745 1708/1683/745
f 1773/1783/745 1709/1684/745 1707/1681/745
f 1774/1784/745 1710/1689/745 1709/1684/745
f 1774/1784/745 1775/1786/745 1711/1688/745
f 1776/1785/745 1712/1690/745 1711/1688/745
f 1777/1787/745 1713/1694/745 1712/1690/745
f 1778/1788/745 1714/1697/745 1713/1694/745
f 1779/1789/745 1715/1696/745 1714/1697/745
f 1780/1790/745 1716/1698/745 1715/1696/745
f 1780/1790/745 1781/1792/745 1717/1703/745
f 1782/1791/745 1718/1702/745 1717/1703/745
f 1782/1791/745 1783/1794/745 1719/1707/745
f 1784/1793/745 1720/1706/745 1719/1707/745
f 1785/1795/745 1721/1711/745 1720/1706/745
f 1786/1796/745 1722/1710/745 1721/1711/745
f 1787/1797/745 1723/1712/745 1722/1710/745
f 1788/1798/745 1724/1714/745 1723/1712/745
f 1789/1799/745 1725/1716/745 1724/1714/745
f 1790/1800/745 1726/1718/745 1725/1716/745
f 1791/1801/745 1727/1723/745 1726/1718/745
f 1792/1802/745 1728/1722/745 1727/1723/745
f 1793/1803/745 1729/1724/745 1728/1722/745
f 1794/1804/745 1730/1726/745 1729/1724/745
f 1795/1805/745 1731/1617/745 1730/1726/745
f 1796/1806/745 1732/1618/745 1731/1617/745
f 1797/1807/745 1733/1730/745 1732/1618/745
f 1798/1808/745 1734/1735/745 1733/1730/745
f 1799/1809/745 1735/1734/745 1734/1735/745
f 1800/1810/745 1736/1738/745 1735/1734/745
f 1800/1810/745 1801/1812/745 1737/1741/745
f 1802/1811/745 1738/1740/745 1737/1741/745
f 1772/1782/745 1708/1683/745 1738/1740/745
f 1612/1813/748 1611/1841/749 1739/1749/749
f 1612/1813/748 1740/1750/748 1741/1751/750
f 1614/1815/751 1613/1814/750 1741/1751/750
f 1614/1815/751 1742/1752/751 1743/1753/752
f 1615/1816/752 1743/1753/752 1744/1754/753
f 1617/1818/754 1616/1817/753 1744/1754/753
f 1617/1818/754 1745/1755/754 1746/1756/755
f 1619/1820/756 1618/1819/755 1746/1756/755
f 1619/1820/756 1747/1757/756 1748/1758/757
f 1620/1821/757 1748/1758/757 1749/1759/758
f 1622/1823/759 1621/1822/758 1749/1759/758
f 1622/1823/759 1750/1760/759 1751/1761/760
f 1623/1824/760 1751/1761/760 1752/1762/761
f 1624/1825/761 1752/1762/761 1753/1763/762
f 1626/1743/763 1625/1826/762 1753/1763/762
f 1626/1743/763 1754/1764/763 1755/1765/764
f 1627/1827/764 1755/1765/764 1756/1766/765
f 1628/1828/765 1756/1766/765 1757/1767/766
f 1629/1829/766 1757/1767/766 1758/1768/767
f 1630/1830/767 1758/1768/767 1759/1769/768
f 1632/1832/769 1631/1831/768 1759/1769/768
f 1633/1833/770 1632/1832/769 1760/1770/769
f 1634/1744/771 1633/1833/770 1761/1771/770
f 1635/1834/772 1634/1744/771 1762/1772/771
f 1635/1834/772 1763/1773/772 1764/1774/773
f 1636/1835/773 1764/1774/773 1765/1775/774
f 1638/1837/775 1637/1836/774 1765/1775/774
f 1638/1837/775 1766/1776/775 1767/1777/776
f 1639/1838/776 1767/1777/776 1768/1778/777
f 1640/1839/777 1768/1778/777 1769/1779/778
f 1641/1840/778 1769/1779/778 1770/1780/779
f 1642/1745/779 1770/1780/779 1739/1749/749
f 1643/1842/780 1771/1781/780 1772/1782/781
f 1643/1842/780 1645/1748/782 1773/1783/782
f 1645/1748/782 1646/1845/783 1774/1784/783
f 1647/1844/784 1775/1786/784 1774/1784/783
f 1648/1846/785 1776/1785/785 1775/1786/784
f 1649/1847/786 1777/1787/786 1776/1785/785
f 1650/1848/787 1778/1788/787 1777/1787/786
f 1651/1849/788 1779/1789/788 1778/1788/787
f 1652/1850/789 1780/1790/789 1779/1789/788
f 1653/1747/790 1781/1792/790 1780/1790/789
f 1654/1851/791 1782/1791/791 1781/1792/790
f 1654/1851/791 1655/1853/792 1783/1794/792
f 1656/1852/793 1784/1793/793 1783/1794/792
f 1657/1854/794 1785/1795/794 1784/1793/793
f 1658/1855/795 1786/1796/795 1785/1795/794
f 1659/1856/796 1787/1797/796 1786/1796/795
f 1660/1857/797 1788/1798/797 1787/1797/796
f 1661/1746/798 1789/1799/798 1788/1798/797
f 1662/1858/799 1790/1800/799 1789/1799/798
f 1662/1858/799 1663/1859/800 1791/1801/800
f 1663/1859/800 1664/1860/801 1792/1802/801
f 1664/1860/801 1665/1862/802 1793/1803/802
f 1666/1861/803 1794/1804/803 1793/1803/802
f 1666/1861/803 1667/1864/804 1795/1805/804
f 1668/1863/805 1796/1806/805 1795/1805/804
f 1668/1863/805 1669/1866/806 1797/1807/806
f 1670/1865/807 1798/1808/807 1797/1807/806
f 1671/1867/808 1799/1809/808 1798/1808/807
f 1672/1868/809 1800/1810/809 1799/1809/808
f 1672/1868/809 1673/1870/810 1801/1812/810
f 1674/1869/811 1802/1811/811 1801/1812/810
f 1644/1843/781 1772/1782/781 1802/1811/811
o Cylinder.003
v 0.936036 1.884913 -0.438762
v 1.021634 1.884913 -0.430332
v 1.103943 1.884913 -0.405364
v 1.179799 1.884913 -0.364818
v 1.246288 1.884913 -0.310252
v 1.300853 1.884913 -0.243763
v 1.341399 1.884913 -0.167907
v 1.366367 1.884913 -0.085598
v 1.374798 1.884913 0.000000
v 1.366367 1.884913 0.085598
v 1.341399 1.884913 0.167907
v 1.300853 1.884913 0.243763
v 1.246288 1.884913 0.310252
v 1.179799 1.884913 0.364818
v 1.103943 1.884913 0.405364
v 1.021634 1.884913 0.430332
v 0.936036 1.884913 0.438762
v 0.850437 1.884913 0.430332
v 0.768129 1.884913 0.405364
v 0.692272 1.884913 0.364818
v 0.625784 1.884913 0.310252
v 0.571218 1.884913 0.243763
v 0.530672 1.884913 0.167907
v 0.505704 1.884913 0.085598
v 0.497273 1.884913 0.000000
v 0.505704 1.884913 -0.085598
v 0.530672 1.884913 -0.167907
v 0.571218 1.884913 -0.243763
v 0.625784 1.884913 -0.310252
v 0.692272 1.884913 -0.364818
v 0.768129 1.884913 -0.405364
v 0.850437 1.884913 -0.430332
v 0.936036 2.681089 -0.438762
v 0.936036 2.822780 -0.493584
v 0.936036 2.716813 -0.442935
v 0.936036 2.756285 -0.454819
v 0.936036 2.793496 -0.472605
v 1.032329 2.822780 -0.484100
v 1.021634 2.681089 -0.430332
v 1.028236 2.793496 -0.463524
v 1.024766 2.756285 -0.446080
v 1.022448 2.716813 -0.434425
v 1.124922 2.822780 -0.456012
v 1.103943 2.681089 -0.405364
v 1.116894 2.793496 -0.436630
v 1.110087 2.756285 -0.420198
v 1.105540 2.716813 -0.409219
v 1.210256 2.822780 -0.410400
v 1.179799 2.681089 -0.364818
v 1.198601 2.793496 -0.392956
v 1.188720 2.756285 -0.378168
v 1.182117 2.716813 -0.368287
v 1.285052 2.822780 -0.349017
v 1.246288 2.681089 -0.310252
v 1.270218 2.793496 -0.334182
v 1.257641 2.756285 -0.321606
v 1.249238 2.716813 -0.313203
v 1.346436 2.822780 -0.274221
v 1.300853 2.681089 -0.243763
v 1.328992 2.793496 -0.262565
v 1.314204 2.756285 -0.252684
v 1.304323 2.716813 -0.246082
v 1.392048 2.822780 -0.188886
v 1.341399 2.681089 -0.167907
v 1.372665 2.793496 -0.180858
v 1.356234 2.756285 -0.174052
v 1.345255 2.716813 -0.169504
v 1.420135 2.822780 -0.096293
v 1.366367 2.681089 -0.085598
v 1.399559 2.793496 -0.092201
v 1.382116 2.756285 -0.088731
v 1.370460 2.716813 -0.086412
v 1.429620 2.822780 0.000000
v 1.374798 2.681089 0.000000
v 1.408640 2.793496 0.000000
v 1.390855 2.756285 0.000000
v 1.378971 2.716813 0.000000
v 1.420135 2.822780 0.096293
v 1.366367 2.681089 0.085598
v 1.399559 2.793496 0.092201
v 1.382116 2.756285 0.088731
v 1.370460 2.716813 0.086412
v 1.392048 2.822780 0.188886
v 1.341399 2.681089 0.167907
v 1.372665 2.793496 0.180858
v 1.356234 2.756285 0.174052
v 1.345255 2.716813 0.169504
v 1.346436 2.822780 0.274221
v 1.300853 2.681089 0.243763
v 1.328992 2.793496 0.262565
v 1.314204 2.756285 0.252684
v 1.304323 2.716813 0.246082
v 1.285052 2.822780 0.349017
v 1.246288 2.681089 0.310252
v 1.270218 2.793496 0.334182
v 1.257641 2.756285 0.321606
v 1.249238 2.716813 0.313203
v 1.210256 2.822780 0.410400
v 1.179799 2.681089 0.364818
v 1.198601 2.793496 0.392956
v 1.188720 2.756285 0.378168
v 1.182117 2.716813 0.368287
v 1.124922 2.822780 0.456012
v 1.103943 2.681089 0.405364
v 1.116894 2.793496 0.436630
v 1.110087 2.756285 0.420198
v 1.105540 2.716813 0.409219
v 1.032329 2.822780 0.484100
v 1.021634 2.681089 0.430332
v 1.028236 2.793496 0.463524
v 1.024766 2.756285 0.446080
v 1.022448 2.716813 0.434425
v 0.936036 2.822780 0.493584
v 0.936036 2.681089 0.438762
v 0.936036 2.793496 0.472605
v 0.936036 2.756285 0.454819
v 0.936036 2.716813 0.442935
v 0.839742 2.822780 0.484100
v 0.850437 2.681089 0.430332
v 0.843835 2.793496 0.463524
v 0.847305 2.756285 0.446080
v 0.849623 2.716813 0.434425
v 0.747149 2.822780 0.456012
v 0.768129 2.681089 0.405364
v 0.755178 2.793496 0.436630
v 0.761984 2.756285 0.420198
v 0.766532 2.716813 0.409219
v 0.661815 2.822780 0.410400
v 0.692272 2.681089 0.364818
v 0.673470 2.793496 0.392956
v 0.683352 2.756285 0.378168
v 0.689954 2.716813 0.368287
v 0.587019 2.822780 0.349017
v 0.625784 2.681089 0.310252
v 0.601854 2.793496 0.334182
v 0.614430 2.756285 0.321606
v 0.622833 2.716813 0.313203
v 0.525635 2.822780 0.274221
v 0.571218 2.681089 0.243763
v 0.543079 2.793496 0.262565
v 0.557867 2.756285 0.252684
v 0.567748 2.716813 0.246082
v 0.480023 2.822780 0.188886
v 0.530672 2.681089 0.167907
v 0.499406 2.793496 0.180858
v 0.515837 2.756285 0.174052
v 0.526817 2.716813 0.169504
v 0.451936 2.822780 0.096293
v 0.505704 2.681089 0.085598
v 0.472512 2.793496 0.092201
v 0.489956 2.756285 0.088731
v 0.501611 2.716813 0.086412
v 0.442452 2.822780 0.000000
v 0.497273 2.681089 0.000000
v 0.463431 2.793496 0.000000
v 0.481216 2.756285 0.000000
v 0.493100 2.716813 0.000000
v 0.451936 2.822780 -0.096293
v 0.505704 2.681089 -0.085598
v 0.472512 2.793496 -0.092201
v 0.489956 2.756285 -0.088731
v 0.501611 2.716813 -0.086412
v 0.480023 2.822780 -0.188886
v 0.530672 2.681089 -0.167907
v 0.499406 2.793496 -0.180858
v 0.515837 2.756285 -0.174052
v 0.526817 2.716813 -0.169504
v 0.525635 2.822780 -0.274221
v 0.571218 2.681089 -0.243763
v 0.543079 2.793496 -0.262565
v 0.557867 2.756285 -0.252684
v 0.567748 2.716813 -0.246082
v 0.587019 2.822780 -0.349017
v 0.625784 2.681089 -0.310252
v 0.601854 2.793496 -0.334182
v 0.614430 2.756285 -0.321606
v 0.622833 2.716813 -0.313203
v 0.661815 2.822780 -0.410400
v 0.692272 2.681089 -0.364818
v 0.673470 2.793496 -0.392956
v 0.683352 2.756285 -0.378168
v 0.689954 2.716813 -0.368287
v 0.747149 2.822780 -0.456012
v 0.768129 2.681089 -0.405364
v 0.755178 2.793496 -0.436630
v 0.761984 2.756285 -0.420198
v 0.766532 2.716813 -0.409219
v 0.839742 2.822780 -0.484100
v 0.850437 2.681089 -0.430332
v 0.843835 2.793496 -0.463524
v 0.847305 2.756285 -0.446080
v 0.849623 2.716813 -0.434425
v 1.065277 3.125699 -0.649737
v 1.063182 2.996853 -0.639209
v 1.067754 3.094890 -0.662192
v 1.068226 3.059586 -0.664564
v 1.066620 3.025159 -0.656494
v 0.936036 2.996853 -0.651732
v 0.936036 3.125699 -0.662467
v 0.936036 3.025159 -0.669355
v 0.936036 3.059586 -0.677584
v 0.936036 3.094890 -0.675165
v 1.189551 3.125699 -0.612039
v 1.185443 2.996853 -0.602122
v 1.194410 3.094890 -0.623771
v 1.195336 3.059586 -0.626006
v 1.192187 3.025159 -0.618403
v 1.304082 3.125699 -0.550821
v 1.298118 2.996853 -0.541895
v 1.311137 3.094890 -0.561379
v 1.312481 3.059586 -0.563390
v 1.307909 3.025159 -0.556548
v 1.404470 3.125699 -0.468435
v 1.396880 2.996853 -0.460844
v 1.413449 3.094890 -0.477414
v 1.415160 3.059586 -0.479124
v 1.409341 3.025159 -0.473306
v 1.486856 3.125699 -0.368047
v 1.477931 2.996853 -0.362083
v 1.497415 3.094890 -0.375101
v 1.499426 3.059586 -0.376445
v 1.492584 3.025159 -0.371874
v 1.548075 3.125699 -0.253515
v 1.538157 2.996853 -0.249407
v 1.559807 3.094890 -0.258374
v 1.562041 3.059586 -0.259300
v 1.554439 3.025159 -0.256151
v 1.585773 3.125699 -0.129241
v 1.575244 2.996853 -0.127147
v 1.598227 3.094890 -0.131718
v 1.600600 3.059586 -0.132190
v 1.592529 3.025159 -0.130585
v 1.598502 3.125699 0.000000
v 1.587767 2.996853 0.000000
v 1.611200 3.094890 0.000000
v 1.613619 3.059586 0.000000
v 1.605391 3.025159 0.000000
v 1.585773 3.125699 0.129241
v 1.575244 2.996853 0.127147
v 1.598227 3.094890 0.131718
v 1.600600 3.059586 0.132190
v 1.592529 3.025159 0.130585
v 1.548075 3.125699 0.253515
v 1.538157 2.996853 0.249407
v 1.559807 3.094890 0.258374
v 1.562041 3.059586 0.259300
v 1.554439 3.025159 0.256151
v 1.486856 3.125699 0.368047
v 1.477931 2.996853 0.362083
v 1.497415 3.094890 0.375101
v 1.499426 3.059586 0.376445
v 1.492584 3.025159 0.371874
v 1.404470 3.125699 0.468435
v 1.396880 2.996853 0.460844
v 1.413449 3.094890 0.477414
v 1.415160 3.059586 0.479124
v 1.409341 3.025159 0.473306
v 1.304082 3.125699 0.550821
v 1.298118 2.996853 0.541895
v 1.311137 3.094890 0.561379
v 1.312481 3.059586 0.563390
v 1.307909 3.025159 0.556548
v 1.189551 3.125699 0.612039
v 1.185443 2.996853 0.602122
v 1.194410 3.094890 0.623771
v 1.195336 3.059586 0.626006
v 1.192187 3.025159 0.618403
v 1.065277 3.125699 0.649737
v 1.063182 2.996853 0.639209
v 1.067754 3.094890 0.662192
v 1.068226 3.059586 0.664564
v 1.066620 3.025159 0.656494
v 0.936036 3.125699 0.662467
v 0.936036 2.996853 0.651732
v 0.936036 3.094890 0.675165
v 0.936036 3.059586 0.677584
v 0.936036 3.025159 0.669355
v 0.806795 3.125699 0.649737
v 0.808889 2.996853 0.639209
v 0.804318 3.094890 0.662192
v 0.803846 3.059586 0.664564
v 0.805451 3.025159 0.656494
v 0.682521 3.125699 0.612039
v 0.686629 2.996853 0.602122
v 0.677661 3.094890 0.623771
v 0.676736 3.059586 0.626006
v 0.679885 3.025159 0.618403
v 0.567989 3.125699 0.550821
v 0.573953 2.996853 0.541895
v 0.560934 3.094890 0.561379
v 0.559590 3.059586 0.563390
v 0.564162 3.025159 0.556548
v 0.467601 3.125699 0.468435
v 0.475192 2.996853 0.460844
v 0.458622 3.094890 0.477414
v 0.456912 3.059586 0.479124
v 0.462730 3.025159 0.473306
v 0.385215 3.125699 0.368047
v 0.394141 2.996853 0.362083
v 0.374657 3.094890 0.375101
v 0.372645 3.059586 0.376445
v 0.379487 3.025159 0.371874
v 0.323996 3.125699 0.253515
v 0.333914 2.996853 0.249407
v 0.312265 3.094890 0.258374
v 0.310030 3.059586 0.259300
v 0.317632 3.025159 0.256151
v 0.286298 3.125699 0.129241
v 0.296827 2.996853 0.127147
v 0.273844 3.094890 0.131718
v 0.271472 3.059586 0.132190
v 0.279542 3.025159 0.130585
v 0.273569 3.125699 0.000000
v 0.284304 2.996853 0.000000
v 0.260871 3.094890 0.000000
v 0.258452 3.059586 0.000000
v 0.266680 3.025159 0.000000
v 0.286298 3.125699 -0.129241
v 0.296827 2.996853 -0.127147
v 0.273844 3.094890 -0.131718
v 0.271472 3.059586 -0.132190
v 0.279542 3.025159 -0.130585
v 0.323996 3.125699 -0.253515
v 0.333914 2.996853 -0.249407
v 0.312265 3.094890 -0.258374
v 0.310030 3.059586 -0.259300
v 0.317632 3.025159 -0.256151
v 0.385215 3.125699 -0.368047
v 0.394141 2.996853 -0.362083
v 0.374657 3.094890 -0.375101
v 0.372645 3.059586 -0.376445
v 0.379487 3.025159 -0.371874
v 0.467601 3.125699 -0.468435
v 0.475192 2.996853 -0.460844
v 0.458622 3.094890 -0.477414
v 0.456912 3.059586 -0.479124
v 0.462730 3.025159 -0.473306
v 0.567989 3.125699 -0.550821
v 0.573953 2.996853 -0.541895
v 0.560934 3.094890 -0.561379
v 0.559590 3.059586 -0.563390
v 0.564162 3.025159 -0.556548
v 0.682521 3.125699 -0.612039
v 0.686629 2.996853 -0.602122
v 0.677661 3.094890 -0.623771
v 0.676736 3.059586 -0.626006
v 0.679885 3.025159 -0.618403
v 0.806795 3.125699 -0.649737
v 0.808889 2.996853 -0.639209
v 0.804318 3.094890 -0.662192
v 0.803846 3.059586 -0.664564
v 0.805451 3.025159 -0.656494
v 1.006263 3.468710 -0.353055
v 1.030811 3.400207 -0.476467
v 1.013020 3.463496 -0.387027
v 1.020058 3.448646 -0.422410
v 1.026305 3.426422 -0.453817
v 0.936036 3.400207 -0.485801
v 0.936036 3.468710 -0.359972
v 0.936036 3.426422 -0.462708
v 0.936036 3.448646 -0.430685
v 0.936036 3.463496 -0.394609
v 1.073791 3.468710 -0.332570
v 1.121944 3.400207 -0.448822
v 1.087046 3.463496 -0.364571
v 1.100852 3.448646 -0.397901
v 1.113106 3.426422 -0.427486
v 1.136025 3.468710 -0.299305
v 1.205932 3.400207 -0.403929
v 1.155269 3.463496 -0.328106
v 1.175312 3.448646 -0.358102
v 1.193102 3.426422 -0.384727
v 1.190574 3.468710 -0.254538
v 1.279549 3.400207 -0.343513
v 1.215066 3.463496 -0.279031
v 1.240576 3.448646 -0.304541
v 1.263219 3.426422 -0.327184
v 1.235341 3.468710 -0.199990
v 1.339965 3.400207 -0.269897
v 1.264141 3.463496 -0.219233
v 1.294137 3.448646 -0.239276
v 1.320763 3.426422 -0.257067
v 1.268606 3.468710 -0.137755
v 1.384857 3.400207 -0.185908
v 1.300607 3.463496 -0.151010
v 1.333937 3.448646 -0.164816
v 1.363522 3.426422 -0.177071
v 1.289091 3.468710 -0.070227
v 1.412502 3.400207 -0.094775
v 1.323063 3.463496 -0.076984
v 1.358445 3.448646 -0.084022
v 1.389853 3.426422 -0.090270
v 1.296007 3.468710 0.000000
v 1.421837 3.400207 0.000000
v 1.330645 3.463496 0.000000
v 1.366721 3.448646 0.000000
v 1.398743 3.426422 0.000000
v 1.289091 3.468710 0.070227
v 1.412502 3.400207 0.094775
v 1.323063 3.463496 0.076984
v 1.358445 3.448646 0.084023
v 1.389853 3.426422 0.090270
v 1.268606 3.468710 0.137755
v 1.384857 3.400207 0.185908
v 1.300607 3.463496 0.151010
v 1.333937 3.448646 0.164816
v 1.363522 3.426422 0.177071
v 1.235341 3.468710 0.199990
v 1.339965 3.400207 0.269897
v 1.264141 3.463496 0.219233
v 1.294137 3.448646 0.239276
v 1.320763 3.426422 0.257067
v 1.190574 3.468710 0.254538
v 1.279549 3.400207 0.343513
v 1.215066 3.463496 0.279031
v 1.240576 3.448646 0.304541
v 1.263219 3.426422 0.327184
v 1.136025 3.468710 0.299305
v 1.205932 3.400207 0.403929
v 1.155269 3.463496 0.328106
v 1.175312 3.448646 0.358102
v 1.193102 3.426422 0.384727
v 1.073791 3.468710 0.332570
v 1.121944 3.400207 0.448822
v 1.087046 3.463496 0.364571
v 1.100852 3.448646 0.397901
v 1.113106 3.426422 0.427486
v 1.006263 3.468710 0.353055
v 1.030811 3.400207 0.476467
v 1.013020 3.463496 0.387027
v 1.020058 3.448646 0.422410
v 1.026305 3.426422 0.453817
v 0.936036 3.468710 0.359972
v 0.936036 3.400207 0.485801
v 0.936036 3.463496 0.394609
v 0.936036 3.448646 0.430685
v 0.936036 3.426422 0.462708
v 0.865809 3.468710 0.353055
v 0.841260 3.400207 0.476467
v 0.859051 3.463496 0.387027
v 0.852013 3.448646 0.422410
v 0.845766 3.426422 0.453817
v 0.798280 3.468710 0.332570
v 0.750128 3.400207 0.448822
v 0.785025 3.463496 0.364571
v 0.771219 3.448646 0.397901
v 0.758965 3.426422 0.427486
v 0.736046 3.468710 0.299305
v 0.666139 3.400207 0.403929
v 0.716803 3.463496 0.328106
v 0.696760 3.448646 0.358102
v 0.678969 3.426422 0.384727
v 0.681497 3.468710 0.254538
v 0.592522 3.400207 0.343513
v 0.657005 3.463496 0.279031
v 0.631495 3.448646 0.304541
v 0.608852 3.426422 0.327184
v 0.636730 3.468710 0.199990
v 0.532107 3.400207 0.269897
v 0.607930 3.463496 0.219233
v 0.577934 3.448646 0.239276
v 0.551308 3.426422 0.257067
v 0.603465 3.468710 0.137755
v 0.487214 3.400207 0.185908
v 0.571464 3.463496 0.151010
v 0.538134 3.448646 0.164816
v 0.508550 3.426422 0.177071
v 0.582981 3.468710 0.070227
v 0.459569 3.400207 0.094775
v 0.549009 3.463496 0.076984
v 0.513626 3.448646 0.084023
v 0.482219 3.426422 0.090270
v 0.576064 3.468710 0.000000
v 0.450234 3.400207 0.000000
v 0.541426 3.463496 0.000000
v 0.505350 3.448646 0.000000
v 0.473328 3.426422 0.000000
v 0.582981 3.468710 -0.070227
v 0.459569 3.400207 -0.094775
v 0.549009 3.463496 -0.076984
v 0.513626 3.448646 -0.084022
v 0.482219 3.426422 -0.090270
v 0.603465 3.468710 -0.137755
v 0.487214 3.400207 -0.185908
v 0.571464 3.463496 -0.151010
v 0.538134 3.448646 -0.164816
v 0.508549 3.426422 -0.177071
v 0.636730 3.468710 -0.199990
v 0.532107 3.400207 -0.269897
v 0.607930 3.463496 -0.219233
v 0.577934 3.448646 -0.239276
v 0.551308 3.426422 -0.257067
v 0.681497 3.468710 -0.254538
v 0.592522 3.400207 -0.343513
v 0.657005 3.463496 -0.279031
v 0.631495 3.448646 -0.304541
v 0.608852 3.426422 -0.327184
v 0.736046 3.468710 -0.299305
v 0.666139 3.400207 -0.403929
v 0.716803 3.463496 -0.328106
v 0.696760 3.448646 -0.358102
v 0.678969 3.426422 -0.384727
v 0.798280 3.468710 -0.332570
v 0.750128 3.400207 -0.448822
v 0.785025 3.463496 -0.364571
v 0.771219 3.448646 -0.397901
v 0.758965 3.426422 -0.427486
v 0.865809 3.468710 -0.353055
v 0.841260 3.400207 -0.476467
v 0.859051 3.463496 -0.387027
v 0.852013 3.448646 -0.422410
v 0.845766 3.426422 -0.453817
vn -0.1948 -0.0583 -0.9791
vn -0.0000 -0.0000 -1.0000
vn -0.1951 -0.0000 -0.9808
vn 0.2971 -0.6302 -0.7173
vn 0.1560 -0.6002 -0.7844
vn 0.3061 -0.6002 -0.7389
vn 0.4313 -0.6302 -0.6456
vn 0.4444 -0.6002 -0.6650
vn 0.5656 -0.6002 -0.5656
vn 0.5490 -0.6302 -0.5490
vn 0.6456 -0.6302 -0.4313
vn 0.6650 -0.6002 -0.4444
vn 0.7389 -0.6002 -0.3061
vn 0.7173 -0.6302 -0.2971
vn 0.7844 -0.6002 -0.1560
vn 0.7615 -0.6302 -0.1515
vn 0.7764 -0.6302 -0.0000
vn 0.7998 -0.6002 -0.0000
vn 0.7844 -0.6002 0.1560
vn 0.7615 -0.6302 0.1515
vn 0.7389 -0.6002 0.3061
vn 0.7173 -0.6302 0.2971
vn 0.6456 -0.6302 0.4313
vn 0.6650 -0.6002 0.4444
vn 0.5656 -0.6002 0.5656
vn 0.5490 -0.6302 0.5490
vn 0.4313 -0.6302 0.6456
vn 0.4444 -0.6002 0.6650
vn 0.3061 -0.6002 0.7389
vn 0.2971 -0.6302 0.7173
vn 0.1560 -0.6002 0.7844
vn 0.1515 -0.6302 0.7615
vn -0.0000 -0.6002 0.7998
vn -0.0000 -0.6302 0.7764
vn -0.1560 -0.6002 0.7844
vn -0.1515 -0.6302 0.7615
vn -0.3061 -0.6002 0.7389
vn -0.2971 -0.6302 0.7173
vn -0.4313 -0.6302 0.6456
vn -0.4444 -0.6002 0.6650
vn -0.5656 -0.6002 0.5656
vn -0.5490 -0.6302 0.5490
vn -0.6456 -0.6302 0.4313
vn -0.6650 -0.6002 0.4444
vn -0.7389 -0.6002 0.3061
vn -0.7173 -0.6302 0.2971
vn -0.7844 -0.6002 0.1560
vn -0.7615 -0.6302 0.1515
vn -0.7998 -0.6002 -0.0000
vn -0.7764 -0.6302 -0.0000
vn -0.7844 -0.6002 -0.1560
vn -0.7615 -0.6302 -0.1515
vn -0.7389 -0.6002 -0.3061
vn -0.7173 -0.6302 -0.2971
vn -0.6456 -0.6302 -0.4313
vn -0.6650 -0.6002 -0.4444
vn -0.5656 -0.6002 -0.5656
vn -0.5490 -0.6302 -0.5490
vn -0.4313 -0.6302 -0.6456
vn -0.4444 -0.6002 -0.6650
vn -0.3061 -0.6002 -0.7389
vn -0.2971 -0.6302 -0.7173
vn 0.9983 -0.0583 -0.0000
vn 0.9808 -0.0000 0.1951
vn 1.0000 -0.0000 -0.0000
vn -0.1560 -0.6002 -0.7844
vn -0.1515 -0.6302 -0.7615
vn -0.0000 -0.6302 -0.7764
vn -0.0000 -0.6002 -0.7998
vn -0.0000 -1.0000 -0.0000
vn 0.8875 0.4607 -0.0000
vn 0.7842 0.6006 0.1560
vn 0.8705 0.4607 0.1732
vn -0.1948 -0.0583 0.9791
vn -0.3827 -0.0000 0.9239
vn -0.1951 -0.0000 0.9808
vn -0.9223 -0.0583 -0.3820
vn -0.8315 -0.0000 -0.5556
vn -0.9239 -0.0000 -0.3827
vn 0.7059 -0.0583 -0.7059
vn 0.8315 -0.0000 -0.5556
vn 0.7071 -0.0000 -0.7071
vn 0.5546 -0.0583 0.8301
vn 0.3827 -0.0000 0.9239
vn 0.5556 -0.0000 0.8315
vn -0.9223 -0.0583 0.3820
vn -0.9808 -0.0000 0.1951
vn -0.9239 -0.0000 0.3827
vn -0.0000 0.4607 -0.8875
vn 0.1560 0.6006 -0.7842
vn 0.1732 0.4607 -0.8705
vn 0.9791 -0.0583 0.1948
vn 0.9239 -0.0000 0.3827
vn -0.3820 -0.0583 0.9223
vn -0.5556 -0.0000 0.8315
vn -0.8301 -0.0583 -0.5546
vn -0.7071 -0.0000 -0.7071
vn 0.8301 -0.0583 -0.5546
vn 0.9239 -0.0000 -0.3827
vn 0.3820 -0.0583 0.9223
vn 0.1951 -0.0000 0.9808
vn -0.9791 -0.0583 0.1948
vn -1.0000 -0.0000 -0.0000
vn -0.0000 -0.0583 -0.9983
vn 0.1951 -0.0000 -0.9808
vn 0.1948 -0.0583 -0.9791
vn 0.3827 -0.0000 -0.9239
vn 0.9223 -0.0583 0.3820
vn 0.8315 -0.0000 0.5556
vn -0.5546 -0.0583 0.8301
vn -0.7071 -0.0000 0.7071
vn -0.7059 -0.0583 -0.7059
vn -0.5556 -0.0000 -0.8315
vn 0.9223 -0.0583 -0.3820
vn 0.9808 -0.0000 -0.1951
vn 0.1948 -0.0583 0.9791
vn -0.0000 -0.0000 1.0000
vn -0.9983 -0.0583 -0.0000
vn -0.9808 -0.0000 -0.1951
vn 0.3820 -0.0583 -0.9223
vn 0.5556 -0.0000 -0.8315
vn 0.8301 -0.0583 0.5546
vn 0.7071 -0.0000 0.7071
vn -0.7059 -0.0583 0.7059
vn -0.8315 -0.0000 0.5556
vn -0.5546 -0.0583 -0.8301
vn -0.3827 -0.0000 -0.9239
vn 0.9791 -0.0583 -0.1948
vn -0.0000 -0.0583 0.9983
vn -0.9791 -0.0583 -0.1948
vn 0.5546 -0.0583 -0.8301
vn 0.7059 -0.0583 0.7059
vn -0.8301 -0.0583 0.5546
vn -0.3820 -0.0583 -0.9223
vn -0.8200 0.4607 0.3396
vn -0.7842 0.6006 0.1560
vn -0.8705 0.4607 0.1732
vn 0.7387 0.6006 0.3060
vn 0.8200 0.4607 0.3396
vn -0.7996 0.6006 -0.0000
vn -0.8875 0.4607 -0.0000
vn 0.6648 0.6006 0.4442
vn 0.7380 0.4607 0.4931
vn -0.8705 0.4607 -0.1732
vn -0.7842 0.6006 -0.1560
vn 0.5654 0.6006 0.5654
vn 0.6276 0.4607 0.6276
vn -0.8200 0.4607 -0.3396
vn -0.7387 0.6006 -0.3060
vn 0.4442 0.6006 0.6648
vn 0.4931 0.4607 0.7380
vn -0.6648 0.6006 -0.4442
vn -0.7380 0.4607 -0.4931
vn 0.3060 0.6006 0.7387
vn 0.3396 0.4607 0.8200
vn -0.5654 0.6006 -0.5654
vn -0.6276 0.4607 -0.6276
vn 0.1560 0.6006 0.7842
vn 0.1732 0.4607 0.8705
vn 0.3396 0.4607 -0.8200
vn 0.3060 0.6006 -0.7387
vn -0.4442 0.6006 -0.6648
vn -0.4931 0.4607 -0.7380
vn -0.0000 0.6006 0.7996
vn -0.0000 0.4607 0.8875
vn -0.1732 0.4607 -0.8705
vn -0.0000 0.6006 -0.7996
vn -0.3060 0.6006 -0.7387
vn -0.3396 0.4607 -0.8200
vn -0.1560 0.6006 0.7842
vn -0.1732 0.4607 0.8705
vn 0.4931 0.4607 -0.7380
vn 0.5654 0.6006 -0.5654
vn 0.6276 0.4607 -0.6276
vn -0.1560 0.6006 -0.7842
vn -0.3060 0.6006 0.7387
vn -0.3396 0.4607 0.8200
vn 0.6648 0.6006 -0.4442
vn 0.7380 0.4607 -0.4931
vn -0.0303 0.9969 0.0732
vn 0.0732 0.9969 0.0303
vn 0.0303 0.9969 -0.0732
vn -0.4442 0.6006 0.6648
vn -0.4931 0.4607 0.7380
vn 0.7387 0.6006 -0.3060
vn 0.8200 0.4607 -0.3396
vn 0.4442 0.6006 -0.6648
vn -0.5654 0.6006 0.5654
vn -0.6276 0.4607 0.6276
vn 0.7842 0.6006 -0.1560
vn 0.8705 0.4607 -0.1732
vn -0.6648 0.6006 0.4442
vn -0.7380 0.4607 0.4931
vn 0.7996 0.6006 -0.0000
vn -0.7387 0.6006 0.3060
vn 0.1910 -0.2040 -0.9602
vn -0.0000 -0.2040 -0.9790
vn 0.1818 -0.3624 -0.9141
vn -0.0000 -0.3624 -0.9320
vn 0.1677 -0.5112 -0.8430
vn 0.1515 -0.6302 -0.7615
vn 0.3746 -0.2040 -0.9044
vn 0.3567 -0.3624 -0.8611
vn 0.3289 -0.5112 -0.7940
vn 0.5439 -0.2040 -0.8140
vn 0.5178 -0.3624 -0.7749
vn 0.4775 -0.5112 -0.7146
vn 0.6922 -0.2040 -0.6922
vn 0.6590 -0.3624 -0.6590
vn 0.6077 -0.5112 -0.6077
vn 0.8140 -0.2040 -0.5439
vn 0.7749 -0.3624 -0.5178
vn 0.7146 -0.5112 -0.4775
vn 0.9044 -0.2040 -0.3746
vn 0.8611 -0.3624 -0.3567
vn 0.7940 -0.5112 -0.3289
vn 0.9602 -0.2040 -0.1910
vn 0.9141 -0.3624 -0.1818
vn 0.8430 -0.5112 -0.1677
vn 0.9790 -0.2040 -0.0000
vn 0.9320 -0.3624 -0.0000
vn 0.8595 -0.5112 -0.0000
vn 0.9602 -0.2040 0.1910
vn 0.9141 -0.3624 0.1818
vn 0.8430 -0.5112 0.1677
vn 0.9044 -0.2040 0.3746
vn 0.8611 -0.3624 0.3567
vn 0.7940 -0.5112 0.3289
vn 0.8140 -0.2040 0.5439
vn 0.7749 -0.3624 0.5178
vn 0.7146 -0.5112 0.4775
vn 0.6922 -0.2040 0.6922
vn 0.6590 -0.3624 0.6590
vn 0.6077 -0.5112 0.6077
vn 0.5439 -0.2040 0.8140
vn 0.5178 -0.3624 0.7749
vn 0.4775 -0.5112 0.7146
vn 0.3746 -0.2040 0.9044
vn 0.3567 -0.3624 0.8611
vn 0.3289 -0.5112 0.7940
vn 0.1910 -0.2040 0.9602
vn 0.1818 -0.3624 0.9141
vn 0.1677 -0.5112 0.8430
vn -0.0000 -0.2040 0.9790
vn -0.0000 -0.3624 0.9320
vn -0.0000 -0.5112 0.8595
vn -0.1910 -0.2040 0.9602
vn -0.1818 -0.3624 0.9141
vn -0.1677 -0.5112 0.8430
vn -0.3746 -0.2040 0.9044
vn -0.3567 -0.3624 0.8611
vn -0.3289 -0.5112 0.7940
vn -0.5439 -0.2040 0.8140
vn -0.5178 -0.3624 0.7749
vn -0.4775 -0.5112 0.7146
vn -0.6922 -0.2040 0.6922
vn -0.6590 -0.3624 0.6590
vn -0.6077 -0.5112 0.6077
vn -0.8140 -0.2040 0.5439
vn -0.7749 -0.3624 0.5178
vn -0.7146 -0.5112 0.4775
vn -0.9044 -0.2040 0.3746
vn -0.8611 -0.3624 0.3567
vn -0.7940 -0.5112 0.3289
vn -0.9602 -0.2040 0.1910
vn -0.9141 -0.3624 0.1818
vn -0.8430 -0.5112 0.1677
vn -0.9790 -0.2040 -0.0000
vn -0.9320 -0.3624 -0.0000
vn -0.8595 -0.5112 -0.0000
vn -0.9602 -0.2040 -0.1910
vn -0.9141 -0.3624 -0.1818
vn -0.8430 -0.5112 -0.1677
vn -0.9044 -0.2040 -0.3746
vn -0.8611 -0.3624 -0.3567
vn -0.7940 -0.5112 -0.3289
vn -0.8140 -0.2040 -0.5439
vn -0.7749 -0.3624 -0.5178
vn -0.7146 -0.5112 -0.4775
vn -0.6922 -0.2040 -0.6922
vn -0.6590 -0.3624 -0.6590
vn -0.6077 -0.5112 -0.6077
vn -0.5439 -0.2040 -0.8140
vn -0.5178 -0.3624 -0.7749
vn -0.4775 -0.5112 -0.7146
vn -0.3746 -0.2040 -0.9044
vn -0.3567 -0.3624 -0.8611
vn -0.3289 -0.5112 -0.7940
vn -0.1910 -0.2040 -0.9602
vn -0.1818 -0.3624 -0.9141
vn -0.1677 -0.5112 -0.8430
vn -0.0000 -0.5112 -0.8595
vn 0.1803 -0.3820 -0.9064
vn -0.0000 -0.3820 -0.9242
vn 0.1944 -0.0822 -0.9775
vn -0.0000 0.2255 -0.9742
vn 0.1901 0.2255 -0.9555
vn 0.3537 -0.3820 -0.8538
vn 0.3814 -0.0822 -0.9207
vn 0.3728 0.2255 -0.9001
vn 0.5134 -0.3820 -0.7684
vn 0.5537 -0.0822 -0.8287
vn 0.5413 0.2255 -0.8101
vn 0.6535 -0.3820 -0.6535
vn 0.7047 -0.0822 -0.7047
vn 0.6889 0.2255 -0.6889
vn 0.7684 -0.3820 -0.5134
vn 0.8287 -0.0822 -0.5537
vn 0.8101 0.2255 -0.5413
vn 0.8538 -0.3820 -0.3537
vn 0.9207 -0.0822 -0.3814
vn 0.9001 0.2255 -0.3728
vn 0.9064 -0.3820 -0.1803
vn 0.9775 -0.0822 -0.1944
vn 0.9555 0.2255 -0.1901
vn 0.9242 -0.3820 -0.0000
vn 0.9966 -0.0822 -0.0000
vn 0.9742 0.2255 -0.0000
vn 0.9064 -0.3820 0.1803
vn 0.9775 -0.0822 0.1944
vn 0.9555 0.2255 0.1901
vn 0.8538 -0.3820 0.3537
vn 0.9207 -0.0822 0.3814
vn 0.9001 0.2255 0.3728
vn 0.7684 -0.3820 0.5134
vn 0.8287 -0.0822 0.5537
vn 0.8101 0.2255 0.5413
vn 0.6535 -0.3820 0.6535
vn 0.7047 -0.0822 0.7047
vn 0.6889 0.2255 0.6889
vn 0.5134 -0.3820 0.7684
vn 0.5537 -0.0822 0.8287
vn 0.5413 0.2255 0.8101
vn 0.3537 -0.3820 0.8538
vn 0.3814 -0.0822 0.9207
vn 0.3728 0.2255 0.9001
vn 0.1803 -0.3820 0.9064
vn 0.1944 -0.0822 0.9775
vn 0.1901 0.2255 0.9555
vn -0.0000 -0.3820 0.9242
vn -0.0000 -0.0822 0.9966
vn -0.0000 0.2255 0.9742
vn -0.1803 -0.3820 0.9064
vn -0.1944 -0.0822 0.9775
vn -0.1901 0.2255 0.9555
vn -0.3537 -0.3820 0.8538
vn -0.3814 -0.0822 0.9207
vn -0.3728 0.2255 0.9001
vn -0.5134 -0.3820 0.7684
vn -0.5537 -0.0822 0.8287
vn -0.5413 0.2255 0.8101
vn -0.6535 -0.3820 0.6535
vn -0.7047 -0.0822 0.7047
vn -0.6889 0.2255 0.6889
vn -0.7684 -0.3820 0.5134
vn -0.8287 -0.0822 0.5537
vn -0.8101 0.2255 0.5413
vn -0.8538 -0.3820 0.3537
vn -0.9207 -0.0822 0.3814
vn -0.9001 0.2255 0.3728
vn -0.9064 -0.3820 0.1803
vn -0.9775 -0.0822 0.1944
vn -0.9555 0.2255 0.1901
vn -0.9242 -0.3820 -0.0000
vn -0.9966 -0.0822 -0.0000
vn -0.9742 0.2255 -0.0000
vn -0.9064 -0.3820 -0.1803
vn -0.9775 -0.0822 -0.1944
vn -0.9555 0.2255 -0.1901
vn -0.8538 -0.3820 -0.3537
vn -0.9207 -0.0822 -0.3814
vn -0.9001 0.2255 -0.3728
vn -0.7684 -0.3820 -0.5134
vn -0.8287 -0.0822 -0.5537
vn -0.8101 0.2255 -0.5413
vn -0.6535 -0.3820 -0.6535
vn -0.7047 -0.0822 -0.7047
vn -0.6889 0.2255 -0.6889
vn -0.5134 -0.3820 -0.7684
vn -0.5537 -0.0822 -0.8287
vn -0.5413 0.2255 -0.8101
vn -0.3537 -0.3820 -0.8538
vn -0.3814 -0.0822 -0.9207
vn -0.3728 0.2255 -0.9001
vn -0.1803 -0.3820 -0.9064
vn -0.1944 -0.0822 -0.9775
vn -0.1901 0.2255 -0.9555
vn -0.0000 -0.0822 -0.9966
vn -0.0000 0.7430 -0.6693
vn 0.1306 0.7430 -0.6564
vn -0.0000 0.8754 -0.4834
vn 0.0943 0.8754 -0.4741
vn -0.0000 0.9618 -0.2736
vn 0.0534 0.9618 -0.2684
vn -0.0000 0.9969 -0.0793
vn 0.0155 0.9969 -0.0778
vn 0.2561 0.7430 -0.6183
vn 0.1850 0.8754 -0.4466
vn 0.1047 0.9618 -0.2528
vn 0.3718 0.7430 -0.5565
vn 0.2685 0.8754 -0.4019
vn 0.1520 0.9618 -0.2275
vn 0.0440 0.9969 -0.0659
vn 0.4733 0.7430 -0.4733
vn 0.3418 0.8754 -0.3418
vn 0.1935 0.9618 -0.1935
vn 0.0561 0.9969 -0.0561
vn 0.5565 0.7430 -0.3718
vn 0.4019 0.8754 -0.2685
vn 0.2275 0.9618 -0.1520
vn 0.0659 0.9969 -0.0440
vn 0.6183 0.7430 -0.2561
vn 0.4466 0.8754 -0.1850
vn 0.2528 0.9618 -0.1047
vn 0.0732 0.9969 -0.0303
vn 0.6564 0.7430 -0.1306
vn 0.4741 0.8754 -0.0943
vn 0.2684 0.9618 -0.0534
vn 0.0777 0.9969 -0.0155
vn 0.6693 0.7430 -0.0000
vn 0.4834 0.8754 -0.0000
vn 0.2736 0.9618 -0.0000
vn 0.0793 0.9969 -0.0000
vn 0.6564 0.7430 0.1306
vn 0.4741 0.8754 0.0943
vn 0.2684 0.9618 0.0534
vn 0.0778 0.9969 0.0155
vn 0.6183 0.7430 0.2561
vn 0.4466 0.8754 0.1850
vn 0.2528 0.9618 0.1047
vn 0.5565 0.7430 0.3718
vn 0.4019 0.8754 0.2685
vn 0.2275 0.9618 0.1520
vn 0.0659 0.9969 0.0440
vn 0.4733 0.7430 0.4733
vn 0.3418 0.8754 0.3418
vn 0.1935 0.9618 0.1935
vn 0.0561 0.9969 0.0561
vn 0.3718 0.7430 0.5565
vn 0.2685 0.8754 0.4019
vn 0.1520 0.9618 0.2275
vn 0.0440 0.9969 0.0659
vn 0.2561 0.7430 0.6183
vn 0.1850 0.8754 0.4466
vn 0.1047 0.9618 0.2528
vn 0.0303 0.9969 0.0732
vn 0.1306 0.7430 0.6564
vn 0.0943 0.8754 0.4741
vn 0.0534 0.9618 0.2684
vn 0.0155 0.9969 0.0778
vn -0.0000 0.7430 0.6693
vn -0.0000 0.8754 0.4834
vn -0.0000 0.9618 0.2736
vn -0.0000 0.9969 0.0793
vn -0.1306 0.7430 0.6564
vn -0.0943 0.8754 0.4741
vn -0.0534 0.9618 0.2684
vn -0.0155 0.9969 0.0778
vn -0.2561 0.7430 0.6183
vn -0.1850 0.8754 0.4466
vn -0.1047 0.9618 0.2528
vn -0.3718 0.7430 0.5565
vn -0.2685 0.8754 0.4019
vn -0.1520 0.9618 0.2275
vn -0.0440 0.9969 0.0659
vn -0.4733 0.7430 0.4733
vn -0.3418 0.8754 0.3418
vn -0.1935 0.9618 0.1935
vn -0.0561 0.9969 0.0561
vn -0.5565 0.7430 0.3718
vn -0.4019 0.8754 0.2685
vn -0.2275 0.9618 0.1520
vn -0.0659 0.9969 0.0440
vn -0.6183 0.7430 0.2561
vn -0.4466 0.8754 0.1850
vn -0.2528 0.9618 0.1047
vn -0.0732 0.9969 0.0303
vn -0.6564 0.7430 0.1306
vn -0.4741 0.8754 0.0943
vn -0.2684 0.9618 0.0534
vn -0.0778 0.9969 0.0155
vn -0.6693 0.7430 -0.0000
vn -0.4834 0.8754 -0.0000
vn -0.2736 0.9618 -0.0000
vn -0.0793 0.9969 -0.0000
vn -0.6564 0.7430 -0.1306
vn -0.4741 0.8754 -0.0943
vn -0.2684 0.9618 -0.0534
vn -0.0777 0.9969 -0.0155
vn -0.6183 0.7430 -0.2561
vn -0.4466 0.8754 -0.1850
vn -0.2528 0.9618 -0.1047
vn -0.0732 0.9969 -0.0303
vn -0.5565 0.7430 -0.3718
vn -0.4019 0.8754 -0.2685
vn -0.2275 0.9618 -0.1520
vn -0.0659 0.9969 -0.0440
vn -0.4733 0.7430 -0.4733
vn -0.3418 0.8754 -0.3418
vn -0.1935 0.9618 -0.1935
vn -0.0561 0.9969 -0.0561
vn -0.3718 0.7430 -0.5565
vn -0.2685 0.8754 -0.4019
vn -0.1520 0.9618 -0.2275
vn -0.0440 0.9969 -0.0659
vn -0.2561 0.7430 -0.6183
vn -0.1850 0.8754 -0.4466
vn -0.1047 0.9618 -0.2528
vn -0.0303 0.9969 -0.0732
vn -0.1306 0.7430 -0.6564
vn -0.0943 0.8754 -0.4741
vn -0.0534 0.9618 -0.2684
vn -0.0155 0.9969 -0.0778
vt 0.031250 0.953648
vt 0.000000 0.500000
vt 0.031250 0.500000
vt 0.937500 1.000000
vt 0.968750 1.000000
vt 0.937500 1.000000
vt 0.906250 1.000000
vt 0.875000 1.000000
vt 0.843750 1.000000
vt 0.812500 1.000000
vt 0.781250 1.000000
vt 0.750000 1.000000
vt 0.718750 1.000000
vt 0.687500 1.000000
vt 0.656250 1.000000
vt 0.625000 1.000000
vt 0.593750 1.000000
vt 0.562500 1.000000
vt 0.531250 1.000000
vt 0.500000 1.000000
vt 0.468750 1.000000
vt 0.437500 1.000000
vt 0.437500 1.000000
vt 0.406250 1.000000
vt 0.375000 1.000000
vt 0.343750 1.000000
vt 0.312500 1.000000
vt 0.281250 1.000000
vt 0.250000 1.000000
vt 0.218750 1.000000
vt 0.187500 1.000000
vt 0.156250 1.000000
vt 0.125000 1.000000
vt 0.093750 1.000000
vt 0.062500 1.000000
vt 0.750000 0.953648
vt 0.718750 0.500000
vt 0.750000 0.500000
vt 0.031250 1.000000
vt 0.000000 1.000000
vt 0.796822 0.014612
vt 0.514612 0.203178
vt 0.703178 0.485388
vt 0.468750 0.953648
vt 0.437500 0.500000
vt 0.468750 0.500000
vt 0.187500 0.953648
vt 0.156250 0.500000
vt 0.187500 0.500000
vt 0.875000 0.953648
vt 0.843750 0.500000
vt 0.875000 0.500000
vt 0.593750 0.953648
vt 0.562500 0.500000
vt 0.593750 0.500000
vt 0.312500 0.953648
vt 0.281250 0.500000
vt 0.312500 0.500000
vt 1.000000 1.000000
vt 0.718750 0.953648
vt 0.687500 0.500000
vt 0.437500 0.953648
vt 0.406250 0.500000
vt 0.156250 0.953648
vt 0.125000 0.500000
vt 0.843750 0.953648
vt 0.812500 0.500000
vt 0.562500 0.953648
vt 0.531250 0.500000
vt 0.281250 0.953648
vt 0.250000 0.500000
vt 1.000000 0.953648
vt 0.968750 0.500000
vt 1.000000 0.500000
vt 0.968750 0.953648
vt 0.937500 0.500000
vt 0.687500 0.953648
vt 0.656250 0.500000
vt 0.406250 0.953648
vt 0.375000 0.500000
vt 0.125000 0.953648
vt 0.093750 0.500000
vt 0.812500 0.953648
vt 0.781250 0.500000
vt 0.531250 0.953648
vt 0.500000 0.500000
vt 0.250000 0.953648
vt 0.218750 0.500000
vt 0.937500 0.953648
vt 0.906250 0.500000
vt 0.656250 0.953648
vt 0.625000 0.500000
vt 0.375000 0.953648
vt 0.343750 0.500000
vt 0.093750 0.953648
vt 0.062500 0.500000
vt 0.781250 0.953648
vt 0.500000 0.953648
vt 0.218750 0.953648
vt 0.906250 0.953648
vt 0.625000 0.953648
vt 0.343750 0.953648
vt 0.062500 0.953648
vt 0.312500 1.000000
vt 0.718750 1.000000
vt 0.656250 1.000000
vt 0.625000 1.000000
vt 0.937500 1.000000
vt 0.843750 1.000000
vt 0.175152 0.069302
vt 0.430698 0.175152
vt 0.324847 0.430698
vt 0.406250 1.000000
vt 0.812500 1.000000
vt 0.906250 1.000000
vt 0.375000 1.000000
vt 0.968750 0.974004
vt 1.000149 0.974004
vt 0.937500 0.974004
vt 0.906250 0.974004
vt 0.875000 0.974004
vt 0.875000 0.953648
vt 0.875000 1.000000
vt 0.843750 0.974004
vt 0.843750 0.953648
vt 0.812500 0.974004
vt 0.781250 0.974004
vt 0.750000 0.974004
vt 0.718750 0.974004
vt 0.718750 1.000000
vt 0.687500 0.974004
vt 0.687500 1.000000
vt 0.656250 0.974004
vt 0.625000 0.974004
vt 0.625000 1.000000
vt 0.593750 0.974004
vt 0.562500 0.974004
vt 0.531250 0.974004
vt 0.500000 0.974004
vt 0.468750 0.974004
vt 0.437500 0.974004
vt 0.406250 0.974004
vt 0.375000 0.974004
vt 0.375000 1.000000
vt 0.343750 0.974004
vt 0.312500 0.974004
vt 0.281250 0.974004
vt 0.281250 1.000000
vt 0.250000 0.974004
vt 0.250000 1.000000
vt 0.218750 0.974004
vt 0.187500 0.974004
vt 0.156250 0.974004
vt 0.125000 0.974004
vt 0.125000 1.000000
vt 0.093750 0.974004
vt 0.093750 1.000000
vt 0.062500 0.974004
vt 0.031250 0.974004
vt -0.000149 0.974004
vt 0.000000 0.953648
vt -0.000100 1.000000
vt 0.999893 1.000000
vt 0.999881 1.000000
vt 0.781250 1.000000
vt 0.343750 1.000000
vt 0.343750 1.000000
vt 0.187500 1.000000
vt 0.093750 1.000000
vt 0.093750 1.000000
vt 0.062500 1.000000
vt 0.031250 1.000000
vt 0.000107 1.000000
vt 0.000641 1.000000
vt 0.000119 1.000000
vt 0.999856 1.000000
vt 0.968894 1.000000
vt 0.999610 1.000000
vt 0.969140 1.000000
vt 0.296237 0.485446
vt 0.250000 0.464406
vt 0.291829 0.460286
vt 0.250000 0.445586
vt 0.288157 0.441828
vt 0.937644 1.000000
vt 0.968606 1.000000
vt 0.937890 1.000000
vt 0.297384 0.485218
vt 0.332050 0.448085
vt 0.341282 0.471902
vt 0.906394 1.000000
vt 0.937356 1.000000
vt 0.906640 1.000000
vt 0.342362 0.471454
vt 0.369118 0.428272
vt 0.382819 0.449830
vt 0.358662 0.412624
vt 0.875144 1.000000
vt 0.906106 1.000000
vt 0.875390 1.000000
vt 0.383791 0.449180
vt 0.401608 0.401608
vt 0.419252 0.420078
vt 0.388300 0.388300
vt 0.874856 1.000000
vt 0.843894 1.000000
vt 0.844140 1.000000
vt 0.449180 0.383791
vt 0.428272 0.369117
vt 0.412624 0.358662
vt 0.843606 1.000000
vt 0.812644 1.000000
vt 0.812890 1.000000
vt 0.471454 0.342362
vt 0.448085 0.332050
vt 0.430698 0.324848
vt 0.812356 1.000000
vt 0.781394 1.000000
vt 0.812110 1.000000
vt 0.781640 1.000000
vt 0.485218 0.297384
vt 0.460286 0.291828
vt 0.441828 0.288157
vt 0.781106 1.000000
vt 0.750144 1.000000
vt 0.750390 1.000000
vt 0.489942 0.250585
vt 0.464406 0.250000
vt 0.445586 0.250000
vt 0.749856 1.000000
vt 0.718894 1.000000
vt 0.719140 1.000000
vt 0.485446 0.203763
vt 0.460286 0.208172
vt 0.441828 0.211843
vt 0.687644 1.000000
vt 0.718606 1.000000
vt 0.687890 1.000000
vt 0.485218 0.202616
vt 0.448085 0.167950
vt 0.471902 0.158718
vt 0.656394 1.000000
vt 0.687356 1.000000
vt 0.656640 1.000000
vt 0.471454 0.157638
vt 0.428272 0.130882
vt 0.449830 0.117181
vt 0.412624 0.141338
vt 0.625144 1.000000
vt 0.656106 1.000000
vt 0.625390 1.000000
vt 0.449180 0.116209
vt 0.401608 0.098392
vt 0.420078 0.080748
vt 0.388300 0.111700
vt 0.624856 1.000000
vt 0.593894 1.000000
vt 0.594140 1.000000
vt 0.383791 0.050820
vt 0.369118 0.071728
vt 0.358662 0.087376
vt 0.562644 1.000000
vt 0.593606 1.000000
vt 0.562890 1.000000
vt 0.342362 0.028546
vt 0.332050 0.051915
vt 0.324848 0.069302
vt 0.531394 1.000000
vt 0.562356 1.000000
vt 0.531640 1.000000
vt 0.341282 0.028098
vt 0.291829 0.039714
vt 0.297384 0.014782
vt 0.288157 0.058172
vt 0.500144 1.000000
vt 0.531106 1.000000
vt 0.500390 1.000000
vt 0.296237 0.014554
vt 0.250000 0.035594
vt 0.250585 0.010058
vt 0.250000 0.054414
vt 0.499856 1.000000
vt 0.468894 1.000000
vt 0.499610 1.000000
vt 0.469140 1.000000
vt 0.249415 0.010058
vt 0.208172 0.039714
vt 0.203763 0.014554
vt 0.211843 0.058172
vt 0.437644 1.000000
vt 0.468606 1.000000
vt 0.437890 1.000000
vt 0.202616 0.014782
vt 0.167950 0.051915
vt 0.158718 0.028098
vt 0.406394 1.000000
vt 0.437356 1.000000
vt 0.406640 1.000000
vt 0.157638 0.028546
vt 0.130882 0.071728
vt 0.117181 0.050170
vt 0.141338 0.087376
vt 0.375144 1.000000
vt 0.406106 1.000000
vt 0.375390 1.000000
vt 0.116209 0.050820
vt 0.098392 0.098392
vt 0.080748 0.079922
vt 0.111700 0.111700
vt 0.374856 1.000000
vt 0.343894 1.000000
vt 0.344140 1.000000
vt 0.050820 0.116209
vt 0.071728 0.130882
vt 0.087376 0.141338
vt 0.312644 1.000000
vt 0.343606 1.000000
vt 0.312890 1.000000
vt 0.028546 0.157638
vt 0.051915 0.167950
vt 0.069302 0.175152
vt 0.281394 1.000000
vt 0.312356 1.000000
vt 0.281640 1.000000
vt 0.014782 0.202616
vt 0.039714 0.208172
vt 0.058172 0.211843
vt 0.250144 1.000000
vt 0.281106 1.000000
vt 0.250390 1.000000
vt 0.014554 0.203763
vt 0.035594 0.250000
vt 0.010058 0.249415
vt 0.054414 0.250000
vt 0.218894 1.000000
vt 0.249856 1.000000
vt 0.219140 1.000000
vt 0.010058 0.250585
vt 0.039714 0.291828
vt 0.014554 0.296237
vt 0.058172 0.288157
vt 0.187644 1.000000
vt 0.218606 1.000000
vt 0.187890 1.000000
vt 0.014782 0.297384
vt 0.051915 0.332050
vt 0.028098 0.341282
vt 0.069302 0.324848
vt 0.156394 1.000000
vt 0.187356 1.000000
vt 0.156640 1.000000
vt 0.028546 0.342362
vt 0.071728 0.369118
vt 0.050170 0.382819
vt 0.087376 0.358662
vt 0.125144 1.000000
vt 0.156106 1.000000
vt 0.125390 1.000000
vt 0.050820 0.383791
vt 0.098392 0.401608
vt 0.079922 0.419252
vt 0.111700 0.388300
vt 0.124856 1.000000
vt 0.093894 1.000000
vt 0.094140 1.000000
vt 0.116209 0.449180
vt 0.130882 0.428272
vt 0.141338 0.412624
vt 0.062644 1.000000
vt 0.093606 1.000000
vt 0.062890 1.000000
vt 0.157638 0.471454
vt 0.167950 0.448085
vt 0.175152 0.430698
vt 0.062356 1.000000
vt 0.031394 1.000000
vt 0.031640 1.000000
vt 0.202616 0.485218
vt 0.208172 0.460286
vt 0.211843 0.441828
vt 0.000144 1.000000
vt 0.031106 1.000000
vt 0.000390 1.000000
vt 0.249415 0.489942
vt 0.750000 0.490000
vt 0.796822 0.485388
vt 0.841844 0.471731
vt 0.883337 0.449553
vt 0.919706 0.419706
vt 0.949553 0.383337
vt 0.971731 0.341844
vt 0.985388 0.296822
vt 0.990000 0.250000
vt 0.985388 0.203178
vt 0.971731 0.158156
vt 0.949553 0.116663
vt 0.919706 0.080294
vt 0.883337 0.050447
vt 0.841844 0.028269
vt 0.750000 0.010000
vt 0.703178 0.014612
vt 0.658156 0.028269
vt 0.616663 0.050447
vt 0.580294 0.080294
vt 0.550447 0.116663
vt 0.528269 0.158156
vt 0.510000 0.250000
vt 0.514612 0.296822
vt 0.528269 0.341844
vt 0.550447 0.383337
vt 0.580294 0.419706
vt 0.616663 0.449553
vt 0.658156 0.471731
vt 1.000099 1.000000
vt 0.999359 1.000000
vt 0.250585 0.489942
vt 0.968360 1.000000
vt 0.937110 1.000000
vt 0.905860 1.000000
vt 0.874610 1.000000
vt 0.420078 0.419252
vt 0.843360 1.000000
vt 0.449830 0.382819
vt 0.471902 0.341282
vt 0.780860 1.000000
vt 0.485446 0.296237
vt 0.749610 1.000000
vt 0.489942 0.249415
vt 0.718360 1.000000
vt 0.687110 1.000000
vt 0.655860 1.000000
vt 0.624610 1.000000
vt 0.419252 0.079922
vt 0.593360 1.000000
vt 0.382819 0.050170
vt 0.562110 1.000000
vt 0.530860 1.000000
vt 0.468360 1.000000
vt 0.437110 1.000000
vt 0.405860 1.000000
vt 0.374610 1.000000
vt 0.079922 0.080748
vt 0.343360 1.000000
vt 0.050170 0.117181
vt 0.312110 1.000000
vt 0.028098 0.158718
vt 0.280860 1.000000
vt 0.249610 1.000000
vt 0.218360 1.000000
vt 0.187110 1.000000
vt 0.155860 1.000000
vt 0.124610 1.000000
vt 0.080748 0.420078
vt 0.093360 1.000000
vt 0.117181 0.449830
vt 0.062110 1.000000
vt 0.158718 0.471902
vt 0.030860 1.000000
vt 0.203763 0.485446
s 1
f 1991/1871/812 1803/1872/813 1834/1873/814
f 1845/1874/815 1996/1875/816 2006/1876/817
f 1850/1877/818 2006/1874/817 2011/1877/819
f 1850/1877/818 2016/1878/820 1855/1878/821
f 1860/1879/822 2016/1878/820 2021/1879/823
f 1860/1879/822 2026/1880/824 1865/1880/825
f 1865/1880/825 2031/1881/826 1870/1881/827
f 1875/1882/828 2031/1881/826 2036/1882/829
f 1875/1882/828 2041/1883/830 1880/1883/831
f 1880/1883/831 2046/1884/832 1885/1884/833
f 1890/1885/834 2046/1884/832 2051/1885/835
f 1890/1885/834 2056/1886/836 1895/1886/837
f 1900/1887/838 2056/1886/836 2061/1887/839
f 1900/1887/838 2066/1888/840 1905/1888/841
f 1905/1888/841 2071/1889/842 1910/1889/843
f 1910/1889/843 2076/1890/844 1915/1890/845
f 1915/1890/845 2081/1891/846 1920/1891/847
f 1920/1891/847 2086/1892/848 1925/1893/849
f 1930/1894/850 2086/1893/848 2091/1894/851
f 1930/1894/850 2096/1895/852 1935/1895/853
f 1940/1896/854 2096/1895/852 2101/1896/855
f 1940/1896/854 2106/1897/856 1945/1897/857
f 1945/1897/857 2111/1898/858 1950/1898/859
f 1950/1898/859 2116/1899/860 1955/1899/861
f 1955/1899/861 2121/1900/862 1960/1900/863
f 1960/1900/863 2126/1901/864 1965/1901/865
f 1970/1902/866 2126/1901/864 2131/1902/867
f 1970/1902/866 2136/1903/868 1975/1903/869
f 1980/1904/870 2136/1903/868 2141/1904/871
f 1980/1904/870 2146/1905/872 1985/1905/873
f 1876/1906/874 1812/1907/875 1811/1908/876
f 1985/1905/873 2151/1909/877 1990/1909/878
f 1836/1910/879 2151/1909/877 2000/1910/880
f 1818/1911/881 1826/1912/881 1834/1913/881
f 2035/1882/882 2201/1883/883 2040/1883/884
f 1921/1914/885 1821/1915/886 1820/1916/887
f 1966/1917/888 1830/1918/889 1829/1919/890
f 1856/1920/891 1808/1921/892 1807/1922/893
f 1901/1923/894 1817/1924/895 1816/1925/896
f 1946/1926/897 1826/1927/898 1825/1928/899
f 2001/1929/900 2156/1875/901 1995/1875/902
f 1881/1930/903 1813/1931/904 1812/1907/875
f 1926/1932/905 1822/1933/906 1821/1915/886
f 1971/1934/907 1831/1935/908 1830/1918/889
f 1861/1936/909 1809/1937/910 1808/1921/892
f 1906/1938/911 1818/1939/912 1817/1924/895
f 1951/1940/913 1827/1941/914 1826/1927/898
f 1835/1942/915 1804/1943/916 1803/1944/813
f 1841/1945/917 1805/1946/918 1804/1943/916
f 1886/1947/919 1814/1948/920 1813/1931/904
f 1931/1949/921 1823/1950/922 1822/1933/906
f 1976/1951/923 1832/1952/924 1831/1935/908
f 1866/1953/925 1810/1954/926 1809/1937/910
f 1911/1955/927 1819/1956/928 1818/1939/912
f 1956/1957/929 1828/1958/930 1827/1941/914
f 1846/1959/931 1806/1960/932 1805/1946/918
f 1891/1961/933 1815/1962/934 1814/1948/920
f 1936/1963/935 1824/1964/936 1823/1950/922
f 1981/1965/937 1833/1966/938 1832/1952/924
f 1871/1967/939 1811/1908/876 1810/1954/926
f 1916/1968/940 1820/1916/887 1819/1956/928
f 1961/1969/941 1829/1919/890 1828/1958/930
f 1851/1970/942 1807/1922/893 1806/1960/932
f 1896/1971/943 1816/1925/896 1815/1962/934
f 1941/1972/944 1825/1928/899 1824/1964/936
f 1986/1973/945 1834/1873/814 1833/1966/938
f 2105/1974/946 2271/1898/947 2110/1898/948
f 2040/1975/884 2206/1884/949 2045/1884/950
f 2110/1898/948 2276/1899/951 2115/1899/952
f 2045/1884/950 2211/1976/953 2050/1885/954
f 2120/1900/955 2276/1899/951 2281/1900/956
f 2050/1885/954 2216/1886/957 2055/1886/958
f 2125/1901/959 2281/1900/956 2286/1901/960
f 2055/1977/958 2221/1887/961 2060/1887/962
f 2125/1901/959 2291/1902/963 2130/1902/964
f 2060/1887/962 2226/1888/965 2065/1888/966
f 2130/1902/964 2296/1903/967 2135/1903/968
f 2065/1888/966 2231/1889/969 2070/1889/970
f 2005/1874/971 2156/1875/901 2166/1978/972
f 2135/1903/968 2301/1904/973 2140/1904/974
f 2070/1889/970 2236/1890/975 2075/1890/976
f 2150/1909/977 2160/1910/978 2001/1910/900
f 2140/1904/974 2306/1905/979 2145/1905/980
f 2075/1890/976 2241/1891/981 2080/1891/982
f 2010/1877/983 2176/1878/984 2015/1878/985
f 2145/1905/980 2311/1909/986 2150/1909/977
f 2080/1891/982 2246/1893/987 2085/1893/988
f 2015/1878/985 2181/1979/989 2020/1879/990
f 2245/1980/991 2205/1981/992 2165/1982/993
f 2085/1893/988 2251/1983/994 2090/1894/995
f 2020/1879/990 2186/1984/996 2025/1880/997
f 2005/1874/971 2171/1985/998 2010/1877/983
f 2090/1894/995 2256/1986/999 2095/1895/1000
f 2025/1880/997 2191/1881/1001 2030/1881/1002
f 2095/1895/1000 2261/1896/1003 2100/1896/1004
f 2030/1881/1002 2196/1882/1005 2035/1882/882
f 2100/1896/1004 2266/1897/1006 2105/1897/946
f 1835/1942/915 1844/1987/1007 1841/1945/917
f 1837/1988/1008 1843/1875/1009 1844/1987/1007
f 1838/1929/1010 1842/1875/1011 1843/1875/1009
f 1842/1875/1011 1836/1929/879 1840/1875/1012
f 1841/1945/917 1849/1989/1013 1846/1959/931
f 1849/1989/1013 1843/1875/1009 1848/1874/1014
f 1848/1874/1014 1842/1875/1011 1847/1874/1015
f 1842/1875/1011 1845/1874/815 1847/1874/1015
f 1846/1959/931 1854/1990/1016 1851/1970/942
f 1849/1989/1013 1853/1877/1017 1854/1990/1016
f 1853/1877/1017 1847/1874/1015 1852/1877/1018
f 1852/1877/1018 1845/1874/815 1850/1877/818
f 1851/1970/942 1859/1991/1019 1856/1992/891
f 1854/1990/1016 1858/1878/1020 1859/1991/1019
f 1858/1878/1020 1852/1877/1018 1857/1993/1021
f 1852/1877/1018 1855/1878/821 1857/1993/1021
f 1856/1920/891 1864/1994/1022 1861/1995/909
f 1859/1991/1019 1863/1879/1023 1864/1994/1022
f 1858/1878/1020 1862/1879/1024 1863/1879/1023
f 1857/1993/1021 1860/1879/822 1862/1879/1024
f 1861/1936/909 1869/1996/1025 1866/1953/925
f 1864/1994/1022 1868/1880/1026 1869/1996/1025
f 1863/1879/1023 1867/1984/1027 1868/1880/1026
f 1862/1879/1024 1865/1880/825 1867/1984/1027
f 1866/1953/925 1874/1997/1028 1871/1967/939
f 1874/1997/1028 1868/1880/1026 1873/1881/1029
f 1868/1880/1026 1872/1881/1030 1873/1881/1029
f 1867/1984/1027 1870/1881/827 1872/1881/1030
f 1871/1967/939 1879/1998/1031 1876/1906/874
f 1879/1998/1031 1873/1881/1029 1878/1882/1032
f 1878/1882/1032 1872/1881/1030 1877/1882/1033
f 1872/1881/1030 1875/1882/828 1877/1882/1033
f 1876/1906/874 1884/1999/1034 1881/1930/903
f 1879/1998/1031 1883/1883/1035 1884/1999/1034
f 1878/1882/1032 1882/2000/1036 1883/1883/1035
f 1882/2000/1036 1875/1882/828 1880/1883/831
f 1881/1930/903 1889/2001/1037 1886/1947/919
f 1889/2001/1037 1883/1883/1035 1888/1884/1038
f 1888/1884/1038 1882/2000/1036 1887/2002/1039
f 1882/2000/1036 1885/1884/833 1887/2002/1039
f 1886/1947/919 1894/2003/1040 1891/1961/933
f 1889/2001/1037 1893/1885/1041 1894/2003/1040
f 1893/1885/1041 1887/2002/1039 1892/1885/1042
f 1892/1885/1042 1885/1884/833 1890/1885/834
f 1891/1961/933 1899/2004/1043 1896/1971/943
f 1894/2003/1040 1898/1886/1044 1899/2004/1043
f 1898/1886/1044 1892/1885/1042 1897/2005/1045
f 1892/1885/1042 1895/1886/837 1897/2005/1045
f 1896/1971/943 1904/2006/1046 1901/1923/894
f 1899/2004/1043 1903/1887/1047 1904/2006/1046
f 1898/1886/1044 1902/1887/1048 1903/1887/1047
f 1897/2005/1045 1900/1887/838 1902/1887/1048
f 1901/1923/894 1909/2007/1049 1906/1938/911
f 1904/2006/1046 1908/1888/1050 1909/2007/1049
f 1903/1887/1047 1907/1888/1051 1908/1888/1050
f 1902/1887/1048 1905/1888/841 1907/1888/1051
f 1906/1938/911 1914/2008/1052 1911/1955/927
f 1914/2008/1052 1908/1888/1050 1913/1889/1053
f 1908/1888/1050 1912/1889/1054 1913/1889/1053
f 1907/1888/1051 1910/1889/843 1912/1889/1054
f 1911/1955/927 1919/2009/1055 1916/1968/940
f 1919/2009/1055 1913/1889/1053 1918/1890/1056
f 1918/1890/1056 1912/1889/1054 1917/1890/1057
f 1912/1889/1054 1915/1890/845 1917/1890/1057
f 1916/1968/940 1924/2010/1058 1921/1914/885
f 1919/2009/1055 1923/1891/1059 1924/2010/1058
f 1918/1890/1056 1922/1891/1060 1923/1891/1059
f 1917/1890/1057 1920/1891/847 1922/1891/1060
f 1921/1914/885 1929/2011/1061 1926/1932/905
f 1929/2011/1061 1923/1891/1059 1928/1893/1062
f 1928/1893/1062 1922/1891/1060 1927/1893/1063
f 1922/1891/1060 1925/1893/849 1927/1893/1063
f 1926/1932/905 1934/2012/1064 1931/1949/921
f 1929/2011/1061 1933/1894/1065 1934/2012/1064
f 1933/1894/1065 1927/1893/1063 1932/1894/1066
f 1932/1894/1066 1925/1893/849 1930/1894/850
f 1931/1949/921 1939/2013/1067 1936/1963/935
f 1934/2012/1064 1938/1895/1068 1939/2013/1067
f 1938/1895/1068 1932/1894/1066 1937/2014/1069
f 1932/1894/1066 1935/1895/853 1937/2014/1069
f 1936/1963/935 1944/2015/1070 1941/1972/944
f 1939/2013/1067 1943/1896/1071 1944/2015/1070
f 1938/1895/1068 1942/1896/1072 1943/1896/1071
f 1937/2014/1069 1940/1896/854 1942/1896/1072
f 1941/1972/944 1949/2016/1073 1946/1926/897
f 1944/2015/1070 1948/1897/1074 1949/2016/1073
f 1943/1896/1071 1947/1897/1075 1948/1897/1074
f 1942/1896/1072 1945/1897/857 1947/1897/1075
f 1946/1926/897 1954/2017/1076 1951/1940/913
f 1954/2017/1076 1948/1897/1074 1953/1898/1077
f 1948/1897/1074 1952/2018/1078 1953/1898/1077
f 1947/1897/1075 1950/1898/859 1952/2018/1078
f 1951/1940/913 1959/2019/1079 1956/1957/929
f 1959/2019/1079 1953/1898/1077 1958/1899/1080
f 1958/1899/1080 1952/2018/1078 1957/2020/1081
f 1952/2018/1078 1955/1899/861 1957/2020/1081
f 1956/1957/929 1964/2021/1082 1961/1969/941
f 1959/2019/1079 1963/1900/1083 1964/2021/1082
f 1958/1899/1080 1962/1900/1084 1963/1900/1083
f 1962/1900/1084 1955/1899/861 1960/1900/863
f 1961/1969/941 1969/2022/1085 1966/1917/888
f 1969/2022/1085 1963/1900/1083 1968/1901/1086
f 1968/1901/1086 1962/1900/1084 1967/1901/1087
f 1962/1900/1084 1965/1901/865 1967/1901/1087
f 1966/1917/888 1974/2023/1088 1971/1934/907
f 1969/2022/1085 1973/1902/1089 1974/2023/1088
f 1973/1902/1089 1967/1901/1087 1972/1902/1090
f 1972/1902/1090 1965/1901/865 1970/1902/866
f 1971/1934/907 1979/2024/1091 1976/1951/923
f 1974/2023/1088 1978/1903/1092 1979/2024/1091
f 1978/1903/1092 1972/1902/1090 1977/2025/1093
f 1972/1902/1090 1975/1903/869 1977/2025/1093
f 1976/1951/923 1984/2026/1094 1981/1965/937
f 1979/2024/1091 1983/1904/1095 1984/2026/1094
f 1978/1903/1092 1982/2027/1096 1983/1904/1095
f 1977/2025/1093 1980/1904/870 1982/2027/1096
f 1981/1965/937 1989/2028/1097 1986/1973/945
f 1984/2026/1094 1988/1905/1098 1989/2028/1097
f 1983/1904/1095 1987/1905/1099 1988/1905/1098
f 1982/2027/1096 1985/1905/873 1987/1905/1099
f 1986/1973/945 1994/2029/1100 1991/1871/812
f 1994/2029/1100 1988/1905/1098 1993/1909/1101
f 1988/1905/1098 1992/1909/1102 1993/1909/1101
f 1987/1905/1099 1990/1909/878 1992/1909/1102
f 1991/1871/812 1837/2030/1008 1835/2031/915
f 1837/2030/1008 1993/1909/1101 1838/1910/1010
f 1838/1910/1010 1992/1909/1102 1839/2032/1103
f 1992/1909/1102 1836/1910/879 1839/2032/1103
f 2000/1929/880 1999/1875/1104 1996/1875/816
f 2002/2033/1105 1998/1875/1106 1999/1875/1104
f 1998/1875/1106 2004/2034/1107 1997/1875/1108
f 1997/1875/1108 2001/1929/900 1995/1875/902
f 1996/1875/816 2009/1978/1109 2006/1876/817
f 1999/1875/1104 2008/1874/1110 2009/1978/1109
f 1998/1875/1106 2007/1874/1111 2008/1874/1110
f 2007/1874/1111 1995/1875/902 2005/1874/971
f 2006/1874/817 2014/1877/1112 2011/1877/819
f 2009/1978/1109 2013/1877/1113 2014/1877/1112
f 2008/1874/1110 2012/1877/1114 2013/1877/1113
f 2012/1877/1114 2005/1874/971 2010/1877/983
f 2016/1878/820 2014/1877/1112 2019/1878/1115
f 2014/1877/1112 2018/1878/1116 2019/1878/1115
f 2018/1878/1116 2012/1877/1114 2017/1878/1117
f 2012/1877/1114 2015/1878/985 2017/1878/1117
f 2016/1878/820 2024/1979/1118 2021/1879/823
f 2019/1878/1115 2023/1879/1119 2024/1979/1118
f 2023/1879/1119 2017/1878/1117 2022/1879/1120
f 2022/1879/1120 2015/1878/985 2020/1879/990
f 2021/1879/823 2029/1880/1121 2026/1880/824
f 2029/1880/1121 2023/1879/1119 2028/1880/1122
f 2023/1879/1119 2027/1880/1123 2028/1880/1122
f 2022/1879/1120 2025/1880/997 2027/1880/1123
f 2031/1881/826 2029/1880/1121 2034/1881/1124
f 2029/1880/1121 2033/1881/1125 2034/1881/1124
f 2028/1880/1122 2032/2035/1126 2033/1881/1125
f 2027/1880/1123 2030/1881/1002 2032/2035/1126
f 2031/1881/826 2039/1882/1127 2036/1882/829
f 2034/1881/1124 2038/1882/1128 2039/1882/1127
f 2033/1881/1125 2037/1882/1129 2038/1882/1128
f 2032/2035/1126 2035/1882/882 2037/1882/1129
f 2036/1882/829 2044/1883/1130 2041/1883/830
f 2044/1883/1130 2038/1882/1128 2043/1883/1131
f 2038/1882/1128 2042/1883/1132 2043/1883/1131
f 2042/1883/1132 2035/1882/882 2040/1883/884
f 2041/1883/830 2049/1884/1133 2046/1884/832
f 2049/1884/1133 2043/1883/1131 2048/1884/1134
f 2043/1883/1131 2047/1884/1135 2048/1884/1134
f 2042/1883/1132 2045/1884/950 2047/1884/1135
f 2046/1884/832 2054/1885/1136 2051/1885/835
f 2054/1885/1136 2048/1884/1134 2053/1885/1137
f 2048/1884/1134 2052/1885/1138 2053/1885/1137
f 2052/1885/1138 2045/1884/950 2050/1885/954
f 2051/1885/835 2059/1977/1139 2056/1886/836
f 2054/1885/1136 2058/1886/1140 2059/1977/1139
f 2053/1885/1137 2057/1886/1141 2058/1886/1140
f 2052/1885/1138 2055/1886/958 2057/1886/1141
f 2056/1886/836 2064/1887/1142 2061/1887/839
f 2059/1977/1139 2063/1887/1143 2064/1887/1142
f 2063/1887/1143 2057/1886/1141 2062/1887/1144
f 2062/1887/1144 2055/1977/958 2060/1887/962
f 2061/1887/839 2069/1888/1145 2066/1888/840
f 2064/1887/1142 2068/1888/1146 2069/1888/1145
f 2063/1887/1143 2067/1888/1147 2068/1888/1146
f 2062/1887/1144 2065/1888/966 2067/1888/1147
f 2071/1889/842 2069/1888/1145 2074/1889/1148
f 2069/1888/1145 2073/1889/1149 2074/1889/1148
f 2073/1889/1149 2067/1888/1147 2072/1889/1150
f 2067/1888/1147 2070/1889/970 2072/1889/1150
f 2071/1889/842 2079/1890/1151 2076/1890/844
f 2074/1889/1148 2078/1890/1152 2079/1890/1151
f 2073/1889/1149 2077/1890/1153 2078/1890/1152
f 2072/1889/1150 2075/1890/976 2077/1890/1153
f 2076/1890/844 2084/1891/1154 2081/1891/846
f 2079/1890/1151 2083/1891/1155 2084/1891/1154
f 2078/1890/1152 2082/1891/1156 2083/1891/1155
f 2082/1891/1156 2075/1890/976 2080/1891/982
f 2081/1891/846 2089/1893/1157 2086/1892/848
f 2089/1893/1157 2083/1891/1155 2088/1893/1158
f 2083/1891/1155 2087/1893/1159 2088/1893/1158
f 2082/1891/1156 2085/1893/988 2087/1893/1159
f 2086/1893/848 2094/1894/1160 2091/1894/851
f 2094/1894/1160 2088/1893/1158 2093/1894/1161
f 2088/1893/1158 2092/1894/1162 2093/1894/1161
f 2092/1894/1162 2085/1893/988 2090/1894/995
f 2091/1894/851 2099/1895/1163 2096/1895/852
f 2094/1894/1160 2098/1895/1164 2099/1895/1163
f 2093/1894/1161 2097/1986/1165 2098/1895/1164
f 2092/1894/1162 2095/1895/1000 2097/1986/1165
f 2096/1895/852 2104/2036/1166 2101/1896/855
f 2099/1895/1163 2103/1896/1167 2104/2036/1166
f 2103/1896/1167 2097/1986/1165 2102/2037/1168
f 2102/2037/1168 2095/1895/1000 2100/1896/1004
f 2101/1896/855 2109/1897/1169 2106/1897/856
f 2104/2036/1166 2108/1897/1170 2109/1897/1169
f 2103/1896/1167 2107/1897/1171 2108/1897/1170
f 2102/2037/1168 2105/1897/946 2107/1897/1171
f 2111/1898/858 2109/1897/1169 2114/1898/1172
f 2109/1897/1169 2113/1898/1173 2114/1898/1172
f 2108/1897/1170 2112/1898/1174 2113/1898/1173
f 2112/1898/1174 2105/1974/946 2110/1898/948
f 2111/1898/858 2119/1899/1175 2116/1899/860
f 2114/1898/1172 2118/1899/1176 2119/1899/1175
f 2113/1898/1173 2117/1899/1177 2118/1899/1176
f 2112/1898/1174 2115/1899/952 2117/1899/1177
f 2116/1899/860 2124/1900/1178 2121/1900/862
f 2119/1899/1175 2123/1900/1179 2124/1900/1178
f 2118/1899/1176 2122/1900/1180 2123/1900/1179
f 2117/1899/1177 2120/1900/955 2122/1900/1180
f 2121/1900/862 2129/2038/1181 2126/1901/864
f 2129/2038/1181 2123/1900/1179 2128/1901/1182
f 2123/1900/1179 2127/1901/1183 2128/1901/1182
f 2127/1901/1183 2120/1900/955 2125/1901/959
f 2126/1901/864 2134/1902/1184 2131/1902/867
f 2134/1902/1184 2128/1901/1182 2133/1902/1185
f 2128/1901/1182 2132/1902/1186 2133/1902/1185
f 2132/1902/1186 2125/1901/959 2130/1902/964
f 2131/1902/867 2139/1903/1187 2136/1903/868
f 2134/1902/1184 2138/1903/1188 2139/1903/1187
f 2133/1902/1185 2137/1903/1189 2138/1903/1188
f 2132/1902/1186 2135/1903/968 2137/1903/1189
f 2136/1903/868 2144/2039/1190 2141/1904/871
f 2139/1903/1187 2143/1904/1191 2144/2039/1190
f 2143/1904/1191 2137/1903/1189 2142/2040/1192
f 2142/2040/1192 2135/1903/968 2140/1904/974
f 2141/1904/871 2149/2041/1193 2146/1905/872
f 2144/2039/1190 2148/1905/1194 2149/2041/1193
f 2143/1904/1191 2147/1905/1195 2148/1905/1194
f 2142/2040/1192 2145/1905/980 2147/1905/1195
f 2151/1909/877 2149/2041/1193 2154/1909/1196
f 2149/2041/1193 2153/2042/1197 2154/1909/1196
f 2148/1905/1194 2152/1909/1198 2153/2042/1197
f 2152/1909/1198 2145/1905/980 2150/1909/977
f 2000/1910/880 2154/1909/1196 2002/2043/1105
f 2002/2043/1105 2153/2042/1197 2003/2044/1199
f 2153/2042/1197 2004/2045/1107 2003/2044/1199
f 2152/1909/1198 2001/1910/900 2004/2045/1107
f 2156/1875/901 2162/2046/1200 2159/2047/1201
f 2159/2047/1201 2163/2048/1202 2158/2049/1203
f 2158/2050/1203 2164/2051/1204 2157/2052/1205
f 2157/2052/1205 2161/2053/1206 2155/2054/1207
f 2156/1875/901 2169/2055/1208 2166/1978/972
f 2159/2056/1201 2168/2057/1209 2169/2055/1208
f 2158/2058/1203 2167/2059/1210 2168/2060/1209
f 2167/2059/1210 2155/2054/1207 2165/1982/993
f 2166/1874/972 2174/2061/1211 2171/1985/998
f 2169/2062/1208 2173/2063/1212 2174/2061/1211
f 2168/2064/1209 2172/2065/1213 2173/2066/1212
f 2167/2059/1210 2170/2067/1214 2172/2065/1213
f 2171/1877/998 2179/2068/1215 2176/1878/984
f 2174/2069/1211 2178/2070/1216 2179/2068/1215
f 2173/2071/1212 2177/2072/1217 2178/2073/1216
f 2172/2065/1213 2175/2074/1218 2177/2072/1217
f 2181/1979/989 2179/2075/1215 2184/2076/1219
f 2179/2075/1215 2183/2077/1220 2184/2076/1219
f 2183/2078/1220 2177/2072/1217 2182/2079/1221
f 2182/2079/1221 2175/2074/1218 2180/2080/1222
f 2186/1984/996 2184/2081/1219 2189/2082/1223
f 2184/2081/1219 2188/2083/1224 2189/2082/1223
f 2188/2084/1224 2182/2079/1221 2187/2085/1225
f 2182/2079/1221 2185/2086/1226 2187/2085/1225
f 2191/1881/1001 2189/2087/1223 2194/2088/1227
f 2194/2088/1227 2188/2089/1224 2193/2090/1228
f 2193/2091/1228 2187/2085/1225 2192/2092/1229
f 2192/2092/1229 2185/2086/1226 2190/2093/1230
f 2196/1882/1005 2194/2094/1227 2199/2095/1231
f 2194/2094/1227 2198/2096/1232 2199/2095/1231
f 2198/2097/1232 2192/2092/1229 2197/2098/1233
f 2197/2098/1233 2190/2093/1230 2195/2099/1234
f 2201/1883/883 2199/2100/1231 2204/2101/1235
f 2199/2100/1231 2203/2102/1236 2204/2101/1235
f 2203/2103/1236 2197/2098/1233 2202/2104/1237
f 2202/2104/1237 2195/2099/1234 2200/2105/1238
f 2201/1883/883 2209/2106/1239 2206/1884/949
f 2204/2107/1235 2208/2108/1240 2209/2106/1239
f 2203/2109/1236 2207/2110/1241 2208/2111/1240
f 2202/2104/1237 2205/1981/992 2207/2110/1241
f 2206/1884/949 2214/2112/1242 2211/1976/953
f 2209/2113/1239 2213/2114/1243 2214/2112/1242
f 2208/2115/1240 2212/2116/1244 2213/2117/1243
f 2207/2110/1241 2210/2118/1245 2212/2116/1244
f 2211/1885/953 2219/2119/1246 2216/1886/957
f 2214/2120/1242 2218/2121/1247 2219/2119/1246
f 2213/2122/1243 2217/2123/1248 2218/2124/1247
f 2212/2116/1244 2215/2125/1249 2217/2123/1248
f 2221/1887/961 2219/2126/1246 2224/2127/1250
f 2219/2126/1246 2223/2128/1251 2224/2127/1250
f 2223/2129/1251 2217/2123/1248 2222/2130/1252
f 2222/2130/1252 2215/2125/1249 2220/2131/1253
f 2221/1887/961 2229/2132/1254 2226/1888/965
f 2224/2133/1250 2228/2134/1255 2229/2132/1254
f 2228/2135/1255 2222/2130/1252 2227/2136/1256
f 2227/2136/1256 2220/2131/1253 2225/2137/1257
f 2226/1888/965 2234/2138/1258 2231/1889/969
f 2229/2139/1254 2233/2140/1259 2234/2138/1258
f 2228/2141/1255 2232/2142/1260 2233/2143/1259
f 2227/2136/1256 2230/2144/1261 2232/2142/1260
f 2231/1889/969 2239/2145/1262 2236/1890/975
f 2234/2146/1258 2238/2147/1263 2239/2145/1262
f 2233/2148/1259 2237/2149/1264 2238/2150/1263
f 2232/2142/1260 2235/2151/1265 2237/2149/1264
f 2241/1891/981 2239/2152/1262 2244/2153/1266
f 2244/2153/1266 2238/2154/1263 2243/2155/1267
f 2238/2156/1263 2242/2157/1268 2243/2158/1267
f 2237/2149/1264 2240/2159/1269 2242/2157/1268
f 2241/1891/981 2249/2160/1270 2246/1893/987
f 2244/2161/1266 2248/2162/1271 2249/2160/1270
f 2243/2163/1267 2247/2164/1272 2248/2165/1271
f 2242/2157/1268 2245/1980/991 2247/2164/1272
f 2246/1893/987 2254/2166/1273 2251/1983/994
f 2249/2167/1270 2253/2168/1274 2254/2166/1273
f 2248/2169/1271 2252/2170/1275 2253/2171/1274
f 2247/2164/1272 2250/2172/1276 2252/2170/1275
f 2251/1894/994 2259/2173/1277 2256/1986/999
f 2254/2174/1273 2258/2175/1278 2259/2173/1277
f 2253/2176/1274 2257/2177/1279 2258/2178/1278
f 2252/2170/1275 2255/2179/1280 2257/2177/1279
f 2261/1896/1003 2259/2180/1277 2264/2181/1281
f 2259/2180/1277 2263/2182/1282 2264/2181/1281
f 2263/2183/1282 2257/2177/1279 2262/2184/1283
f 2262/2184/1283 2255/2179/1280 2260/2185/1284
f 2261/1896/1003 2269/2186/1285 2266/1897/1006
f 2264/2187/1281 2268/2188/1286 2269/2186/1285
f 2268/2189/1286 2262/2184/1283 2267/2190/1287
f 2267/2190/1287 2260/2185/1284 2265/2191/1288
f 2266/1897/1006 2274/2192/1289 2271/1898/947
f 2269/2193/1285 2273/2194/1290 2274/2192/1289
f 2273/2195/1290 2267/2190/1287 2272/2196/1291
f 2272/2196/1291 2265/2191/1288 2270/2197/1292
f 2271/1898/947 2279/2198/1293 2276/1899/951
f 2274/2199/1289 2278/2200/1294 2279/2198/1293
f 2273/2201/1290 2277/2202/1295 2278/2203/1294
f 2272/2196/1291 2275/2204/1296 2277/2202/1295
f 2276/1899/951 2284/2205/1297 2281/1900/956
f 2279/2206/1293 2283/2207/1298 2284/2205/1297
f 2278/2208/1294 2282/2209/1299 2283/2210/1298
f 2277/2202/1295 2280/2211/1300 2282/2209/1299
f 2281/1900/956 2289/2212/1301 2286/1901/960
f 2284/2213/1297 2288/2214/1302 2289/2212/1301
f 2283/2215/1298 2287/2216/1303 2288/2217/1302
f 2282/2209/1299 2285/2218/1304 2287/2216/1303
f 2286/1901/960 2294/2219/1305 2291/1902/963
f 2289/2220/1301 2293/2221/1306 2294/2219/1305
f 2288/2222/1302 2292/2223/1307 2293/2224/1306
f 2287/2216/1303 2290/2225/1308 2292/2223/1307
f 2291/1902/963 2299/2226/1309 2296/1903/967
f 2294/2227/1305 2298/2228/1310 2299/2226/1309
f 2293/2229/1306 2297/2230/1311 2298/2231/1310
f 2292/2223/1307 2295/2232/1312 2297/2230/1311
f 2301/1904/973 2299/2233/1309 2304/2234/1313
f 2299/2233/1309 2303/2235/1314 2304/2234/1313
f 2303/2236/1314 2297/2230/1311 2302/2237/1315
f 2302/2237/1315 2295/2232/1312 2300/2238/1316
f 2301/1904/973 2309/2239/1317 2306/1905/979
f 2304/2240/1313 2308/2241/1318 2309/2239/1317
f 2308/2242/1318 2302/2237/1315 2307/2243/1319
f 2307/2243/1319 2300/2238/1316 2305/2244/1320
f 2311/1909/986 2309/2245/1317 2314/2246/1321
f 2309/2245/1317 2313/2247/1322 2314/2246/1321
f 2313/2248/1322 2307/2243/1319 2312/2249/1323
f 2312/2249/1323 2305/2244/1320 2310/2250/1324
f 2311/1909/986 2162/2251/1200 2160/1910/978
f 2314/2252/1321 2163/2253/1202 2162/2251/1200
f 2163/2254/1202 2312/2249/1323 2164/2051/1204
f 2164/2051/1204 2310/2250/1324 2161/2053/1206
f 1836/1929/879 1996/1875/816 1840/1875/1012
f 1991/1871/812 1835/2031/915 1803/1872/813
f 1845/1874/815 1840/1875/1012 1996/1875/816
f 1850/1877/818 1845/1874/815 2006/1874/817
f 1850/1877/818 2011/1877/819 2016/1878/820
f 1860/1879/822 1855/1878/821 2016/1878/820
f 1860/1879/822 2021/1879/823 2026/1880/824
f 1865/1880/825 2026/1880/824 2031/1881/826
f 1875/1882/828 1870/1881/827 2031/1881/826
f 1875/1882/828 2036/1882/829 2041/1883/830
f 1880/1883/831 2041/1883/830 2046/1884/832
f 1890/1885/834 1885/1884/833 2046/1884/832
f 1890/1885/834 2051/1885/835 2056/1886/836
f 1900/1887/838 1895/1886/837 2056/1886/836
f 1900/1887/838 2061/1887/839 2066/1888/840
f 1905/1888/841 2066/1888/840 2071/1889/842
f 1910/1889/843 2071/1889/842 2076/1890/844
f 1915/1890/845 2076/1890/844 2081/1891/846
f 1920/1891/847 2081/1891/846 2086/1892/848
f 1930/1894/850 1925/1893/849 2086/1893/848
f 1930/1894/850 2091/1894/851 2096/1895/852
f 1940/1896/854 1935/1895/853 2096/1895/852
f 1940/1896/854 2101/1896/855 2106/1897/856
f 1945/1897/857 2106/1897/856 2111/1898/858
f 1950/1898/859 2111/1898/858 2116/1899/860
f 1955/1899/861 2116/1899/860 2121/1900/862
f 1960/1900/863 2121/1900/862 2126/1901/864
f 1970/1902/866 1965/1901/865 2126/1901/864
f 1970/1902/866 2131/1902/867 2136/1903/868
f 1980/1904/870 1975/1903/869 2136/1903/868
f 1980/1904/870 2141/1904/871 2146/1905/872
f 1876/1906/874 1881/1930/903 1812/1907/875
f 1985/1905/873 2146/1905/872 2151/1909/877
f 1836/1910/879 1990/1909/878 2151/1909/877
f 1834/1913/881 1803/2255/881 1804/2256/881
f 1804/2256/881 1805/2257/881 1806/2258/881
f 1806/2258/881 1807/2259/881 1808/2260/881
f 1808/2260/881 1809/2261/881 1810/2262/881
f 1810/2262/881 1811/2263/881 1812/2264/881
f 1812/2264/881 1813/2265/881 1814/2266/881
f 1814/2266/881 1815/2267/881 1816/2268/881
f 1816/2268/881 1817/2269/881 1818/1911/881
f 1818/1911/881 1819/2270/881 1820/2271/881
f 1820/2271/881 1821/2272/881 1822/2273/881
f 1822/2273/881 1823/2274/881 1824/2275/881
f 1824/2275/881 1825/2276/881 1826/1912/881
f 1826/1912/881 1827/2277/881 1828/2278/881
f 1828/2278/881 1829/2279/881 1830/2280/881
f 1830/2280/881 1831/2281/881 1832/2282/881
f 1832/2282/881 1833/2283/881 1834/1913/881
f 1834/1913/881 1804/2256/881 1806/2258/881
f 1806/2258/881 1808/2260/881 1810/2262/881
f 1810/2262/881 1812/2264/881 1814/2266/881
f 1814/2266/881 1816/2268/881 1818/1911/881
f 1818/1911/881 1820/2271/881 1822/2273/881
f 1822/2273/881 1824/2275/881 1826/1912/881
f 1826/1912/881 1828/2278/881 1830/2280/881
f 1830/2280/881 1832/2282/881 1834/1913/881
f 1834/1913/881 1806/2258/881 1810/2262/881
f 1810/2262/881 1814/2266/881 1818/1911/881
f 1818/1911/881 1822/2273/881 1826/1912/881
f 1826/1912/881 1830/2280/881 1834/1913/881
f 1834/1913/881 1810/2262/881 1818/1911/881
f 2035/1882/882 2196/1882/1005 2201/1883/883
f 1921/1914/885 1926/1932/905 1821/1915/886
f 1966/1917/888 1971/1934/907 1830/1918/889
f 1856/1920/891 1861/1995/909 1808/1921/892
f 1901/1923/894 1906/1938/911 1817/1924/895
f 1946/1926/897 1951/1940/913 1826/1927/898
f 2001/1929/900 2160/1929/978 2156/1875/901
f 1881/1930/903 1886/1947/919 1813/1931/904
f 1926/1932/905 1931/1949/921 1822/1933/906
f 1971/1934/907 1976/1951/923 1831/1935/908
f 1861/1936/909 1866/1953/925 1809/1937/910
f 1906/1938/911 1911/1955/927 1818/1939/912
f 1951/1940/913 1956/1957/929 1827/1941/914
f 1835/1942/915 1841/1945/917 1804/1943/916
f 1841/1945/917 1846/1959/931 1805/1946/918
f 1886/1947/919 1891/1961/933 1814/1948/920
f 1931/1949/921 1936/1963/935 1823/1950/922
f 1976/1951/923 1981/1965/937 1832/1952/924
f 1866/1953/925 1871/1967/939 1810/1954/926
f 1911/1955/927 1916/1968/940 1819/1956/928
f 1956/1957/929 1961/1969/941 1828/1958/930
f 1846/1959/931 1851/1970/942 1806/1960/932
f 1891/1961/933 1896/1971/943 1815/1962/934
f 1936/1963/935 1941/1972/944 1824/1964/936
f 1981/1965/937 1986/1973/945 1833/1966/938
f 1871/1967/939 1876/1906/874 1811/1908/876
f 1916/1968/940 1921/1914/885 1820/1916/887
f 1961/1969/941 1966/1917/888 1829/1919/890
f 1851/1970/942 1856/1992/891 1807/1922/893
f 1896/1971/943 1901/1923/894 1816/1925/896
f 1941/1972/944 1946/1926/897 1825/1928/899
f 1986/1973/945 1991/1871/812 1834/1873/814
f 2105/1974/946 2266/1897/1006 2271/1898/947
f 2040/1975/884 2201/1883/883 2206/1884/949
f 2110/1898/948 2271/1898/947 2276/1899/951
f 2045/1884/950 2206/1884/949 2211/1976/953
f 2120/1900/955 2115/1899/952 2276/1899/951
f 2050/1885/954 2211/1885/953 2216/1886/957
f 2125/1901/959 2120/1900/955 2281/1900/956
f 2055/1977/958 2216/1886/957 2221/1887/961
f 2125/1901/959 2286/1901/960 2291/1902/963
f 2060/1887/962 2221/1887/961 2226/1888/965
f 2130/1902/964 2291/1902/963 2296/1903/967
f 2065/1888/966 2226/1888/965 2231/1889/969
f 2005/1874/971 1995/1875/902 2156/1875/901
f 2135/1903/968 2296/1903/967 2301/1904/973
f 2070/1889/970 2231/1889/969 2236/1890/975
f 2150/1909/977 2311/1909/986 2160/1910/978
f 2140/1904/974 2301/1904/973 2306/1905/979
f 2075/1890/976 2236/1890/975 2241/1891/981
f 2010/1877/983 2171/1877/998 2176/1878/984
f 2145/1905/980 2306/1905/979 2311/1909/986
f 2080/1891/982 2241/1891/981 2246/1893/987
f 2015/1878/985 2176/1878/984 2181/1979/989
f 2165/1982/993 2155/2054/1207 2161/2053/1206
f 2161/2053/1206 2310/2250/1324 2305/2244/1320
f 2305/2244/1320 2300/2238/1316 2295/2232/1312
f 2295/2232/1312 2290/2225/1308 2285/2218/1304
f 2285/2218/1304 2280/2211/1300 2275/2204/1296
f 2275/2204/1296 2270/2197/1292 2265/2191/1288
f 2265/2191/1288 2260/2185/1284 2255/2179/1280
f 2255/2179/1280 2250/2172/1276 2245/1980/991
f 2245/1980/991 2240/2159/1269 2235/2151/1265
f 2235/2151/1265 2230/2144/1261 2225/2137/1257
f 2225/2137/1257 2220/2131/1253 2215/2125/1249
f 2215/2125/1249 2210/2118/1245 2205/1981/992
f 2205/1981/992 2200/2105/1238 2195/2099/1234
f 2195/2099/1234 2190/2093/1230 2185/2086/1226
f 2185/2086/1226 2180/2080/1222 2175/2074/1218
f 2175/2074/1218 2170/2067/1214 2165/1982/993
f 2165/1982/993 2161/2053/1206 2305/2244/1320
f 2305/2244/1320 2295/2232/1312 2285/2218/1304
f 2285/2218/1304 2275/2204/1296 2265/2191/1288
f 2265/2191/1288 2255/2179/1280 2245/1980/991
f 2245/1980/991 2235/2151/1265 2225/2137/1257
f 2225/2137/1257 2215/2125/1249 2205/1981/992
f 2205/1981/992 2195/2099/1234 2185/2086/1226
f 2185/2086/1226 2175/2074/1218 2165/1982/993
f 2165/1982/993 2305/2244/1320 2285/2218/1304
f 2285/2218/1304 2265/2191/1288 2245/1980/991
f 2245/1980/991 2225/2137/1257 2205/1981/992
f 2205/1981/992 2185/2086/1226 2165/1982/993
f 2165/1982/993 2285/2218/1304 2245/1980/991
f 2085/1893/988 2246/1893/987 2251/1983/994
f 2020/1879/990 2181/1879/989 2186/1984/996
f 2005/1874/971 2166/1874/972 2171/1985/998
f 2090/1894/995 2251/1894/994 2256/1986/999
f 2025/1880/997 2186/1880/996 2191/1881/1001
f 2095/1895/1000 2256/1895/999 2261/1896/1003
f 2030/1881/1002 2191/1881/1001 2196/1882/1005
f 2100/1896/1004 2261/1896/1003 2266/1897/1006
f 1835/1942/915 1837/1988/1008 1844/1987/1007
f 1837/1988/1008 1838/1929/1010 1843/1875/1009
f 1838/1929/1010 1839/2284/1103 1842/1875/1011
f 1842/1875/1011 1839/2284/1103 1836/1929/879
f 1841/1945/917 1844/1987/1007 1849/1989/1013
f 1849/1989/1013 1844/1987/1007 1843/1875/1009
f 1848/1874/1014 1843/1875/1009 1842/1875/1011
f 1842/1875/1011 1840/1875/1012 1845/1874/815
f 1846/1959/931 1849/1989/1013 1854/1990/1016
f 1849/1989/1013 1848/1874/1014 1853/1877/1017
f 1853/1877/1017 1848/1874/1014 1847/1874/1015
f 1852/1877/1018 1847/1874/1015 1845/1874/815
f 1851/1970/942 1854/1990/1016 1859/1991/1019
f 1854/1990/1016 1853/1877/1017 1858/1878/1020
f 1858/1878/1020 1853/1877/1017 1852/1877/1018
f 1852/1877/1018 1850/1877/818 1855/1878/821
f 1856/1920/891 1859/1991/1019 1864/1994/1022
f 1859/1991/1019 1858/1878/1020 1863/1879/1023
f 1858/1878/1020 1857/1993/1021 1862/1879/1024
f 1857/1993/1021 1855/1878/821 1860/1879/822
f 1861/1936/909 1864/1994/1022 1869/1996/1025
f 1864/1994/1022 1863/1879/1023 1868/1880/1026
f 1863/1879/1023 1862/1879/1024 1867/1984/1027
f 1862/1879/1024 1860/1879/822 1865/1880/825
f 1866/1953/925 1869/1996/1025 1874/1997/1028
f 1874/1997/1028 1869/1996/1025 1868/1880/1026
f 1868/1880/1026 1867/1984/1027 1872/1881/1030
f 1867/1984/1027 1865/1880/825 1870/1881/827
f 1871/1967/939 1874/1997/1028 1879/1998/1031
f 1879/1998/1031 1874/1997/1028 1873/1881/1029
f 1878/1882/1032 1873/1881/1029 1872/1881/1030
f 1872/1881/1030 1870/1881/827 1875/1882/828
f 1876/1906/874 1879/1998/1031 1884/1999/1034
f 1879/1998/1031 1878/1882/1032 1883/1883/1035
f 1878/1882/1032 1877/1882/1033 1882/2000/1036
f 1882/2000/1036 1877/1882/1033 1875/1882/828
f 1881/1930/903 1884/1999/1034 1889/2001/1037
f 1889/2001/1037 1884/1999/1034 1883/1883/1035
f 1888/1884/1038 1883/1883/1035 1882/2000/1036
f 1882/2000/1036 1880/1883/831 1885/1884/833
f 1886/1947/919 1889/2001/1037 1894/2003/1040
f 1889/2001/1037 1888/1884/1038 1893/1885/1041
f 1893/1885/1041 1888/1884/1038 1887/2002/1039
f 1892/1885/1042 1887/2002/1039 1885/1884/833
f 1891/1961/933 1894/2003/1040 1899/2004/1043
f 1894/2003/1040 1893/1885/1041 1898/1886/1044
f 1898/1886/1044 1893/1885/1041 1892/1885/1042
f 1892/1885/1042 1890/1885/834 1895/1886/837
f 1896/1971/943 1899/2004/1043 1904/2006/1046
f 1899/2004/1043 1898/1886/1044 1903/1887/1047
f 1898/1886/1044 1897/2005/1045 1902/1887/1048
f 1897/2005/1045 1895/1886/837 1900/1887/838
f 1901/1923/894 1904/2006/1046 1909/2007/1049
f 1904/2006/1046 1903/1887/1047 1908/1888/1050
f 1903/1887/1047 1902/1887/1048 1907/1888/1051
f 1902/1887/1048 1900/1887/838 1905/1888/841
f 1906/1938/911 1909/2007/1049 1914/2008/1052
f 1914/2008/1052 1909/2007/1049 1908/1888/1050
f 1908/1888/1050 1907/1888/1051 1912/1889/1054
f 1907/1888/1051 1905/1888/841 1910/1889/843
f 1911/1955/927 1914/2008/1052 1919/2009/1055
f 1919/2009/1055 1914/2008/1052 1913/1889/1053
f 1918/1890/1056 1913/1889/1053 1912/1889/1054
f 1912/1889/1054 1910/1889/843 1915/1890/845
f 1916/1968/940 1919/2009/1055 1924/2010/1058
f 1919/2009/1055 1918/1890/1056 1923/1891/1059
f 1918/1890/1056 1917/1890/1057 1922/1891/1060
f 1917/1890/1057 1915/1890/845 1920/1891/847
f 1921/1914/885 1924/2010/1058 1929/2011/1061
f 1929/2011/1061 1924/2010/1058 1923/1891/1059
f 1928/1893/1062 1923/1891/1059 1922/1891/1060
f 1922/1891/1060 1920/1891/847 1925/1893/849
f 1926/1932/905 1929/2011/1061 1934/2012/1064
f 1929/2011/1061 1928/1893/1062 1933/1894/1065
f 1933/1894/1065 1928/1893/1062 1927/1893/1063
f 1932/1894/1066 1927/1893/1063 1925/1893/849
f 1931/1949/921 1934/2012/1064 1939/2013/1067
f 1934/2012/1064 1933/1894/1065 1938/1895/1068
f 1938/1895/1068 1933/1894/1065 1932/1894/1066
f 1932/1894/1066 1930/1894/850 1935/1895/853
f 1936/1963/935 1939/2013/1067 1944/2015/1070
f 1939/2013/1067 1938/1895/1068 1943/1896/1071
f 1938/1895/1068 1937/2014/1069 1942/1896/1072
f 1937/2014/1069 1935/1895/853 1940/1896/854
f 1941/1972/944 1944/2015/1070 1949/2016/1073
f 1944/2015/1070 1943/1896/1071 1948/1897/1074
f 1943/1896/1071 1942/1896/1072 1947/1897/1075
f 1942/1896/1072 1940/1896/854 1945/1897/857
f 1946/1926/897 1949/2016/1073 1954/2017/1076
f 1954/2017/1076 1949/2016/1073 1948/1897/1074
f 1948/1897/1074 1947/1897/1075 1952/2018/1078
f 1947/1897/1075 1945/1897/857 1950/1898/859
f 1951/1940/913 1954/2017/1076 1959/2019/1079
f 1959/2019/1079 1954/2017/1076 1953/1898/1077
f 1958/1899/1080 1953/1898/1077 1952/2018/1078
f 1952/2018/1078 1950/1898/859 1955/1899/861
f 1956/1957/929 1959/2019/1079 1964/2021/1082
f 1959/2019/1079 1958/1899/1080 1963/1900/1083
f 1958/1899/1080 1957/2020/1081 1962/1900/1084
f 1962/1900/1084 1957/2020/1081 1955/1899/861
f 1961/1969/941 1964/2021/1082 1969/2022/1085
f 1969/2022/1085 1964/2021/1082 1963/1900/1083
f 1968/1901/1086 1963/1900/1083 1962/1900/1084
f 1962/1900/1084 1960/1900/863 1965/1901/865
f 1966/1917/888 1969/2022/1085 1974/2023/1088
f 1969/2022/1085 1968/1901/1086 1973/1902/1089
f 1973/1902/1089 1968/1901/1086 1967/1901/1087
f 1972/1902/1090 1967/1901/1087 1965/1901/865
f 1971/1934/907 1974/2023/1088 1979/2024/1091
f 1974/2023/1088 1973/1902/1089 1978/1903/1092
f 1978/1903/1092 1973/1902/1089 1972/1902/1090
f 1972/1902/1090 1970/1902/866 1975/1903/869
f 1976/1951/923 1979/2024/1091 1984/2026/1094
f 1979/2024/1091 1978/1903/1092 1983/1904/1095
f 1978/1903/1092 1977/2025/1093 1982/2027/1096
f 1977/2025/1093 1975/1903/869 1980/1904/870
f 1981/1965/937 1984/2026/1094 1989/2028/1097
f 1984/2026/1094 1983/1904/1095 1988/1905/1098
f 1983/1904/1095 1982/2027/1096 1987/1905/1099
f 1982/2027/1096 1980/1904/870 1985/1905/873
f 1986/1973/945 1989/2028/1097 1994/2029/1100
f 1994/2029/1100 1989/2028/1097 1988/1905/1098
f 1988/1905/1098 1987/1905/1099 1992/1909/1102
f 1987/1905/1099 1985/1905/873 1990/1909/878
f 1991/1871/812 1994/2029/1100 1837/2030/1008
f 1837/2030/1008 1994/2029/1100 1993/1909/1101
f 1838/1910/1010 1993/1909/1101 1992/1909/1102
f 1992/1909/1102 1990/1909/878 1836/1910/879
f 2000/1929/880 2002/2033/1105 1999/1875/1104
f 2002/2033/1105 2003/2285/1199 1998/1875/1106
f 1998/1875/1106 2003/2285/1199 2004/2034/1107
f 1997/1875/1108 2004/2034/1107 2001/1929/900
f 1996/1875/816 1999/1875/1104 2009/1978/1109
f 1999/1875/1104 1998/1875/1106 2008/1874/1110
f 1998/1875/1106 1997/1875/1108 2007/1874/1111
f 2007/1874/1111 1997/1875/1108 1995/1875/902
f 2006/1874/817 2009/1978/1109 2014/1877/1112
f 2009/1978/1109 2008/1874/1110 2013/1877/1113
f 2008/1874/1110 2007/1874/1111 2012/1877/1114
f 2012/1877/1114 2007/1874/1111 2005/1874/971
f 2016/1878/820 2011/1877/819 2014/1877/1112
f 2014/1877/1112 2013/1877/1113 2018/1878/1116
f 2018/1878/1116 2013/1877/1113 2012/1877/1114
f 2012/1877/1114 2010/1877/983 2015/1878/985
f 2016/1878/820 2019/1878/1115 2024/1979/1118
f 2019/1878/1115 2018/1878/1116 2023/1879/1119
f 2023/1879/1119 2018/1878/1116 2017/1878/1117
f 2022/1879/1120 2017/1878/1117 2015/1878/985
f 2021/1879/823 2024/1979/1118 2029/1880/1121
f 2029/1880/1121 2024/1979/1118 2023/1879/1119
f 2023/1879/1119 2022/1879/1120 2027/1880/1123
f 2022/1879/1120 2020/1879/990 2025/1880/997
f 2031/1881/826 2026/1880/824 2029/1880/1121
f 2029/1880/1121 2028/1880/1122 2033/1881/1125
f 2028/1880/1122 2027/1880/1123 2032/2035/1126
f 2027/1880/1123 2025/1880/997 2030/1881/1002
f 2031/1881/826 2034/1881/1124 2039/1882/1127
f 2034/1881/1124 2033/1881/1125 2038/1882/1128
f 2033/1881/1125 2032/2035/1126 2037/1882/1129
f 2032/2035/1126 2030/1881/1002 2035/1882/882
f 2036/1882/829 2039/1882/1127 2044/1883/1130
f 2044/1883/1130 2039/1882/1127 2038/1882/1128
f 2038/1882/1128 2037/1882/1129 2042/1883/1132
f 2042/1883/1132 2037/1882/1129 2035/1882/882
f 2041/1883/830 2044/1883/1130 2049/1884/1133
f 2049/1884/1133 2044/1883/1130 2043/1883/1131
f 2043/1883/1131 2042/1883/1132 2047/1884/1135
f 2042/1883/1132 2040/1975/884 2045/1884/950
f 2046/1884/832 2049/1884/1133 2054/1885/1136
f 2054/1885/1136 2049/1884/1133 2048/1884/1134
f 2048/1884/1134 2047/1884/1135 2052/1885/1138
f 2052/1885/1138 2047/1884/1135 2045/1884/950
f 2051/1885/835 2054/1885/1136 2059/1977/1139
f 2054/1885/1136 2053/1885/1137 2058/1886/1140
f 2053/1885/1137 2052/1885/1138 2057/1886/1141
f 2052/1885/1138 2050/1885/954 2055/1886/958
f 2056/1886/836 2059/1977/1139 2064/1887/1142
f 2059/1977/1139 2058/1886/1140 2063/1887/1143
f 2063/1887/1143 2058/1886/1140 2057/1886/1141
f 2062/1887/1144 2057/1886/1141 2055/1977/958
f 2061/1887/839 2064/1887/1142 2069/1888/1145
f 2064/1887/1142 2063/1887/1143 2068/1888/1146
f 2063/1887/1143 2062/1887/1144 2067/1888/1147
f 2062/1887/1144 2060/1887/962 2065/1888/966
f 2071/1889/842 2066/1888/840 2069/1888/1145
f 2069/1888/1145 2068/1888/1146 2073/1889/1149
f 2073/1889/1149 2068/1888/1146 2067/1888/1147
f 2067/1888/1147 2065/1888/966 2070/1889/970
f 2071/1889/842 2074/1889/1148 2079/1890/1151
f 2074/1889/1148 2073/1889/1149 2078/1890/1152
f 2073/1889/1149 2072/1889/1150 2077/1890/1153
f 2072/1889/1150 2070/1889/970 2075/1890/976
f 2076/1890/844 2079/1890/1151 2084/1891/1154
f 2079/1890/1151 2078/1890/1152 2083/1891/1155
f 2078/1890/1152 2077/1890/1153 2082/1891/1156
f 2082/1891/1156 2077/1890/1153 2075/1890/976
f 2081/1891/846 2084/1891/1154 2089/1893/1157
f 2089/1893/1157 2084/1891/1154 2083/1891/1155
f 2083/1891/1155 2082/1891/1156 2087/1893/1159
f 2082/1891/1156 2080/1891/982 2085/1893/988
f 2086/1893/848 2089/1893/1157 2094/1894/1160
f 2094/1894/1160 2089/1893/1157 2088/1893/1158
f 2088/1893/1158 2087/1893/1159 2092/1894/1162
f 2092/1894/1162 2087/1893/1159 2085/1893/988
f 2091/1894/851 2094/1894/1160 2099/1895/1163
f 2094/1894/1160 2093/1894/1161 2098/1895/1164
f 2093/1894/1161 2092/1894/1162 2097/1986/1165
f 2092/1894/1162 2090/1894/995 2095/1895/1000
f 2096/1895/852 2099/1895/1163 2104/2036/1166
f 2099/1895/1163 2098/1895/1164 2103/1896/1167
f 2103/1896/1167 2098/1895/1164 2097/1986/1165
f 2102/2037/1168 2097/1986/1165 2095/1895/1000
f 2101/1896/855 2104/2036/1166 2109/1897/1169
f 2104/2036/1166 2103/1896/1167 2108/1897/1170
f 2103/1896/1167 2102/2037/1168 2107/1897/1171
f 2102/2037/1168 2100/1896/1004 2105/1897/946
f 2111/1898/858 2106/1897/856 2109/1897/1169
f 2109/1897/1169 2108/1897/1170 2113/1898/1173
f 2108/1897/1170 2107/1897/1171 2112/1898/1174
f 2112/1898/1174 2107/1897/1171 2105/1974/946
f 2111/1898/858 2114/1898/1172 2119/1899/1175
f 2114/1898/1172 2113/1898/1173 2118/1899/1176
f 2113/1898/1173 2112/1898/1174 2117/1899/1177
f 2112/1898/1174 2110/1898/948 2115/1899/952
f 2116/1899/860 2119/1899/1175 2124/1900/1178
f 2119/1899/1175 2118/1899/1176 2123/1900/1179
f 2118/1899/1176 2117/1899/1177 2122/1900/1180
f 2117/1899/1177 2115/1899/952 2120/1900/955
f 2121/1900/862 2124/1900/1178 2129/2038/1181
f 2129/2038/1181 2124/1900/1178 2123/1900/1179
f 2123/1900/1179 2122/1900/1180 2127/1901/1183
f 2127/1901/1183 2122/1900/1180 2120/1900/955
f 2126/1901/864 2129/2038/1181 2134/1902/1184
f 2134/1902/1184 2129/2038/1181 2128/1901/1182
f 2128/1901/1182 2127/1901/1183 2132/1902/1186
f 2132/1902/1186 2127/1901/1183 2125/1901/959
f 2131/1902/867 2134/1902/1184 2139/1903/1187
f 2134/1902/1184 2133/1902/1185 2138/1903/1188
f 2133/1902/1185 2132/1902/1186 2137/1903/1189
f 2132/1902/1186 2130/1902/964 2135/1903/968
f 2136/1903/868 2139/1903/1187 2144/2039/1190
f 2139/1903/1187 2138/1903/1188 2143/1904/1191
f 2143/1904/1191 2138/1903/1188 2137/1903/1189
f 2142/2040/1192 2137/1903/1189 2135/1903/968
f 2141/1904/871 2144/2039/1190 2149/2041/1193
f 2144/2039/1190 2143/1904/1191 2148/1905/1194
f 2143/1904/1191 2142/2040/1192 2147/1905/1195
f 2142/2040/1192 2140/1904/974 2145/1905/980
f 2151/1909/877 2146/1905/872 2149/2041/1193
f 2149/2041/1193 2148/1905/1194 2153/2042/1197
f 2148/1905/1194 2147/1905/1195 2152/1909/1198
f 2152/1909/1198 2147/1905/1195 2145/1905/980
f 2000/1910/880 2151/1909/877 2154/1909/1196
f 2002/2043/1105 2154/1909/1196 2153/2042/1197
f 2153/2042/1197 2152/1909/1198 2004/2045/1107
f 2152/1909/1198 2150/1909/977 2001/1910/900
f 2156/1875/901 2160/1929/978 2162/2046/1200
f 2159/2047/1201 2162/2046/1200 2163/2048/1202
f 2158/2050/1203 2163/2286/1202 2164/2051/1204
f 2157/2052/1205 2164/2051/1204 2161/2053/1206
f 2156/1875/901 2159/2056/1201 2169/2055/1208
f 2159/2056/1201 2158/2287/1203 2168/2057/1209
f 2158/2058/1203 2157/2052/1205 2167/2059/1210
f 2167/2059/1210 2157/2052/1205 2155/2054/1207
f 2166/1874/972 2169/2062/1208 2174/2061/1211
f 2169/2062/1208 2168/2288/1209 2173/2063/1212
f 2168/2064/1209 2167/2059/1210 2172/2065/1213
f 2167/2059/1210 2165/1982/993 2170/2067/1214
f 2171/1877/998 2174/2069/1211 2179/2068/1215
f 2174/2069/1211 2173/2289/1212 2178/2070/1216
f 2173/2071/1212 2172/2065/1213 2177/2072/1217
f 2172/2065/1213 2170/2067/1214 2175/2074/1218
f 2181/1979/989 2176/1878/984 2179/2075/1215
f 2179/2075/1215 2178/2290/1216 2183/2077/1220
f 2183/2078/1220 2178/2291/1216 2177/2072/1217
f 2182/2079/1221 2177/2072/1217 2175/2074/1218
f 2186/1984/996 2181/1879/989 2184/2081/1219
f 2184/2081/1219 2183/2292/1220 2188/2083/1224
f 2188/2084/1224 2183/2293/1220 2182/2079/1221
f 2182/2079/1221 2180/2080/1222 2185/2086/1226
f 2191/1881/1001 2186/1880/996 2189/2087/1223
f 2194/2088/1227 2189/2087/1223 2188/2089/1224
f 2193/2091/1228 2188/2294/1224 2187/2085/1225
f 2192/2092/1229 2187/2085/1225 2185/2086/1226
f 2196/1882/1005 2191/1881/1001 2194/2094/1227
f 2194/2094/1227 2193/2295/1228 2198/2096/1232
f 2198/2097/1232 2193/2296/1228 2192/2092/1229
f 2197/2098/1233 2192/2092/1229 2190/2093/1230
f 2201/1883/883 2196/1882/1005 2199/2100/1231
f 2199/2100/1231 2198/2297/1232 2203/2102/1236
f 2203/2103/1236 2198/2298/1232 2197/2098/1233
f 2202/2104/1237 2197/2098/1233 2195/2099/1234
f 2201/1883/883 2204/2107/1235 2209/2106/1239
f 2204/2107/1235 2203/2299/1236 2208/2108/1240
f 2203/2109/1236 2202/2104/1237 2207/2110/1241
f 2202/2104/1237 2200/2105/1238 2205/1981/992
f 2206/1884/949 2209/2113/1239 2214/2112/1242
f 2209/2113/1239 2208/2300/1240 2213/2114/1243
f 2208/2115/1240 2207/2110/1241 2212/2116/1244
f 2207/2110/1241 2205/1981/992 2210/2118/1245
f 2211/1885/953 2214/2120/1242 2219/2119/1246
f 2214/2120/1242 2213/2301/1243 2218/2121/1247
f 2213/2122/1243 2212/2116/1244 2217/2123/1248
f 2212/2116/1244 2210/2118/1245 2215/2125/1249
f 2221/1887/961 2216/1886/957 2219/2126/1246
f 2219/2126/1246 2218/2302/1247 2223/2128/1251
f 2223/2129/1251 2218/2303/1247 2217/2123/1248
f 2222/2130/1252 2217/2123/1248 2215/2125/1249
f 2221/1887/961 2224/2133/1250 2229/2132/1254
f 2224/2133/1250 2223/2304/1251 2228/2134/1255
f 2228/2135/1255 2223/2305/1251 2222/2130/1252
f 2227/2136/1256 2222/2130/1252 2220/2131/1253
f 2226/1888/965 2229/2139/1254 2234/2138/1258
f 2229/2139/1254 2228/2306/1255 2233/2140/1259
f 2228/2141/1255 2227/2136/1256 2232/2142/1260
f 2227/2136/1256 2225/2137/1257 2230/2144/1261
f 2231/1889/969 2234/2146/1258 2239/2145/1262
f 2234/2146/1258 2233/2307/1259 2238/2147/1263
f 2233/2148/1259 2232/2142/1260 2237/2149/1264
f 2232/2142/1260 2230/2144/1261 2235/2151/1265
f 2241/1891/981 2236/1890/975 2239/2152/1262
f 2244/2153/1266 2239/2152/1262 2238/2154/1263
f 2238/2156/1263 2237/2149/1264 2242/2157/1268
f 2237/2149/1264 2235/2151/1265 2240/2159/1269
f 2241/1891/981 2244/2161/1266 2249/2160/1270
f 2244/2161/1266 2243/2308/1267 2248/2162/1271
f 2243/2163/1267 2242/2157/1268 2247/2164/1272
f 2242/2157/1268 2240/2159/1269 2245/1980/991
f 2246/1893/987 2249/2167/1270 2254/2166/1273
f 2249/2167/1270 2248/2309/1271 2253/2168/1274
f 2248/2169/1271 2247/2164/1272 2252/2170/1275
f 2247/2164/1272 2245/1980/991 2250/2172/1276
f 2251/1894/994 2254/2174/1273 2259/2173/1277
f 2254/2174/1273 2253/2310/1274 2258/2175/1278
f 2253/2176/1274 2252/2170/1275 2257/2177/1279
f 2252/2170/1275 2250/2172/1276 2255/2179/1280
f 2261/1896/1003 2256/1895/999 2259/2180/1277
f 2259/2180/1277 2258/2311/1278 2263/2182/1282
f 2263/2183/1282 2258/2312/1278 2257/2177/1279
f 2262/2184/1283 2257/2177/1279 2255/2179/1280
f 2261/1896/1003 2264/2187/1281 2269/2186/1285
f 2264/2187/1281 2263/2313/1282 2268/2188/1286
f 2268/2189/1286 2263/2314/1282 2262/2184/1283
f 2267/2190/1287 2262/2184/1283 2260/2185/1284
f 2266/1897/1006 2269/2193/1285 2274/2192/1289
f 2269/2193/1285 2268/2315/1286 2273/2194/1290
f 2273/2195/1290 2268/2316/1286 2267/2190/1287
f 2272/2196/1291 2267/2190/1287 2265/2191/1288
f 2271/1898/947 2274/2199/1289 2279/2198/1293
f 2274/2199/1289 2273/2317/1290 2278/2200/1294
f 2273/2201/1290 2272/2196/1291 2277/2202/1295
f 2272/2196/1291 2270/2197/1292 2275/2204/1296
f 2276/1899/951 2279/2206/1293 2284/2205/1297
f 2279/2206/1293 2278/2318/1294 2283/2207/1298
f 2278/2208/1294 2277/2202/1295 2282/2209/1299
f 2277/2202/1295 2275/2204/1296 2280/2211/1300
f 2281/1900/956 2284/2213/1297 2289/2212/1301
f 2284/2213/1297 2283/2319/1298 2288/2214/1302
f 2283/2215/1298 2282/2209/1299 2287/2216/1303
f 2282/2209/1299 2280/2211/1300 2285/2218/1304
f 2286/1901/960 2289/2220/1301 2294/2219/1305
f 2289/2220/1301 2288/2320/1302 2293/2221/1306
f 2288/2222/1302 2287/2216/1303 2292/2223/1307
f 2287/2216/1303 2285/2218/1304 2290/2225/1308
f 2291/1902/963 2294/2227/1305 2299/2226/1309
f 2294/2227/1305 2293/2321/1306 2298/2228/1310
f 2293/2229/1306 2292/2223/1307 2297/2230/1311
f 2292/2223/1307 2290/2225/1308 2295/2232/1312
f 2301/1904/973 2296/1903/967 2299/2233/1309
f 2299/2233/1309 2298/2322/1310 2303/2235/1314
f 2303/2236/1314 2298/2323/1310 2297/2230/1311
f 2302/2237/1315 2297/2230/1311 2295/2232/1312
f 2301/1904/973 2304/2240/1313 2309/2239/1317
f 2304/2240/1313 2303/2324/1314 2308/2241/1318
f 2308/2242/1318 2303/2325/1314 2302/2237/1315
f 2307/2243/1319 2302/2237/1315 2300/2238/1316
f 2311/1909/986 2306/1905/979 2309/2245/1317
f 2309/2245/1317 2308/2326/1318 2313/2247/1322
f 2313/2248/1322 2308/2327/1318 2307/2243/1319
f 2312/2249/1323 2307/2243/1319 2305/2244/1320
f 2311/1909/986 2314/2252/1321 2162/2251/1200
f 2314/2252/1321 2313/2328/1322 2163/2253/1202
f 2163/2254/1202 2313/2329/1322 2312/2249/1323
f 2164/2051/1204 2312/2249/1323 2310/2250/1324
f 1836/1929/879 2000/1929/880 1996/1875/816
